schema_version,run_id,revision,issue_time,turbine_id,valid_time,lead_hours,prediction,target_unit,weather_model,weather_run_time,model_version,training_cutoff,data_quality,warnings
1.0,3a6186ffff1b1dc52a5cf2cd,1,2026-01-31T18:00:00Z,turbine_1,2026-01-31T20:00:00Z,2,0.12214982962482171,normalized_power,gfs_0p25,2026-01-31T12:00:00Z,wind-power-v1,2026-01-31T18:00:00Z,warning,"[""Uncertainty intervals are not calibrated"", ""Unconfirmed: all source labels use fixed UTC+5 and mark the start of a ten-minute mean; reporting delay is zero and normalization remains unresolved."", ""Source-clock and target normalization semantics remain unconfirmed."", ""Weather availability uses archive-object metadata, not original NOAA publication proof."", ""Forecast target is normalized power; no conversion to MW/MWh is justified.""]"
1.0,3a6186ffff1b1dc52a5cf2cd,1,2026-01-31T18:00:00Z,turbine_1,2026-01-31T21:00:00Z,3,0.10117269366903181,normalized_power,gfs_0p25,2026-01-31T12:00:00Z,wind-power-v1,2026-01-31T18:00:00Z,warning,"[""Uncertainty intervals are not calibrated"", ""Unconfirmed: all source labels use fixed UTC+5 and mark the start of a ten-minute mean; reporting delay is zero and normalization remains unresolved."", ""Source-clock and target normalization semantics remain unconfirmed."", ""Weather availability uses archive-object metadata, not original NOAA publication proof."", ""Forecast target is normalized power; no conversion to MW/MWh is justified.""]"
1.0,3a6186ffff1b1dc52a5cf2cd,1,2026-01-31T18:00:00Z,turbine_1,2026-01-31T22:00:00Z,4,0.13427079519660706,normalized_power,gfs_0p25,2026-01-31T12:00:00Z,wind-power-v1,2026-01-31T18:00:00Z,warning,"[""Uncertainty intervals are not calibrated"", ""Unconfirmed: all source labels use fixed UTC+5 and mark the start of a ten-minute mean; reporting delay is zero and normalization remains unresolved."", ""Source-clock and target normalization semantics remain unconfirmed."", ""Weather availability uses archive-object metadata, not original NOAA publication proof."", ""Forecast target is normalized power; no conversion to MW/MWh is justified.""]"
1.0,3a6186ffff1b1dc52a5cf2cd,1,2026-01-31T18:00:00Z,turbine_1,2026-01-31T23:00:00Z,5,0.08214586833306149,normalized_power,gfs_0p25,2026-01-31T12:00:00Z,wind-power-v1,2026-01-31T18:00:00Z,warning,"[""Uncertainty intervals are not calibrated"", ""Unconfirmed: all source labels use fixed UTC+5 and mark the start of a ten-minute mean; reporting delay is zero and normalization remains unresolved."", ""Source-clock and target normalization semantics remain unconfirmed."", ""Weather availability uses archive-object metadata, not original NOAA publication proof."", ""Forecast target is normalized power; no conversion to MW/MWh is justified.""]"
1.0,3a6186ffff1b1dc52a5cf2cd,1,2026-01-31T18:00:00Z,turbine_1,2026-02-01T00:00:00Z,6,0.17861223538906262,normalized_power,gfs_0p25,2026-01-31T12:00:00Z,wind-power-v1,2026-01-31T18:00:00Z,warning,"[""Uncertainty intervals are not calibrated"", ""Unconfirmed: all source labels use fixed UTC+5 and mark the start of a ten-minute mean; reporting delay is zero and normalization remains unresolved."", ""Source-clock and target normalization semantics remain unconfirmed."", ""Weather availability uses archive-object metadata, not original NOAA publication proof."", ""Forecast target is normalized power; no conversion to MW/MWh is justified.""]"
1.0,3a6186ffff1b1dc52a5cf2cd,1,2026-01-31T18:00:00Z,turbine_1,2026-02-01T01:00:00Z,7,0.23185011975040215,normalized_power,gfs_0p25,2026-01-31T12:00:00Z,wind-power-v1,2026-01-31T18:00:00Z,warning,"[""Uncertainty intervals are not calibrated"", ""Unconfirmed: all source labels use fixed UTC+5 and mark the start of a ten-minute mean; reporting delay is zero and normalization remains unresolved."", ""Source-clock and target normalization semantics remain unconfirmed."", ""Weather availability uses archive-object metadata, not original NOAA publication proof."", ""Forecast target is normalized power; no conversion to MW/MWh is justified.""]"
1.0,3a6186ffff1b1dc52a5cf2cd,1,2026-01-31T18:00:00Z,turbine_1,2026-02-01T02:00:00Z,8,0.29608929887439556,normalized_power,gfs_0p25,2026-01-31T12:00:00Z,wind-power-v1,2026-01-31T18:00:00Z,warning,"[""Uncertainty intervals are not calibrated"", ""Unconfirmed: all source labels use fixed UTC+5 and mark the start of a ten-minute mean; reporting delay is zero and normalization remains unresolved."", ""Source-clock and target normalization semantics remain unconfirmed."", ""Weather availability uses archive-object metadata, not original NOAA publication proof."", ""Forecast target is normalized power; no conversion to MW/MWh is justified.""]"
1.0,3a6186ffff1b1dc52a5cf2cd,1,2026-01-31T18:00:00Z,turbine_1,2026-02-01T03:00:00Z,9,0.12307934985753569,normalized_power,gfs_0p25,2026-01-31T12:00:00Z,wind-power-v1,2026-01-31T18:00:00Z,warning,"[""Uncertainty intervals are not calibrated"", ""Unconfirmed: all source labels use fixed UTC+5 and mark the start of a ten-minute mean; reporting delay is zero and normalization remains unresolved."", ""Source-clock and target normalization semantics remain unconfirmed."", ""Weather availability uses archive-object metadata, not original NOAA publication proof."", ""Forecast target is normalized power; no conversion to MW/MWh is justified.""]"
1.0,3a6186ffff1b1dc52a5cf2cd,1,2026-01-31T18:00:00Z,turbine_1,2026-02-01T04:00:00Z,10,0.27728714309966096,normalized_power,gfs_0p25,2026-01-31T12:00:00Z,wind-power-v1,2026-01-31T18:00:00Z,warning,"[""Uncertainty intervals are not calibrated"", ""Unconfirmed: all source labels use fixed UTC+5 and mark the start of a ten-minute mean; reporting delay is zero and normalization remains unresolved."", ""Source-clock and target normalization semantics remain unconfirmed."", ""Weather availability uses archive-object metadata, not original NOAA publication proof."", ""Forecast target is normalized power; no conversion to MW/MWh is justified.""]"
1.0,3a6186ffff1b1dc52a5cf2cd,1,2026-01-31T18:00:00Z,turbine_1,2026-02-01T05:00:00Z,11,0.3713131123426945,normalized_power,gfs_0p25,2026-01-31T12:00:00Z,wind-power-v1,2026-01-31T18:00:00Z,warning,"[""Uncertainty intervals are not calibrated"", ""Unconfirmed: all source labels use fixed UTC+5 and mark the start of a ten-minute mean; reporting delay is zero and normalization remains unresolved."", ""Source-clock and target normalization semantics remain unconfirmed."", ""Weather availability uses archive-object metadata, not original NOAA publication proof."", ""Forecast target is normalized power; no conversion to MW/MWh is justified.""]"
1.0,3a6186ffff1b1dc52a5cf2cd,1,2026-01-31T18:00:00Z,turbine_1,2026-02-01T06:00:00Z,12,0.3282661179172443,normalized_power,gfs_0p25,2026-01-31T12:00:00Z,wind-power-v1,2026-01-31T18:00:00Z,warning,"[""Uncertainty intervals are not calibrated"", ""Unconfirmed: all source labels use fixed UTC+5 and mark the start of a ten-minute mean; reporting delay is zero and normalization remains unresolved."", ""Source-clock and target normalization semantics remain unconfirmed."", ""Weather availability uses archive-object metadata, not original NOAA publication proof."", ""Forecast target is normalized power; no conversion to MW/MWh is justified.""]"
1.0,3a6186ffff1b1dc52a5cf2cd,1,2026-01-31T18:00:00Z,turbine_1,2026-02-01T07:00:00Z,13,0.18729445313591833,normalized_power,gfs_0p25,2026-01-31T12:00:00Z,wind-power-v1,2026-01-31T18:00:00Z,warning,"[""Uncertainty intervals are not calibrated"", ""Unconfirmed: all source labels use fixed UTC+5 and mark the start of a ten-minute mean; reporting delay is zero and normalization remains unresolved."", ""Source-clock and target normalization semantics remain unconfirmed."", ""Weather availability uses archive-object metadata, not original NOAA publication proof."", ""Forecast target is normalized power; no conversion to MW/MWh is justified.""]"
1.0,3a6186ffff1b1dc52a5cf2cd,1,2026-01-31T18:00:00Z,turbine_1,2026-02-01T08:00:00Z,14,0.5464890384798186,normalized_power,gfs_0p25,2026-01-31T12:00:00Z,wind-power-v1,2026-01-31T18:00:00Z,warning,"[""Uncertainty intervals are not calibrated"", ""Unconfirmed: all source labels use fixed UTC+5 and mark the start of a ten-minute mean; reporting delay is zero and normalization remains unresolved."", ""Source-clock and target normalization semantics remain unconfirmed."", ""Weather availability uses archive-object metadata, not original NOAA publication proof."", ""Forecast target is normalized power; no conversion to MW/MWh is justified.""]"
1.0,3a6186ffff1b1dc52a5cf2cd,1,2026-01-31T18:00:00Z,turbine_1,2026-02-01T09:00:00Z,15,0.5141535520949287,normalized_power,gfs_0p25,2026-01-31T12:00:00Z,wind-power-v1,2026-01-31T18:00:00Z,warning,"[""Uncertainty intervals are not calibrated"", ""Unconfirmed: all source labels use fixed UTC+5 and mark the start of a ten-minute mean; reporting delay is zero and normalization remains unresolved."", ""Source-clock and target normalization semantics remain unconfirmed."", ""Weather availability uses archive-object metadata, not original NOAA publication proof."", ""Forecast target is normalized power; no conversion to MW/MWh is justified.""]"
1.0,3a6186ffff1b1dc52a5cf2cd,1,2026-01-31T18:00:00Z,turbine_1,2026-02-01T10:00:00Z,16,0.5479574933531147,normalized_power,gfs_0p25,2026-01-31T12:00:00Z,wind-power-v1,2026-01-31T18:00:00Z,warning,"[""Uncertainty intervals are not calibrated"", ""Unconfirmed: all source labels use fixed UTC+5 and mark the start of a ten-minute mean; reporting delay is zero and normalization remains unresolved."", ""Source-clock and target normalization semantics remain unconfirmed."", ""Weather availability uses archive-object metadata, not original NOAA publication proof."", ""Forecast target is normalized power; no conversion to MW/MWh is justified.""]"
1.0,3a6186ffff1b1dc52a5cf2cd,1,2026-01-31T18:00:00Z,turbine_1,2026-02-01T11:00:00Z,17,0.28976180087258324,normalized_power,gfs_0p25,2026-01-31T12:00:00Z,wind-power-v1,2026-01-31T18:00:00Z,warning,"[""Uncertainty intervals are not calibrated"", ""Unconfirmed: all source labels use fixed UTC+5 and mark the start of a ten-minute mean; reporting delay is zero and normalization remains unresolved."", ""Source-clock and target normalization semantics remain unconfirmed."", ""Weather availability uses archive-object metadata, not original NOAA publication proof."", ""Forecast target is normalized power; no conversion to MW/MWh is justified.""]"
1.0,3a6186ffff1b1dc52a5cf2cd,1,2026-01-31T18:00:00Z,turbine_1,2026-02-01T12:00:00Z,18,0.3031198639979248,normalized_power,gfs_0p25,2026-01-31T12:00:00Z,wind-power-v1,2026-01-31T18:00:00Z,warning,"[""Uncertainty intervals are not calibrated"", ""Unconfirmed: all source labels use fixed UTC+5 and mark the start of a ten-minute mean; reporting delay is zero and normalization remains unresolved."", ""Source-clock and target normalization semantics remain unconfirmed."", ""Weather availability uses archive-object metadata, not original NOAA publication proof."", ""Forecast target is normalized power; no conversion to MW/MWh is justified.""]"
1.0,3a6186ffff1b1dc52a5cf2cd,1,2026-01-31T18:00:00Z,turbine_1,2026-02-01T13:00:00Z,19,0.4156845102629045,normalized_power,gfs_0p25,2026-01-31T12:00:00Z,wind-power-v1,2026-01-31T18:00:00Z,warning,"[""Uncertainty intervals are not calibrated"", ""Unconfirmed: all source labels use fixed UTC+5 and mark the start of a ten-minute mean; reporting delay is zero and normalization remains unresolved."", ""Source-clock and target normalization semantics remain unconfirmed."", ""Weather availability uses archive-object metadata, not original NOAA publication proof."", ""Forecast target is normalized power; no conversion to MW/MWh is justified.""]"
1.0,3a6186ffff1b1dc52a5cf2cd,1,2026-01-31T18:00:00Z,turbine_1,2026-02-01T14:00:00Z,20,0.38219676607855535,normalized_power,gfs_0p25,2026-01-31T12:00:00Z,wind-power-v1,2026-01-31T18:00:00Z,warning,"[""Uncertainty intervals are not calibrated"", ""Unconfirmed: all source labels use fixed UTC+5 and mark the start of a ten-minute mean; reporting delay is zero and normalization remains unresolved."", ""Source-clock and target normalization semantics remain unconfirmed."", ""Weather availability uses archive-object metadata, not original NOAA publication proof."", ""Forecast target is normalized power; no conversion to MW/MWh is justified.""]"
1.0,3a6186ffff1b1dc52a5cf2cd,1,2026-01-31T18:00:00Z,turbine_1,2026-02-01T15:00:00Z,21,0.400647508121214,normalized_power,gfs_0p25,2026-01-31T12:00:00Z,wind-power-v1,2026-01-31T18:00:00Z,warning,"[""Uncertainty intervals are not calibrated"", ""Unconfirmed: all source labels use fixed UTC+5 and mark the start of a ten-minute mean; reporting delay is zero and normalization remains unresolved."", ""Source-clock and target normalization semantics remain unconfirmed."", ""Weather availability uses archive-object metadata, not original NOAA publication proof."", ""Forecast target is normalized power; no conversion to MW/MWh is justified.""]"
1.0,3a6186ffff1b1dc52a5cf2cd,1,2026-01-31T18:00:00Z,turbine_1,2026-02-01T16:00:00Z,22,0.34946121003524794,normalized_power,gfs_0p25,2026-01-31T12:00:00Z,wind-power-v1,2026-01-31T18:00:00Z,warning,"[""Uncertainty intervals are not calibrated"", ""Unconfirmed: all source labels use fixed UTC+5 and mark the start of a ten-minute mean; reporting delay is zero and normalization remains unresolved."", ""Source-clock and target normalization semantics remain unconfirmed."", ""Weather availability uses archive-object metadata, not original NOAA publication proof."", ""Forecast target is normalized power; no conversion to MW/MWh is justified.""]"
1.0,3a6186ffff1b1dc52a5cf2cd,1,2026-01-31T18:00:00Z,turbine_1,2026-02-01T17:00:00Z,23,0.4143383174308967,normalized_power,gfs_0p25,2026-01-31T12:00:00Z,wind-power-v1,2026-01-31T18:00:00Z,warning,"[""Uncertainty intervals are not calibrated"", ""Unconfirmed: all source labels use fixed UTC+5 and mark the start of a ten-minute mean; reporting delay is zero and normalization remains unresolved."", ""Source-clock and target normalization semantics remain unconfirmed."", ""Weather availability uses archive-object metadata, not original NOAA publication proof."", ""Forecast target is normalized power; no conversion to MW/MWh is justified.""]"
1.0,3a6186ffff1b1dc52a5cf2cd,1,2026-01-31T18:00:00Z,turbine_1,2026-02-01T18:00:00Z,24,0.6224297549899858,normalized_power,gfs_0p25,2026-01-31T12:00:00Z,wind-power-v1,2026-01-31T18:00:00Z,warning,"[""Uncertainty intervals are not calibrated"", ""Unconfirmed: all source labels use fixed UTC+5 and mark the start of a ten-minute mean; reporting delay is zero and normalization remains unresolved."", ""Source-clock and target normalization semantics remain unconfirmed."", ""Weather availability uses archive-object metadata, not original NOAA publication proof."", ""Forecast target is normalized power; no conversion to MW/MWh is justified.""]"
1.0,9a0819dda5b0f21797c1ea29,1,2026-02-01T18:00:00Z,turbine_1,2026-02-01T19:00:00Z,1,0.27728714309966096,normalized_power,gfs_0p25,2026-02-01T12:00:00Z,wind-power-v1,2026-01-31T18:00:00Z,warning,"[""Uncertainty intervals are not calibrated"", ""Unconfirmed: all source labels use fixed UTC+5 and mark the start of a ten-minute mean; reporting delay is zero and normalization remains unresolved."", ""Source-clock and target normalization semantics remain unconfirmed."", ""Weather availability uses archive-object metadata, not original NOAA publication proof."", ""Forecast target is normalized power; no conversion to MW/MWh is justified.""]"
1.0,9a0819dda5b0f21797c1ea29,1,2026-02-01T18:00:00Z,turbine_1,2026-02-01T20:00:00Z,2,0.3389833644747241,normalized_power,gfs_0p25,2026-02-01T12:00:00Z,wind-power-v1,2026-01-31T18:00:00Z,warning,"[""Uncertainty intervals are not calibrated"", ""Unconfirmed: all source labels use fixed UTC+5 and mark the start of a ten-minute mean; reporting delay is zero and normalization remains unresolved."", ""Source-clock and target normalization semantics remain unconfirmed."", ""Weather availability uses archive-object metadata, not original NOAA publication proof."", ""Forecast target is normalized power; no conversion to MW/MWh is justified.""]"
1.0,9a0819dda5b0f21797c1ea29,1,2026-02-01T18:00:00Z,turbine_1,2026-02-01T21:00:00Z,3,0.2969637981515029,normalized_power,gfs_0p25,2026-02-01T12:00:00Z,wind-power-v1,2026-01-31T18:00:00Z,warning,"[""Uncertainty intervals are not calibrated"", ""Unconfirmed: all source labels use fixed UTC+5 and mark the start of a ten-minute mean; reporting delay is zero and normalization remains unresolved."", ""Source-clock and target normalization semantics remain unconfirmed."", ""Weather availability uses archive-object metadata, not original NOAA publication proof."", ""Forecast target is normalized power; no conversion to MW/MWh is justified.""]"
1.0,9a0819dda5b0f21797c1ea29,1,2026-02-01T18:00:00Z,turbine_1,2026-02-01T22:00:00Z,4,0.3215345735835935,normalized_power,gfs_0p25,2026-02-01T12:00:00Z,wind-power-v1,2026-01-31T18:00:00Z,warning,"[""Uncertainty intervals are not calibrated"", ""Unconfirmed: all source labels use fixed UTC+5 and mark the start of a ten-minute mean; reporting delay is zero and normalization remains unresolved."", ""Source-clock and target normalization semantics remain unconfirmed."", ""Weather availability uses archive-object metadata, not original NOAA publication proof."", ""Forecast target is normalized power; no conversion to MW/MWh is justified.""]"
1.0,9a0819dda5b0f21797c1ea29,1,2026-02-01T18:00:00Z,turbine_1,2026-02-01T23:00:00Z,5,0.42956915011736635,normalized_power,gfs_0p25,2026-02-01T12:00:00Z,wind-power-v1,2026-01-31T18:00:00Z,warning,"[""Uncertainty intervals are not calibrated"", ""Unconfirmed: all source labels use fixed UTC+5 and mark the start of a ten-minute mean; reporting delay is zero and normalization remains unresolved."", ""Source-clock and target normalization semantics remain unconfirmed."", ""Weather availability uses archive-object metadata, not original NOAA publication proof."", ""Forecast target is normalized power; no conversion to MW/MWh is justified.""]"
1.0,9a0819dda5b0f21797c1ea29,1,2026-02-01T18:00:00Z,turbine_1,2026-02-02T00:00:00Z,6,0.5375102765912256,normalized_power,gfs_0p25,2026-02-01T12:00:00Z,wind-power-v1,2026-01-31T18:00:00Z,warning,"[""Uncertainty intervals are not calibrated"", ""Unconfirmed: all source labels use fixed UTC+5 and mark the start of a ten-minute mean; reporting delay is zero and normalization remains unresolved."", ""Source-clock and target normalization semantics remain unconfirmed."", ""Weather availability uses archive-object metadata, not original NOAA publication proof."", ""Forecast target is normalized power; no conversion to MW/MWh is justified.""]"
1.0,9a0819dda5b0f21797c1ea29,1,2026-02-01T18:00:00Z,turbine_1,2026-02-02T01:00:00Z,7,0.28529494728794313,normalized_power,gfs_0p25,2026-02-01T12:00:00Z,wind-power-v1,2026-01-31T18:00:00Z,warning,"[""Uncertainty intervals are not calibrated"", ""Unconfirmed: all source labels use fixed UTC+5 and mark the start of a ten-minute mean; reporting delay is zero and normalization remains unresolved."", ""Source-clock and target normalization semantics remain unconfirmed."", ""Weather availability uses archive-object metadata, not original NOAA publication proof."", ""Forecast target is normalized power; no conversion to MW/MWh is justified.""]"
1.0,9a0819dda5b0f21797c1ea29,1,2026-02-01T18:00:00Z,turbine_1,2026-02-02T02:00:00Z,8,0.22195333460365022,normalized_power,gfs_0p25,2026-02-01T12:00:00Z,wind-power-v1,2026-01-31T18:00:00Z,warning,"[""Uncertainty intervals are not calibrated"", ""Unconfirmed: all source labels use fixed UTC+5 and mark the start of a ten-minute mean; reporting delay is zero and normalization remains unresolved."", ""Source-clock and target normalization semantics remain unconfirmed."", ""Weather availability uses archive-object metadata, not original NOAA publication proof."", ""Forecast target is normalized power; no conversion to MW/MWh is justified.""]"
1.0,9a0819dda5b0f21797c1ea29,1,2026-02-01T18:00:00Z,turbine_1,2026-02-02T03:00:00Z,9,0.485626976871542,normalized_power,gfs_0p25,2026-02-01T12:00:00Z,wind-power-v1,2026-01-31T18:00:00Z,warning,"[""Uncertainty intervals are not calibrated"", ""Unconfirmed: all source labels use fixed UTC+5 and mark the start of a ten-minute mean; reporting delay is zero and normalization remains unresolved."", ""Source-clock and target normalization semantics remain unconfirmed."", ""Weather availability uses archive-object metadata, not original NOAA publication proof."", ""Forecast target is normalized power; no conversion to MW/MWh is justified.""]"
1.0,9a0819dda5b0f21797c1ea29,1,2026-02-01T18:00:00Z,turbine_1,2026-02-02T04:00:00Z,10,0.7182113454619697,normalized_power,gfs_0p25,2026-02-01T12:00:00Z,wind-power-v1,2026-01-31T18:00:00Z,warning,"[""Uncertainty intervals are not calibrated"", ""Unconfirmed: all source labels use fixed UTC+5 and mark the start of a ten-minute mean; reporting delay is zero and normalization remains unresolved."", ""Source-clock and target normalization semantics remain unconfirmed."", ""Weather availability uses archive-object metadata, not original NOAA publication proof."", ""Forecast target is normalized power; no conversion to MW/MWh is justified.""]"
1.0,9a0819dda5b0f21797c1ea29,1,2026-02-01T18:00:00Z,turbine_1,2026-02-02T05:00:00Z,11,0.7421717300053321,normalized_power,gfs_0p25,2026-02-01T12:00:00Z,wind-power-v1,2026-01-31T18:00:00Z,warning,"[""Uncertainty intervals are not calibrated"", ""Unconfirmed: all source labels use fixed UTC+5 and mark the start of a ten-minute mean; reporting delay is zero and normalization remains unresolved."", ""Source-clock and target normalization semantics remain unconfirmed."", ""Weather availability uses archive-object metadata, not original NOAA publication proof."", ""Forecast target is normalized power; no conversion to MW/MWh is justified.""]"
1.0,9a0819dda5b0f21797c1ea29,1,2026-02-01T18:00:00Z,turbine_1,2026-02-02T06:00:00Z,12,0.7635958965955394,normalized_power,gfs_0p25,2026-02-01T12:00:00Z,wind-power-v1,2026-01-31T18:00:00Z,warning,"[""Uncertainty intervals are not calibrated"", ""Unconfirmed: all source labels use fixed UTC+5 and mark the start of a ten-minute mean; reporting delay is zero and normalization remains unresolved."", ""Source-clock and target normalization semantics remain unconfirmed."", ""Weather availability uses archive-object metadata, not original NOAA publication proof."", ""Forecast target is normalized power; no conversion to MW/MWh is justified.""]"
1.0,9a0819dda5b0f21797c1ea29,1,2026-02-01T18:00:00Z,turbine_1,2026-02-02T07:00:00Z,13,0.8165809849419022,normalized_power,gfs_0p25,2026-02-01T12:00:00Z,wind-power-v1,2026-01-31T18:00:00Z,warning,"[""Uncertainty intervals are not calibrated"", ""Unconfirmed: all source labels use fixed UTC+5 and mark the start of a ten-minute mean; reporting delay is zero and normalization remains unresolved."", ""Source-clock and target normalization semantics remain unconfirmed."", ""Weather availability uses archive-object metadata, not original NOAA publication proof."", ""Forecast target is normalized power; no conversion to MW/MWh is justified.""]"
1.0,9a0819dda5b0f21797c1ea29,1,2026-02-01T18:00:00Z,turbine_1,2026-02-02T08:00:00Z,14,0.873099818191273,normalized_power,gfs_0p25,2026-02-01T12:00:00Z,wind-power-v1,2026-01-31T18:00:00Z,warning,"[""Uncertainty intervals are not calibrated"", ""Unconfirmed: all source labels use fixed UTC+5 and mark the start of a ten-minute mean; reporting delay is zero and normalization remains unresolved."", ""Source-clock and target normalization semantics remain unconfirmed."", ""Weather availability uses archive-object metadata, not original NOAA publication proof."", ""Forecast target is normalized power; no conversion to MW/MWh is justified.""]"
1.0,9a0819dda5b0f21797c1ea29,1,2026-02-01T18:00:00Z,turbine_1,2026-02-02T09:00:00Z,15,0.9419184936712105,normalized_power,gfs_0p25,2026-02-01T12:00:00Z,wind-power-v1,2026-01-31T18:00:00Z,warning,"[""Uncertainty intervals are not calibrated"", ""Unconfirmed: all source labels use fixed UTC+5 and mark the start of a ten-minute mean; reporting delay is zero and normalization remains unresolved."", ""Source-clock and target normalization semantics remain unconfirmed."", ""Weather availability uses archive-object metadata, not original NOAA publication proof."", ""Forecast target is normalized power; no conversion to MW/MWh is justified.""]"
1.0,9a0819dda5b0f21797c1ea29,1,2026-02-01T18:00:00Z,turbine_1,2026-02-02T10:00:00Z,16,0.7458840703344275,normalized_power,gfs_0p25,2026-02-01T12:00:00Z,wind-power-v1,2026-01-31T18:00:00Z,warning,"[""Uncertainty intervals are not calibrated"", ""Unconfirmed: all source labels use fixed UTC+5 and mark the start of a ten-minute mean; reporting delay is zero and normalization remains unresolved."", ""Source-clock and target normalization semantics remain unconfirmed."", ""Weather availability uses archive-object metadata, not original NOAA publication proof."", ""Forecast target is normalized power; no conversion to MW/MWh is justified.""]"
1.0,9a0819dda5b0f21797c1ea29,1,2026-02-01T18:00:00Z,turbine_1,2026-02-02T11:00:00Z,17,0.5983684437559132,normalized_power,gfs_0p25,2026-02-01T12:00:00Z,wind-power-v1,2026-01-31T18:00:00Z,warning,"[""Uncertainty intervals are not calibrated"", ""Unconfirmed: all source labels use fixed UTC+5 and mark the start of a ten-minute mean; reporting delay is zero and normalization remains unresolved."", ""Source-clock and target normalization semantics remain unconfirmed."", ""Weather availability uses archive-object metadata, not original NOAA publication proof."", ""Forecast target is normalized power; no conversion to MW/MWh is justified.""]"
1.0,9a0819dda5b0f21797c1ea29,1,2026-02-01T18:00:00Z,turbine_1,2026-02-02T12:00:00Z,18,0.4762314454540956,normalized_power,gfs_0p25,2026-02-01T12:00:00Z,wind-power-v1,2026-01-31T18:00:00Z,warning,"[""Uncertainty intervals are not calibrated"", ""Unconfirmed: all source labels use fixed UTC+5 and mark the start of a ten-minute mean; reporting delay is zero and normalization remains unresolved."", ""Source-clock and target normalization semantics remain unconfirmed."", ""Weather availability uses archive-object metadata, not original NOAA publication proof."", ""Forecast target is normalized power; no conversion to MW/MWh is justified.""]"
1.0,9a0819dda5b0f21797c1ea29,1,2026-02-01T18:00:00Z,turbine_1,2026-02-02T13:00:00Z,19,0.35442542295724155,normalized_power,gfs_0p25,2026-02-01T12:00:00Z,wind-power-v1,2026-01-31T18:00:00Z,warning,"[""Uncertainty intervals are not calibrated"", ""Unconfirmed: all source labels use fixed UTC+5 and mark the start of a ten-minute mean; reporting delay is zero and normalization remains unresolved."", ""Source-clock and target normalization semantics remain unconfirmed."", ""Weather availability uses archive-object metadata, not original NOAA publication proof."", ""Forecast target is normalized power; no conversion to MW/MWh is justified.""]"
1.0,9a0819dda5b0f21797c1ea29,1,2026-02-01T18:00:00Z,turbine_1,2026-02-02T14:00:00Z,20,0.298653356521699,normalized_power,gfs_0p25,2026-02-01T12:00:00Z,wind-power-v1,2026-01-31T18:00:00Z,warning,"[""Uncertainty intervals are not calibrated"", ""Unconfirmed: all source labels use fixed UTC+5 and mark the start of a ten-minute mean; reporting delay is zero and normalization remains unresolved."", ""Source-clock and target normalization semantics remain unconfirmed."", ""Weather availability uses archive-object metadata, not original NOAA publication proof."", ""Forecast target is normalized power; no conversion to MW/MWh is justified.""]"
1.0,9a0819dda5b0f21797c1ea29,1,2026-02-01T18:00:00Z,turbine_1,2026-02-02T15:00:00Z,21,0.15094915438585788,normalized_power,gfs_0p25,2026-02-01T12:00:00Z,wind-power-v1,2026-01-31T18:00:00Z,warning,"[""Uncertainty intervals are not calibrated"", ""Unconfirmed: all source labels use fixed UTC+5 and mark the start of a ten-minute mean; reporting delay is zero and normalization remains unresolved."", ""Source-clock and target normalization semantics remain unconfirmed."", ""Weather availability uses archive-object metadata, not original NOAA publication proof."", ""Forecast target is normalized power; no conversion to MW/MWh is justified.""]"
1.0,9a0819dda5b0f21797c1ea29,1,2026-02-01T18:00:00Z,turbine_1,2026-02-02T16:00:00Z,22,0.20725954330539906,normalized_power,gfs_0p25,2026-02-01T12:00:00Z,wind-power-v1,2026-01-31T18:00:00Z,warning,"[""Uncertainty intervals are not calibrated"", ""Unconfirmed: all source labels use fixed UTC+5 and mark the start of a ten-minute mean; reporting delay is zero and normalization remains unresolved."", ""Source-clock and target normalization semantics remain unconfirmed."", ""Weather availability uses archive-object metadata, not original NOAA publication proof."", ""Forecast target is normalized power; no conversion to MW/MWh is justified.""]"
1.0,9a0819dda5b0f21797c1ea29,1,2026-02-01T18:00:00Z,turbine_1,2026-02-02T17:00:00Z,23,0.20725954330539906,normalized_power,gfs_0p25,2026-02-01T12:00:00Z,wind-power-v1,2026-01-31T18:00:00Z,warning,"[""Uncertainty intervals are not calibrated"", ""Unconfirmed: all source labels use fixed UTC+5 and mark the start of a ten-minute mean; reporting delay is zero and normalization remains unresolved."", ""Source-clock and target normalization semantics remain unconfirmed."", ""Weather availability uses archive-object metadata, not original NOAA publication proof."", ""Forecast target is normalized power; no conversion to MW/MWh is justified.""]"
1.0,9a0819dda5b0f21797c1ea29,1,2026-02-01T18:00:00Z,turbine_1,2026-02-02T18:00:00Z,24,0.320191590647281,normalized_power,gfs_0p25,2026-02-01T12:00:00Z,wind-power-v1,2026-01-31T18:00:00Z,warning,"[""Uncertainty intervals are not calibrated"", ""Unconfirmed: all source labels use fixed UTC+5 and mark the start of a ten-minute mean; reporting delay is zero and normalization remains unresolved."", ""Source-clock and target normalization semantics remain unconfirmed."", ""Weather availability uses archive-object metadata, not original NOAA publication proof."", ""Forecast target is normalized power; no conversion to MW/MWh is justified.""]"
1.0,5f00321a3fa2ae3c24678f57,1,2026-02-02T18:00:00Z,turbine_1,2026-02-02T19:00:00Z,1,0.4038728368668923,normalized_power,gfs_0p25,2026-02-02T12:00:00Z,wind-power-v1,2026-01-31T18:00:00Z,warning,"[""Uncertainty intervals are not calibrated"", ""Unconfirmed: all source labels use fixed UTC+5 and mark the start of a ten-minute mean; reporting delay is zero and normalization remains unresolved."", ""Source-clock and target normalization semantics remain unconfirmed."", ""Weather availability uses archive-object metadata, not original NOAA publication proof."", ""Forecast target is normalized power; no conversion to MW/MWh is justified.""]"
1.0,5f00321a3fa2ae3c24678f57,1,2026-02-02T18:00:00Z,turbine_1,2026-02-02T20:00:00Z,2,0.3994917288061449,normalized_power,gfs_0p25,2026-02-02T12:00:00Z,wind-power-v1,2026-01-31T18:00:00Z,warning,"[""Uncertainty intervals are not calibrated"", ""Unconfirmed: all source labels use fixed UTC+5 and mark the start of a ten-minute mean; reporting delay is zero and normalization remains unresolved."", ""Source-clock and target normalization semantics remain unconfirmed."", ""Weather availability uses archive-object metadata, not original NOAA publication proof."", ""Forecast target is normalized power; no conversion to MW/MWh is justified.""]"
1.0,5f00321a3fa2ae3c24678f57,1,2026-02-02T18:00:00Z,turbine_1,2026-02-02T21:00:00Z,3,0.42313443513886007,normalized_power,gfs_0p25,2026-02-02T12:00:00Z,wind-power-v1,2026-01-31T18:00:00Z,warning,"[""Uncertainty intervals are not calibrated"", ""Unconfirmed: all source labels use fixed UTC+5 and mark the start of a ten-minute mean; reporting delay is zero and normalization remains unresolved."", ""Source-clock and target normalization semantics remain unconfirmed."", ""Weather availability uses archive-object metadata, not original NOAA publication proof."", ""Forecast target is normalized power; no conversion to MW/MWh is justified.""]"
1.0,5f00321a3fa2ae3c24678f57,1,2026-02-02T18:00:00Z,turbine_1,2026-02-02T22:00:00Z,4,0.7352853089391548,normalized_power,gfs_0p25,2026-02-02T12:00:00Z,wind-power-v1,2026-01-31T18:00:00Z,warning,"[""Uncertainty intervals are not calibrated"", ""Unconfirmed: all source labels use fixed UTC+5 and mark the start of a ten-minute mean; reporting delay is zero and normalization remains unresolved."", ""Source-clock and target normalization semantics remain unconfirmed."", ""Weather availability uses archive-object metadata, not original NOAA publication proof."", ""Forecast target is normalized power; no conversion to MW/MWh is justified.""]"
1.0,5f00321a3fa2ae3c24678f57,1,2026-02-02T18:00:00Z,turbine_1,2026-02-02T23:00:00Z,5,0.6622722336946255,normalized_power,gfs_0p25,2026-02-02T12:00:00Z,wind-power-v1,2026-01-31T18:00:00Z,warning,"[""Uncertainty intervals are not calibrated"", ""Unconfirmed: all source labels use fixed UTC+5 and mark the start of a ten-minute mean; reporting delay is zero and normalization remains unresolved."", ""Source-clock and target normalization semantics remain unconfirmed."", ""Weather availability uses archive-object metadata, not original NOAA publication proof."", ""Forecast target is normalized power; no conversion to MW/MWh is justified.""]"
1.0,5f00321a3fa2ae3c24678f57,1,2026-02-02T18:00:00Z,turbine_1,2026-02-03T00:00:00Z,6,0.42770679571469716,normalized_power,gfs_0p25,2026-02-02T12:00:00Z,wind-power-v1,2026-01-31T18:00:00Z,warning,"[""Uncertainty intervals are not calibrated"", ""Unconfirmed: all source labels use fixed UTC+5 and mark the start of a ten-minute mean; reporting delay is zero and normalization remains unresolved."", ""Source-clock and target normalization semantics remain unconfirmed."", ""Weather availability uses archive-object metadata, not original NOAA publication proof."", ""Forecast target is normalized power; no conversion to MW/MWh is justified.""]"
1.0,5f00321a3fa2ae3c24678f57,1,2026-02-02T18:00:00Z,turbine_1,2026-02-03T01:00:00Z,7,0.31551334088751143,normalized_power,gfs_0p25,2026-02-02T12:00:00Z,wind-power-v1,2026-01-31T18:00:00Z,warning,"[""Uncertainty intervals are not calibrated"", ""Unconfirmed: all source labels use fixed UTC+5 and mark the start of a ten-minute mean; reporting delay is zero and normalization remains unresolved."", ""Source-clock and target normalization semantics remain unconfirmed."", ""Weather availability uses archive-object metadata, not original NOAA publication proof."", ""Forecast target is normalized power; no conversion to MW/MWh is justified.""]"
1.0,5f00321a3fa2ae3c24678f57,1,2026-02-02T18:00:00Z,turbine_1,2026-02-03T02:00:00Z,8,0.23849006942698797,normalized_power,gfs_0p25,2026-02-02T12:00:00Z,wind-power-v1,2026-01-31T18:00:00Z,warning,"[""Uncertainty intervals are not calibrated"", ""Unconfirmed: all source labels use fixed UTC+5 and mark the start of a ten-minute mean; reporting delay is zero and normalization remains unresolved."", ""Source-clock and target normalization semantics remain unconfirmed."", ""Weather availability uses archive-object metadata, not original NOAA publication proof."", ""Forecast target is normalized power; no conversion to MW/MWh is justified.""]"
1.0,5f00321a3fa2ae3c24678f57,1,2026-02-02T18:00:00Z,turbine_1,2026-02-03T03:00:00Z,9,0.2939062655790135,normalized_power,gfs_0p25,2026-02-02T12:00:00Z,wind-power-v1,2026-01-31T18:00:00Z,warning,"[""Uncertainty intervals are not calibrated"", ""Unconfirmed: all source labels use fixed UTC+5 and mark the start of a ten-minute mean; reporting delay is zero and normalization remains unresolved."", ""Source-clock and target normalization semantics remain unconfirmed."", ""Weather availability uses archive-object metadata, not original NOAA publication proof."", ""Forecast target is normalized power; no conversion to MW/MWh is justified.""]"
1.0,5f00321a3fa2ae3c24678f57,1,2026-02-02T18:00:00Z,turbine_1,2026-02-03T04:00:00Z,10,0.20725954330539906,normalized_power,gfs_0p25,2026-02-02T12:00:00Z,wind-power-v1,2026-01-31T18:00:00Z,warning,"[""Uncertainty intervals are not calibrated"", ""Unconfirmed: all source labels use fixed UTC+5 and mark the start of a ten-minute mean; reporting delay is zero and normalization remains unresolved."", ""Source-clock and target normalization semantics remain unconfirmed."", ""Weather availability uses archive-object metadata, not original NOAA publication proof."", ""Forecast target is normalized power; no conversion to MW/MWh is justified.""]"
1.0,5f00321a3fa2ae3c24678f57,1,2026-02-02T18:00:00Z,turbine_1,2026-02-03T05:00:00Z,11,0.3167185106776428,normalized_power,gfs_0p25,2026-02-02T12:00:00Z,wind-power-v1,2026-01-31T18:00:00Z,warning,"[""Uncertainty intervals are not calibrated"", ""Unconfirmed: all source labels use fixed UTC+5 and mark the start of a ten-minute mean; reporting delay is zero and normalization remains unresolved."", ""Source-clock and target normalization semantics remain unconfirmed."", ""Weather availability uses archive-object metadata, not original NOAA publication proof."", ""Forecast target is normalized power; no conversion to MW/MWh is justified.""]"
1.0,5f00321a3fa2ae3c24678f57,1,2026-02-02T18:00:00Z,turbine_1,2026-02-03T06:00:00Z,12,0.2503851396282573,normalized_power,gfs_0p25,2026-02-02T12:00:00Z,wind-power-v1,2026-01-31T18:00:00Z,warning,"[""Uncertainty intervals are not calibrated"", ""Unconfirmed: all source labels use fixed UTC+5 and mark the start of a ten-minute mean; reporting delay is zero and normalization remains unresolved."", ""Source-clock and target normalization semantics remain unconfirmed."", ""Weather availability uses archive-object metadata, not original NOAA publication proof."", ""Forecast target is normalized power; no conversion to MW/MWh is justified.""]"
1.0,5f00321a3fa2ae3c24678f57,1,2026-02-02T18:00:00Z,turbine_1,2026-02-03T07:00:00Z,13,0.40316191331095785,normalized_power,gfs_0p25,2026-02-02T12:00:00Z,wind-power-v1,2026-01-31T18:00:00Z,warning,"[""Uncertainty intervals are not calibrated"", ""Unconfirmed: all source labels use fixed UTC+5 and mark the start of a ten-minute mean; reporting delay is zero and normalization remains unresolved."", ""Source-clock and target normalization semantics remain unconfirmed."", ""Weather availability uses archive-object metadata, not original NOAA publication proof."", ""Forecast target is normalized power; no conversion to MW/MWh is justified.""]"
1.0,5f00321a3fa2ae3c24678f57,1,2026-02-02T18:00:00Z,turbine_1,2026-02-03T08:00:00Z,14,0.04021631373520877,normalized_power,gfs_0p25,2026-02-02T12:00:00Z,wind-power-v1,2026-01-31T18:00:00Z,warning,"[""Uncertainty intervals are not calibrated"", ""Unconfirmed: all source labels use fixed UTC+5 and mark the start of a ten-minute mean; reporting delay is zero and normalization remains unresolved."", ""Source-clock and target normalization semantics remain unconfirmed."", ""Weather availability uses archive-object metadata, not original NOAA publication proof."", ""Forecast target is normalized power; no conversion to MW/MWh is justified.""]"
1.0,5f00321a3fa2ae3c24678f57,1,2026-02-02T18:00:00Z,turbine_1,2026-02-03T09:00:00Z,15,0.06521314670024672,normalized_power,gfs_0p25,2026-02-02T12:00:00Z,wind-power-v1,2026-01-31T18:00:00Z,warning,"[""Uncertainty intervals are not calibrated"", ""Unconfirmed: all source labels use fixed UTC+5 and mark the start of a ten-minute mean; reporting delay is zero and normalization remains unresolved."", ""Source-clock and target normalization semantics remain unconfirmed."", ""Weather availability uses archive-object metadata, not original NOAA publication proof."", ""Forecast target is normalized power; no conversion to MW/MWh is justified.""]"
1.0,5f00321a3fa2ae3c24678f57,1,2026-02-02T18:00:00Z,turbine_1,2026-02-03T10:00:00Z,16,0.028342229562820318,normalized_power,gfs_0p25,2026-02-02T12:00:00Z,wind-power-v1,2026-01-31T18:00:00Z,warning,"[""Uncertainty intervals are not calibrated"", ""Unconfirmed: all source labels use fixed UTC+5 and mark the start of a ten-minute mean; reporting delay is zero and normalization remains unresolved."", ""Source-clock and target normalization semantics remain unconfirmed."", ""Weather availability uses archive-object metadata, not original NOAA publication proof."", ""Forecast target is normalized power; no conversion to MW/MWh is justified.""]"
1.0,5f00321a3fa2ae3c24678f57,1,2026-02-02T18:00:00Z,turbine_1,2026-02-03T11:00:00Z,17,0.06311620928214418,normalized_power,gfs_0p25,2026-02-02T12:00:00Z,wind-power-v1,2026-01-31T18:00:00Z,warning,"[""Uncertainty intervals are not calibrated"", ""Unconfirmed: all source labels use fixed UTC+5 and mark the start of a ten-minute mean; reporting delay is zero and normalization remains unresolved."", ""Source-clock and target normalization semantics remain unconfirmed."", ""Weather availability uses archive-object metadata, not original NOAA publication proof."", ""Forecast target is normalized power; no conversion to MW/MWh is justified.""]"
1.0,5f00321a3fa2ae3c24678f57,1,2026-02-02T18:00:00Z,turbine_1,2026-02-03T12:00:00Z,18,0.11855397895839939,normalized_power,gfs_0p25,2026-02-02T12:00:00Z,wind-power-v1,2026-01-31T18:00:00Z,warning,"[""Uncertainty intervals are not calibrated"", ""Unconfirmed: all source labels use fixed UTC+5 and mark the start of a ten-minute mean; reporting delay is zero and normalization remains unresolved."", ""Source-clock and target normalization semantics remain unconfirmed."", ""Weather availability uses archive-object metadata, not original NOAA publication proof."", ""Forecast target is normalized power; no conversion to MW/MWh is justified.""]"
1.0,5f00321a3fa2ae3c24678f57,1,2026-02-02T18:00:00Z,turbine_1,2026-02-03T13:00:00Z,19,0.32596967838569163,normalized_power,gfs_0p25,2026-02-02T12:00:00Z,wind-power-v1,2026-01-31T18:00:00Z,warning,"[""Uncertainty intervals are not calibrated"", ""Unconfirmed: all source labels use fixed UTC+5 and mark the start of a ten-minute mean; reporting delay is zero and normalization remains unresolved."", ""Source-clock and target normalization semantics remain unconfirmed."", ""Weather availability uses archive-object metadata, not original NOAA publication proof."", ""Forecast target is normalized power; no conversion to MW/MWh is justified.""]"
1.0,5f00321a3fa2ae3c24678f57,1,2026-02-02T18:00:00Z,turbine_1,2026-02-03T14:00:00Z,20,0.40616459742756966,normalized_power,gfs_0p25,2026-02-02T12:00:00Z,wind-power-v1,2026-01-31T18:00:00Z,warning,"[""Uncertainty intervals are not calibrated"", ""Unconfirmed: all source labels use fixed UTC+5 and mark the start of a ten-minute mean; reporting delay is zero and normalization remains unresolved."", ""Source-clock and target normalization semantics remain unconfirmed."", ""Weather availability uses archive-object metadata, not original NOAA publication proof."", ""Forecast target is normalized power; no conversion to MW/MWh is justified.""]"
1.0,5f00321a3fa2ae3c24678f57,1,2026-02-02T18:00:00Z,turbine_1,2026-02-03T15:00:00Z,21,0.29432557098536055,normalized_power,gfs_0p25,2026-02-02T12:00:00Z,wind-power-v1,2026-01-31T18:00:00Z,warning,"[""Uncertainty intervals are not calibrated"", ""Unconfirmed: all source labels use fixed UTC+5 and mark the start of a ten-minute mean; reporting delay is zero and normalization remains unresolved."", ""Source-clock and target normalization semantics remain unconfirmed."", ""Weather availability uses archive-object metadata, not original NOAA publication proof."", ""Forecast target is normalized power; no conversion to MW/MWh is justified.""]"
1.0,5f00321a3fa2ae3c24678f57,1,2026-02-02T18:00:00Z,turbine_1,2026-02-03T16:00:00Z,22,0.3181831447341044,normalized_power,gfs_0p25,2026-02-02T12:00:00Z,wind-power-v1,2026-01-31T18:00:00Z,warning,"[""Uncertainty intervals are not calibrated"", ""Unconfirmed: all source labels use fixed UTC+5 and mark the start of a ten-minute mean; reporting delay is zero and normalization remains unresolved."", ""Source-clock and target normalization semantics remain unconfirmed."", ""Weather availability uses archive-object metadata, not original NOAA publication proof."", ""Forecast target is normalized power; no conversion to MW/MWh is justified.""]"
1.0,5f00321a3fa2ae3c24678f57,1,2026-02-02T18:00:00Z,turbine_1,2026-02-03T17:00:00Z,23,0.32220661130112976,normalized_power,gfs_0p25,2026-02-02T12:00:00Z,wind-power-v1,2026-01-31T18:00:00Z,warning,"[""Uncertainty intervals are not calibrated"", ""Unconfirmed: all source labels use fixed UTC+5 and mark the start of a ten-minute mean; reporting delay is zero and normalization remains unresolved."", ""Source-clock and target normalization semantics remain unconfirmed."", ""Weather availability uses archive-object metadata, not original NOAA publication proof."", ""Forecast target is normalized power; no conversion to MW/MWh is justified.""]"
1.0,5f00321a3fa2ae3c24678f57,1,2026-02-02T18:00:00Z,turbine_1,2026-02-03T18:00:00Z,24,0.39543234467088556,normalized_power,gfs_0p25,2026-02-02T12:00:00Z,wind-power-v1,2026-01-31T18:00:00Z,warning,"[""Uncertainty intervals are not calibrated"", ""Unconfirmed: all source labels use fixed UTC+5 and mark the start of a ten-minute mean; reporting delay is zero and normalization remains unresolved."", ""Source-clock and target normalization semantics remain unconfirmed."", ""Weather availability uses archive-object metadata, not original NOAA publication proof."", ""Forecast target is normalized power; no conversion to MW/MWh is justified.""]"
1.0,2894cd1ac880434acb439edd,1,2026-02-03T18:00:00Z,turbine_1,2026-02-03T19:00:00Z,1,0.2555207299501902,normalized_power,gfs_0p25,2026-02-03T12:00:00Z,wind-power-v1,2026-01-31T18:00:00Z,warning,"[""Uncertainty intervals are not calibrated"", ""Unconfirmed: all source labels use fixed UTC+5 and mark the start of a ten-minute mean; reporting delay is zero and normalization remains unresolved."", ""Source-clock and target normalization semantics remain unconfirmed."", ""Weather availability uses archive-object metadata, not original NOAA publication proof."", ""Forecast target is normalized power; no conversion to MW/MWh is justified.""]"
1.0,2894cd1ac880434acb439edd,1,2026-02-03T18:00:00Z,turbine_1,2026-02-03T20:00:00Z,2,0.29891295564542963,normalized_power,gfs_0p25,2026-02-03T12:00:00Z,wind-power-v1,2026-01-31T18:00:00Z,warning,"[""Uncertainty intervals are not calibrated"", ""Unconfirmed: all source labels use fixed UTC+5 and mark the start of a ten-minute mean; reporting delay is zero and normalization remains unresolved."", ""Source-clock and target normalization semantics remain unconfirmed."", ""Weather availability uses archive-object metadata, not original NOAA publication proof."", ""Forecast target is normalized power; no conversion to MW/MWh is justified.""]"
1.0,2894cd1ac880434acb439edd,1,2026-02-03T18:00:00Z,turbine_1,2026-02-03T21:00:00Z,3,0.302936422212455,normalized_power,gfs_0p25,2026-02-03T12:00:00Z,wind-power-v1,2026-01-31T18:00:00Z,warning,"[""Uncertainty intervals are not calibrated"", ""Unconfirmed: all source labels use fixed UTC+5 and mark the start of a ten-minute mean; reporting delay is zero and normalization remains unresolved."", ""Source-clock and target normalization semantics remain unconfirmed."", ""Weather availability uses archive-object metadata, not original NOAA publication proof."", ""Forecast target is normalized power; no conversion to MW/MWh is justified.""]"
1.0,2894cd1ac880434acb439edd,1,2026-02-03T18:00:00Z,turbine_1,2026-02-03T22:00:00Z,4,0.18327098656889304,normalized_power,gfs_0p25,2026-02-03T12:00:00Z,wind-power-v1,2026-01-31T18:00:00Z,warning,"[""Uncertainty intervals are not calibrated"", ""Unconfirmed: all source labels use fixed UTC+5 and mark the start of a ten-minute mean; reporting delay is zero and normalization remains unresolved."", ""Source-clock and target normalization semantics remain unconfirmed."", ""Weather availability uses archive-object metadata, not original NOAA publication proof."", ""Forecast target is normalized power; no conversion to MW/MWh is justified.""]"
1.0,2894cd1ac880434acb439edd,1,2026-02-03T18:00:00Z,turbine_1,2026-02-03T23:00:00Z,5,0.302936422212455,normalized_power,gfs_0p25,2026-02-03T12:00:00Z,wind-power-v1,2026-01-31T18:00:00Z,warning,"[""Uncertainty intervals are not calibrated"", ""Unconfirmed: all source labels use fixed UTC+5 and mark the start of a ten-minute mean; reporting delay is zero and normalization remains unresolved."", ""Source-clock and target normalization semantics remain unconfirmed."", ""Weather availability uses archive-object metadata, not original NOAA publication proof."", ""Forecast target is normalized power; no conversion to MW/MWh is justified.""]"
1.0,2894cd1ac880434acb439edd,1,2026-02-03T18:00:00Z,turbine_1,2026-02-04T00:00:00Z,6,0.37519533928385645,normalized_power,gfs_0p25,2026-02-03T12:00:00Z,wind-power-v1,2026-01-31T18:00:00Z,warning,"[""Uncertainty intervals are not calibrated"", ""Unconfirmed: all source labels use fixed UTC+5 and mark the start of a ten-minute mean; reporting delay is zero and normalization remains unresolved."", ""Source-clock and target normalization semantics remain unconfirmed."", ""Weather availability uses archive-object metadata, not original NOAA publication proof."", ""Forecast target is normalized power; no conversion to MW/MWh is justified.""]"
1.0,2894cd1ac880434acb439edd,1,2026-02-03T18:00:00Z,turbine_1,2026-02-04T01:00:00Z,7,0.3670434890309197,normalized_power,gfs_0p25,2026-02-03T12:00:00Z,wind-power-v1,2026-01-31T18:00:00Z,warning,"[""Uncertainty intervals are not calibrated"", ""Unconfirmed: all source labels use fixed UTC+5 and mark the start of a ten-minute mean; reporting delay is zero and normalization remains unresolved."", ""Source-clock and target normalization semantics remain unconfirmed."", ""Weather availability uses archive-object metadata, not original NOAA publication proof."", ""Forecast target is normalized power; no conversion to MW/MWh is justified.""]"
1.0,2894cd1ac880434acb439edd,1,2026-02-03T18:00:00Z,turbine_1,2026-02-04T02:00:00Z,8,0.301951101236015,normalized_power,gfs_0p25,2026-02-03T12:00:00Z,wind-power-v1,2026-01-31T18:00:00Z,warning,"[""Uncertainty intervals are not calibrated"", ""Unconfirmed: all source labels use fixed UTC+5 and mark the start of a ten-minute mean; reporting delay is zero and normalization remains unresolved."", ""Source-clock and target normalization semantics remain unconfirmed."", ""Weather availability uses archive-object metadata, not original NOAA publication proof."", ""Forecast target is normalized power; no conversion to MW/MWh is justified.""]"
1.0,2894cd1ac880434acb439edd,1,2026-02-03T18:00:00Z,turbine_1,2026-02-04T03:00:00Z,9,0.22668033475184865,normalized_power,gfs_0p25,2026-02-03T12:00:00Z,wind-power-v1,2026-01-31T18:00:00Z,warning,"[""Uncertainty intervals are not calibrated"", ""Unconfirmed: all source labels use fixed UTC+5 and mark the start of a ten-minute mean; reporting delay is zero and normalization remains unresolved."", ""Source-clock and target normalization semantics remain unconfirmed."", ""Weather availability uses archive-object metadata, not original NOAA publication proof."", ""Forecast target is normalized power; no conversion to MW/MWh is justified.""]"
1.0,2894cd1ac880434acb439edd,1,2026-02-03T18:00:00Z,turbine_1,2026-02-04T04:00:00Z,10,0.24667335988161784,normalized_power,gfs_0p25,2026-02-03T12:00:00Z,wind-power-v1,2026-01-31T18:00:00Z,warning,"[""Uncertainty intervals are not calibrated"", ""Unconfirmed: all source labels use fixed UTC+5 and mark the start of a ten-minute mean; reporting delay is zero and normalization remains unresolved."", ""Source-clock and target normalization semantics remain unconfirmed."", ""Weather availability uses archive-object metadata, not original NOAA publication proof."", ""Forecast target is normalized power; no conversion to MW/MWh is justified.""]"
1.0,2894cd1ac880434acb439edd,1,2026-02-03T18:00:00Z,turbine_1,2026-02-04T05:00:00Z,11,0.2534322094744402,normalized_power,gfs_0p25,2026-02-03T12:00:00Z,wind-power-v1,2026-01-31T18:00:00Z,warning,"[""Uncertainty intervals are not calibrated"", ""Unconfirmed: all source labels use fixed UTC+5 and mark the start of a ten-minute mean; reporting delay is zero and normalization remains unresolved."", ""Source-clock and target normalization semantics remain unconfirmed."", ""Weather availability uses archive-object metadata, not original NOAA publication proof."", ""Forecast target is normalized power; no conversion to MW/MWh is justified.""]"
1.0,2894cd1ac880434acb439edd,1,2026-02-03T18:00:00Z,turbine_1,2026-02-04T06:00:00Z,12,0.28641415213234445,normalized_power,gfs_0p25,2026-02-03T12:00:00Z,wind-power-v1,2026-01-31T18:00:00Z,warning,"[""Uncertainty intervals are not calibrated"", ""Unconfirmed: all source labels use fixed UTC+5 and mark the start of a ten-minute mean; reporting delay is zero and normalization remains unresolved."", ""Source-clock and target normalization semantics remain unconfirmed."", ""Weather availability uses archive-object metadata, not original NOAA publication proof."", ""Forecast target is normalized power; no conversion to MW/MWh is justified.""]"
1.0,2894cd1ac880434acb439edd,1,2026-02-03T18:00:00Z,turbine_1,2026-02-04T07:00:00Z,13,0.22808903116494705,normalized_power,gfs_0p25,2026-02-03T12:00:00Z,wind-power-v1,2026-01-31T18:00:00Z,warning,"[""Uncertainty intervals are not calibrated"", ""Unconfirmed: all source labels use fixed UTC+5 and mark the start of a ten-minute mean; reporting delay is zero and normalization remains unresolved."", ""Source-clock and target normalization semantics remain unconfirmed."", ""Weather availability uses archive-object metadata, not original NOAA publication proof."", ""Forecast target is normalized power; no conversion to MW/MWh is justified.""]"
1.0,2894cd1ac880434acb439edd,1,2026-02-03T18:00:00Z,turbine_1,2026-02-04T08:00:00Z,14,0.072171499912979,normalized_power,gfs_0p25,2026-02-03T12:00:00Z,wind-power-v1,2026-01-31T18:00:00Z,warning,"[""Uncertainty intervals are not calibrated"", ""Unconfirmed: all source labels use fixed UTC+5 and mark the start of a ten-minute mean; reporting delay is zero and normalization remains unresolved."", ""Source-clock and target normalization semantics remain unconfirmed."", ""Weather availability uses archive-object metadata, not original NOAA publication proof."", ""Forecast target is normalized power; no conversion to MW/MWh is justified.""]"
1.0,2894cd1ac880434acb439edd,1,2026-02-03T18:00:00Z,turbine_1,2026-02-04T09:00:00Z,15,0.02626282713781759,normalized_power,gfs_0p25,2026-02-03T12:00:00Z,wind-power-v1,2026-01-31T18:00:00Z,warning,"[""Uncertainty intervals are not calibrated"", ""Unconfirmed: all source labels use fixed UTC+5 and mark the start of a ten-minute mean; reporting delay is zero and normalization remains unresolved."", ""Source-clock and target normalization semantics remain unconfirmed."", ""Weather availability uses archive-object metadata, not original NOAA publication proof."", ""Forecast target is normalized power; no conversion to MW/MWh is justified.""]"
1.0,2894cd1ac880434acb439edd,1,2026-02-03T18:00:00Z,turbine_1,2026-02-04T10:00:00Z,16,0.044283143940090273,normalized_power,gfs_0p25,2026-02-03T12:00:00Z,wind-power-v1,2026-01-31T18:00:00Z,warning,"[""Uncertainty intervals are not calibrated"", ""Unconfirmed: all source labels use fixed UTC+5 and mark the start of a ten-minute mean; reporting delay is zero and normalization remains unresolved."", ""Source-clock and target normalization semantics remain unconfirmed."", ""Weather availability uses archive-object metadata, not original NOAA publication proof."", ""Forecast target is normalized power; no conversion to MW/MWh is justified.""]"
1.0,2894cd1ac880434acb439edd,1,2026-02-03T18:00:00Z,turbine_1,2026-02-04T11:00:00Z,17,0.015802984388263778,normalized_power,gfs_0p25,2026-02-03T12:00:00Z,wind-power-v1,2026-01-31T18:00:00Z,warning,"[""Uncertainty intervals are not calibrated"", ""Unconfirmed: all source labels use fixed UTC+5 and mark the start of a ten-minute mean; reporting delay is zero and normalization remains unresolved."", ""Source-clock and target normalization semantics remain unconfirmed."", ""Weather availability uses archive-object metadata, not original NOAA publication proof."", ""Forecast target is normalized power; no conversion to MW/MWh is justified.""]"
1.0,2894cd1ac880434acb439edd,1,2026-02-03T18:00:00Z,turbine_1,2026-02-04T12:00:00Z,18,0.2726610824246376,normalized_power,gfs_0p25,2026-02-03T12:00:00Z,wind-power-v1,2026-01-31T18:00:00Z,warning,"[""Uncertainty intervals are not calibrated"", ""Unconfirmed: all source labels use fixed UTC+5 and mark the start of a ten-minute mean; reporting delay is zero and normalization remains unresolved."", ""Source-clock and target normalization semantics remain unconfirmed."", ""Weather availability uses archive-object metadata, not original NOAA publication proof."", ""Forecast target is normalized power; no conversion to MW/MWh is justified.""]"
1.0,2894cd1ac880434acb439edd,1,2026-02-03T18:00:00Z,turbine_1,2026-02-04T13:00:00Z,19,0.3342823267891244,normalized_power,gfs_0p25,2026-02-03T12:00:00Z,wind-power-v1,2026-01-31T18:00:00Z,warning,"[""Uncertainty intervals are not calibrated"", ""Unconfirmed: all source labels use fixed UTC+5 and mark the start of a ten-minute mean; reporting delay is zero and normalization remains unresolved."", ""Source-clock and target normalization semantics remain unconfirmed."", ""Weather availability uses archive-object metadata, not original NOAA publication proof."", ""Forecast target is normalized power; no conversion to MW/MWh is justified.""]"
1.0,2894cd1ac880434acb439edd,1,2026-02-03T18:00:00Z,turbine_1,2026-02-04T14:00:00Z,20,0.49877783142216686,normalized_power,gfs_0p25,2026-02-03T12:00:00Z,wind-power-v1,2026-01-31T18:00:00Z,warning,"[""Uncertainty intervals are not calibrated"", ""Unconfirmed: all source labels use fixed UTC+5 and mark the start of a ten-minute mean; reporting delay is zero and normalization remains unresolved."", ""Source-clock and target normalization semantics remain unconfirmed."", ""Weather availability uses archive-object metadata, not original NOAA publication proof."", ""Forecast target is normalized power; no conversion to MW/MWh is justified.""]"
1.0,2894cd1ac880434acb439edd,1,2026-02-03T18:00:00Z,turbine_1,2026-02-04T15:00:00Z,21,0.5789046544407702,normalized_power,gfs_0p25,2026-02-03T12:00:00Z,wind-power-v1,2026-01-31T18:00:00Z,warning,"[""Uncertainty intervals are not calibrated"", ""Unconfirmed: all source labels use fixed UTC+5 and mark the start of a ten-minute mean; reporting delay is zero and normalization remains unresolved."", ""Source-clock and target normalization semantics remain unconfirmed."", ""Weather availability uses archive-object metadata, not original NOAA publication proof."", ""Forecast target is normalized power; no conversion to MW/MWh is justified.""]"
1.0,2894cd1ac880434acb439edd,1,2026-02-03T18:00:00Z,turbine_1,2026-02-04T16:00:00Z,22,0.6732906415435387,normalized_power,gfs_0p25,2026-02-03T12:00:00Z,wind-power-v1,2026-01-31T18:00:00Z,warning,"[""Uncertainty intervals are not calibrated"", ""Unconfirmed: all source labels use fixed UTC+5 and mark the start of a ten-minute mean; reporting delay is zero and normalization remains unresolved."", ""Source-clock and target normalization semantics remain unconfirmed."", ""Weather availability uses archive-object metadata, not original NOAA publication proof."", ""Forecast target is normalized power; no conversion to MW/MWh is justified.""]"
1.0,2894cd1ac880434acb439edd,1,2026-02-03T18:00:00Z,turbine_1,2026-02-04T17:00:00Z,23,0.7093034656454629,normalized_power,gfs_0p25,2026-02-03T12:00:00Z,wind-power-v1,2026-01-31T18:00:00Z,warning,"[""Uncertainty intervals are not calibrated"", ""Unconfirmed: all source labels use fixed UTC+5 and mark the start of a ten-minute mean; reporting delay is zero and normalization remains unresolved."", ""Source-clock and target normalization semantics remain unconfirmed."", ""Weather availability uses archive-object metadata, not original NOAA publication proof."", ""Forecast target is normalized power; no conversion to MW/MWh is justified.""]"
1.0,2894cd1ac880434acb439edd,1,2026-02-03T18:00:00Z,turbine_1,2026-02-04T18:00:00Z,24,0.8247780379582214,normalized_power,gfs_0p25,2026-02-03T12:00:00Z,wind-power-v1,2026-01-31T18:00:00Z,warning,"[""Uncertainty intervals are not calibrated"", ""Unconfirmed: all source labels use fixed UTC+5 and mark the start of a ten-minute mean; reporting delay is zero and normalization remains unresolved."", ""Source-clock and target normalization semantics remain unconfirmed."", ""Weather availability uses archive-object metadata, not original NOAA publication proof."", ""Forecast target is normalized power; no conversion to MW/MWh is justified.""]"
1.0,ce2082f89b5e78df11593109,1,2026-02-04T18:00:00Z,turbine_1,2026-02-04T19:00:00Z,1,0.7303787712973061,normalized_power,gfs_0p25,2026-02-04T12:00:00Z,wind-power-v1,2026-01-31T18:00:00Z,warning,"[""Uncertainty intervals are not calibrated"", ""Unconfirmed: all source labels use fixed UTC+5 and mark the start of a ten-minute mean; reporting delay is zero and normalization remains unresolved."", ""Source-clock and target normalization semantics remain unconfirmed."", ""Weather availability uses archive-object metadata, not original NOAA publication proof."", ""Forecast target is normalized power; no conversion to MW/MWh is justified.""]"
1.0,ce2082f89b5e78df11593109,1,2026-02-04T18:00:00Z,turbine_1,2026-02-04T20:00:00Z,2,0.8069191537049581,normalized_power,gfs_0p25,2026-02-04T12:00:00Z,wind-power-v1,2026-01-31T18:00:00Z,warning,"[""Uncertainty intervals are not calibrated"", ""Unconfirmed: all source labels use fixed UTC+5 and mark the start of a ten-minute mean; reporting delay is zero and normalization remains unresolved."", ""Source-clock and target normalization semantics remain unconfirmed."", ""Weather availability uses archive-object metadata, not original NOAA publication proof."", ""Forecast target is normalized power; no conversion to MW/MWh is justified.""]"
1.0,ce2082f89b5e78df11593109,1,2026-02-04T18:00:00Z,turbine_1,2026-02-04T21:00:00Z,3,0.9719535250448402,normalized_power,gfs_0p25,2026-02-04T12:00:00Z,wind-power-v1,2026-01-31T18:00:00Z,warning,"[""Uncertainty intervals are not calibrated"", ""Unconfirmed: all source labels use fixed UTC+5 and mark the start of a ten-minute mean; reporting delay is zero and normalization remains unresolved."", ""Source-clock and target normalization semantics remain unconfirmed."", ""Weather availability uses archive-object metadata, not original NOAA publication proof."", ""Forecast target is normalized power; no conversion to MW/MWh is justified.""]"
1.0,ce2082f89b5e78df11593109,1,2026-02-04T18:00:00Z,turbine_1,2026-02-04T22:00:00Z,4,0.9429276062179532,normalized_power,gfs_0p25,2026-02-04T12:00:00Z,wind-power-v1,2026-01-31T18:00:00Z,warning,"[""Uncertainty intervals are not calibrated"", ""Unconfirmed: all source labels use fixed UTC+5 and mark the start of a ten-minute mean; reporting delay is zero and normalization remains unresolved."", ""Source-clock and target normalization semantics remain unconfirmed."", ""Weather availability uses archive-object metadata, not original NOAA publication proof."", ""Forecast target is normalized power; no conversion to MW/MWh is justified.""]"
1.0,ce2082f89b5e78df11593109,1,2026-02-04T18:00:00Z,turbine_1,2026-02-04T23:00:00Z,5,0.9537039349857631,normalized_power,gfs_0p25,2026-02-04T12:00:00Z,wind-power-v1,2026-01-31T18:00:00Z,warning,"[""Uncertainty intervals are not calibrated"", ""Unconfirmed: all source labels use fixed UTC+5 and mark the start of a ten-minute mean; reporting delay is zero and normalization remains unresolved."", ""Source-clock and target normalization semantics remain unconfirmed."", ""Weather availability uses archive-object metadata, not original NOAA publication proof."", ""Forecast target is normalized power; no conversion to MW/MWh is justified.""]"
1.0,ce2082f89b5e78df11593109,1,2026-02-04T18:00:00Z,turbine_1,2026-02-05T00:00:00Z,6,0.9600260571843063,normalized_power,gfs_0p25,2026-02-04T12:00:00Z,wind-power-v1,2026-01-31T18:00:00Z,warning,"[""Uncertainty intervals are not calibrated"", ""Unconfirmed: all source labels use fixed UTC+5 and mark the start of a ten-minute mean; reporting delay is zero and normalization remains unresolved."", ""Source-clock and target normalization semantics remain unconfirmed."", ""Weather availability uses archive-object metadata, not original NOAA publication proof."", ""Forecast target is normalized power; no conversion to MW/MWh is justified.""]"
1.0,ce2082f89b5e78df11593109,1,2026-02-04T18:00:00Z,turbine_1,2026-02-05T01:00:00Z,7,0.9868103962805823,normalized_power,gfs_0p25,2026-02-04T12:00:00Z,wind-power-v1,2026-01-31T18:00:00Z,warning,"[""Uncertainty intervals are not calibrated"", ""Unconfirmed: all source labels use fixed UTC+5 and mark the start of a ten-minute mean; reporting delay is zero and normalization remains unresolved."", ""Source-clock and target normalization semantics remain unconfirmed."", ""Weather availability uses archive-object metadata, not original NOAA publication proof."", ""Forecast target is normalized power; no conversion to MW/MWh is justified.""]"
1.0,ce2082f89b5e78df11593109,1,2026-02-04T18:00:00Z,turbine_1,2026-02-05T02:00:00Z,8,1.0022287622960582,normalized_power,gfs_0p25,2026-02-04T12:00:00Z,wind-power-v1,2026-01-31T18:00:00Z,warning,"[""Uncertainty intervals are not calibrated"", ""Unconfirmed: all source labels use fixed UTC+5 and mark the start of a ten-minute mean; reporting delay is zero and normalization remains unresolved."", ""Source-clock and target normalization semantics remain unconfirmed."", ""Weather availability uses archive-object metadata, not original NOAA publication proof."", ""Forecast target is normalized power; no conversion to MW/MWh is justified.""]"
1.0,ce2082f89b5e78df11593109,1,2026-02-04T18:00:00Z,turbine_1,2026-02-05T03:00:00Z,9,0.9868103962805823,normalized_power,gfs_0p25,2026-02-04T12:00:00Z,wind-power-v1,2026-01-31T18:00:00Z,warning,"[""Uncertainty intervals are not calibrated"", ""Unconfirmed: all source labels use fixed UTC+5 and mark the start of a ten-minute mean; reporting delay is zero and normalization remains unresolved."", ""Source-clock and target normalization semantics remain unconfirmed."", ""Weather availability uses archive-object metadata, not original NOAA publication proof."", ""Forecast target is normalized power; no conversion to MW/MWh is justified.""]"
1.0,ce2082f89b5e78df11593109,1,2026-02-04T18:00:00Z,turbine_1,2026-02-05T04:00:00Z,10,0.9730769269752462,normalized_power,gfs_0p25,2026-02-04T12:00:00Z,wind-power-v1,2026-01-31T18:00:00Z,warning,"[""Uncertainty intervals are not calibrated"", ""Unconfirmed: all source labels use fixed UTC+5 and mark the start of a ten-minute mean; reporting delay is zero and normalization remains unresolved."", ""Source-clock and target normalization semantics remain unconfirmed."", ""Weather availability uses archive-object metadata, not original NOAA publication proof."", ""Forecast target is normalized power; no conversion to MW/MWh is justified.""]"
1.0,ce2082f89b5e78df11593109,1,2026-02-04T18:00:00Z,turbine_1,2026-02-05T05:00:00Z,11,0.9355021724873168,normalized_power,gfs_0p25,2026-02-04T12:00:00Z,wind-power-v1,2026-01-31T18:00:00Z,warning,"[""Uncertainty intervals are not calibrated"", ""Unconfirmed: all source labels use fixed UTC+5 and mark the start of a ten-minute mean; reporting delay is zero and normalization remains unresolved."", ""Source-clock and target normalization semantics remain unconfirmed."", ""Weather availability uses archive-object metadata, not original NOAA publication proof."", ""Forecast target is normalized power; no conversion to MW/MWh is justified.""]"
1.0,ce2082f89b5e78df11593109,1,2026-02-04T18:00:00Z,turbine_1,2026-02-05T06:00:00Z,12,0.9250528646066264,normalized_power,gfs_0p25,2026-02-04T12:00:00Z,wind-power-v1,2026-01-31T18:00:00Z,warning,"[""Uncertainty intervals are not calibrated"", ""Unconfirmed: all source labels use fixed UTC+5 and mark the start of a ten-minute mean; reporting delay is zero and normalization remains unresolved."", ""Source-clock and target normalization semantics remain unconfirmed."", ""Weather availability uses archive-object metadata, not original NOAA publication proof."", ""Forecast target is normalized power; no conversion to MW/MWh is justified.""]"
1.0,ce2082f89b5e78df11593109,1,2026-02-04T18:00:00Z,turbine_1,2026-02-05T07:00:00Z,13,0.6759775942041496,normalized_power,gfs_0p25,2026-02-04T12:00:00Z,wind-power-v1,2026-01-31T18:00:00Z,warning,"[""Uncertainty intervals are not calibrated"", ""Unconfirmed: all source labels use fixed UTC+5 and mark the start of a ten-minute mean; reporting delay is zero and normalization remains unresolved."", ""Source-clock and target normalization semantics remain unconfirmed."", ""Weather availability uses archive-object metadata, not original NOAA publication proof."", ""Forecast target is normalized power; no conversion to MW/MWh is justified.""]"
1.0,ce2082f89b5e78df11593109,1,2026-02-04T18:00:00Z,turbine_1,2026-02-05T08:00:00Z,14,0.9419184936712105,normalized_power,gfs_0p25,2026-02-04T12:00:00Z,wind-power-v1,2026-01-31T18:00:00Z,warning,"[""Uncertainty intervals are not calibrated"", ""Unconfirmed: all source labels use fixed UTC+5 and mark the start of a ten-minute mean; reporting delay is zero and normalization remains unresolved."", ""Source-clock and target normalization semantics remain unconfirmed."", ""Weather availability uses archive-object metadata, not original NOAA publication proof."", ""Forecast target is normalized power; no conversion to MW/MWh is justified.""]"
1.0,ce2082f89b5e78df11593109,1,2026-02-04T18:00:00Z,turbine_1,2026-02-05T09:00:00Z,15,1.0420968214207074,normalized_power,gfs_0p25,2026-02-04T12:00:00Z,wind-power-v1,2026-01-31T18:00:00Z,warning,"[""Uncertainty intervals are not calibrated"", ""Unconfirmed: all source labels use fixed UTC+5 and mark the start of a ten-minute mean; reporting delay is zero and normalization remains unresolved."", ""Source-clock and target normalization semantics remain unconfirmed."", ""Weather availability uses archive-object metadata, not original NOAA publication proof."", ""Forecast target is normalized power; no conversion to MW/MWh is justified.""]"
1.0,ce2082f89b5e78df11593109,1,2026-02-04T18:00:00Z,turbine_1,2026-02-05T10:00:00Z,16,0.8643448718621659,normalized_power,gfs_0p25,2026-02-04T12:00:00Z,wind-power-v1,2026-01-31T18:00:00Z,warning,"[""Uncertainty intervals are not calibrated"", ""Unconfirmed: all source labels use fixed UTC+5 and mark the start of a ten-minute mean; reporting delay is zero and normalization remains unresolved."", ""Source-clock and target normalization semantics remain unconfirmed."", ""Weather availability uses archive-object metadata, not original NOAA publication proof."", ""Forecast target is normalized power; no conversion to MW/MWh is justified.""]"
1.0,ce2082f89b5e78df11593109,1,2026-02-04T18:00:00Z,turbine_1,2026-02-05T11:00:00Z,17,0.5569306306116673,normalized_power,gfs_0p25,2026-02-04T12:00:00Z,wind-power-v1,2026-01-31T18:00:00Z,warning,"[""Uncertainty intervals are not calibrated"", ""Unconfirmed: all source labels use fixed UTC+5 and mark the start of a ten-minute mean; reporting delay is zero and normalization remains unresolved."", ""Source-clock and target normalization semantics remain unconfirmed."", ""Weather availability uses archive-object metadata, not original NOAA publication proof."", ""Forecast target is normalized power; no conversion to MW/MWh is justified.""]"
1.0,ce2082f89b5e78df11593109,1,2026-02-04T18:00:00Z,turbine_1,2026-02-05T12:00:00Z,18,0.6468500892641087,normalized_power,gfs_0p25,2026-02-04T12:00:00Z,wind-power-v1,2026-01-31T18:00:00Z,warning,"[""Uncertainty intervals are not calibrated"", ""Unconfirmed: all source labels use fixed UTC+5 and mark the start of a ten-minute mean; reporting delay is zero and normalization remains unresolved."", ""Source-clock and target normalization semantics remain unconfirmed."", ""Weather availability uses archive-object metadata, not original NOAA publication proof."", ""Forecast target is normalized power; no conversion to MW/MWh is justified.""]"
1.0,ce2082f89b5e78df11593109,1,2026-02-04T18:00:00Z,turbine_1,2026-02-05T13:00:00Z,19,0.6900499198969313,normalized_power,gfs_0p25,2026-02-04T12:00:00Z,wind-power-v1,2026-01-31T18:00:00Z,warning,"[""Uncertainty intervals are not calibrated"", ""Unconfirmed: all source labels use fixed UTC+5 and mark the start of a ten-minute mean; reporting delay is zero and normalization remains unresolved."", ""Source-clock and target normalization semantics remain unconfirmed."", ""Weather availability uses archive-object metadata, not original NOAA publication proof."", ""Forecast target is normalized power; no conversion to MW/MWh is justified.""]"
1.0,ce2082f89b5e78df11593109,1,2026-02-04T18:00:00Z,turbine_1,2026-02-05T14:00:00Z,20,0.5915733534838142,normalized_power,gfs_0p25,2026-02-04T12:00:00Z,wind-power-v1,2026-01-31T18:00:00Z,warning,"[""Uncertainty intervals are not calibrated"", ""Unconfirmed: all source labels use fixed UTC+5 and mark the start of a ten-minute mean; reporting delay is zero and normalization remains unresolved."", ""Source-clock and target normalization semantics remain unconfirmed."", ""Weather availability uses archive-object metadata, not original NOAA publication proof."", ""Forecast target is normalized power; no conversion to MW/MWh is justified.""]"
1.0,ce2082f89b5e78df11593109,1,2026-02-04T18:00:00Z,turbine_1,2026-02-05T15:00:00Z,21,0.6282505639810628,normalized_power,gfs_0p25,2026-02-04T12:00:00Z,wind-power-v1,2026-01-31T18:00:00Z,warning,"[""Uncertainty intervals are not calibrated"", ""Unconfirmed: all source labels use fixed UTC+5 and mark the start of a ten-minute mean; reporting delay is zero and normalization remains unresolved."", ""Source-clock and target normalization semantics remain unconfirmed."", ""Weather availability uses archive-object metadata, not original NOAA publication proof."", ""Forecast target is normalized power; no conversion to MW/MWh is justified.""]"
1.0,ce2082f89b5e78df11593109,1,2026-02-04T18:00:00Z,turbine_1,2026-02-05T16:00:00Z,22,0.6017766561997031,normalized_power,gfs_0p25,2026-02-04T12:00:00Z,wind-power-v1,2026-01-31T18:00:00Z,warning,"[""Uncertainty intervals are not calibrated"", ""Unconfirmed: all source labels use fixed UTC+5 and mark the start of a ten-minute mean; reporting delay is zero and normalization remains unresolved."", ""Source-clock and target normalization semantics remain unconfirmed."", ""Weather availability uses archive-object metadata, not original NOAA publication proof."", ""Forecast target is normalized power; no conversion to MW/MWh is justified.""]"
1.0,ce2082f89b5e78df11593109,1,2026-02-04T18:00:00Z,turbine_1,2026-02-05T17:00:00Z,23,0.636333195083606,normalized_power,gfs_0p25,2026-02-04T12:00:00Z,wind-power-v1,2026-01-31T18:00:00Z,warning,"[""Uncertainty intervals are not calibrated"", ""Unconfirmed: all source labels use fixed UTC+5 and mark the start of a ten-minute mean; reporting delay is zero and normalization remains unresolved."", ""Source-clock and target normalization semantics remain unconfirmed."", ""Weather availability uses archive-object metadata, not original NOAA publication proof."", ""Forecast target is normalized power; no conversion to MW/MWh is justified.""]"
1.0,ce2082f89b5e78df11593109,1,2026-02-04T18:00:00Z,turbine_1,2026-02-05T18:00:00Z,24,0.5593733730695095,normalized_power,gfs_0p25,2026-02-04T12:00:00Z,wind-power-v1,2026-01-31T18:00:00Z,warning,"[""Uncertainty intervals are not calibrated"", ""Unconfirmed: all source labels use fixed UTC+5 and mark the start of a ten-minute mean; reporting delay is zero and normalization remains unresolved."", ""Source-clock and target normalization semantics remain unconfirmed."", ""Weather availability uses archive-object metadata, not original NOAA publication proof."", ""Forecast target is normalized power; no conversion to MW/MWh is justified.""]"
1.0,70d7a28a1c4cbc56e906574f,1,2026-02-05T18:00:00Z,turbine_1,2026-02-05T19:00:00Z,1,0.6465054972946785,normalized_power,gfs_0p25,2026-02-05T12:00:00Z,wind-power-v1,2026-01-31T18:00:00Z,warning,"[""Uncertainty intervals are not calibrated"", ""Unconfirmed: all source labels use fixed UTC+5 and mark the start of a ten-minute mean; reporting delay is zero and normalization remains unresolved."", ""Source-clock and target normalization semantics remain unconfirmed."", ""Weather availability uses archive-object metadata, not original NOAA publication proof."", ""Forecast target is normalized power; no conversion to MW/MWh is justified.""]"
1.0,70d7a28a1c4cbc56e906574f,1,2026-02-05T18:00:00Z,turbine_1,2026-02-05T20:00:00Z,2,0.4232038799838485,normalized_power,gfs_0p25,2026-02-05T12:00:00Z,wind-power-v1,2026-01-31T18:00:00Z,warning,"[""Uncertainty intervals are not calibrated"", ""Unconfirmed: all source labels use fixed UTC+5 and mark the start of a ten-minute mean; reporting delay is zero and normalization remains unresolved."", ""Source-clock and target normalization semantics remain unconfirmed."", ""Weather availability uses archive-object metadata, not original NOAA publication proof."", ""Forecast target is normalized power; no conversion to MW/MWh is justified.""]"
1.0,70d7a28a1c4cbc56e906574f,1,2026-02-05T18:00:00Z,turbine_1,2026-02-05T21:00:00Z,3,0.34268877752224436,normalized_power,gfs_0p25,2026-02-05T12:00:00Z,wind-power-v1,2026-01-31T18:00:00Z,warning,"[""Uncertainty intervals are not calibrated"", ""Unconfirmed: all source labels use fixed UTC+5 and mark the start of a ten-minute mean; reporting delay is zero and normalization remains unresolved."", ""Source-clock and target normalization semantics remain unconfirmed."", ""Weather availability uses archive-object metadata, not original NOAA publication proof."", ""Forecast target is normalized power; no conversion to MW/MWh is justified.""]"
1.0,70d7a28a1c4cbc56e906574f,1,2026-02-05T18:00:00Z,turbine_1,2026-02-05T22:00:00Z,4,0.39736272014787205,normalized_power,gfs_0p25,2026-02-05T12:00:00Z,wind-power-v1,2026-01-31T18:00:00Z,warning,"[""Uncertainty intervals are not calibrated"", ""Unconfirmed: all source labels use fixed UTC+5 and mark the start of a ten-minute mean; reporting delay is zero and normalization remains unresolved."", ""Source-clock and target normalization semantics remain unconfirmed."", ""Weather availability uses archive-object metadata, not original NOAA publication proof."", ""Forecast target is normalized power; no conversion to MW/MWh is justified.""]"
1.0,70d7a28a1c4cbc56e906574f,1,2026-02-05T18:00:00Z,turbine_1,2026-02-05T23:00:00Z,5,0.3994917288061449,normalized_power,gfs_0p25,2026-02-05T12:00:00Z,wind-power-v1,2026-01-31T18:00:00Z,warning,"[""Uncertainty intervals are not calibrated"", ""Unconfirmed: all source labels use fixed UTC+5 and mark the start of a ten-minute mean; reporting delay is zero and normalization remains unresolved."", ""Source-clock and target normalization semantics remain unconfirmed."", ""Weather availability uses archive-object metadata, not original NOAA publication proof."", ""Forecast target is normalized power; no conversion to MW/MWh is justified.""]"
1.0,70d7a28a1c4cbc56e906574f,1,2026-02-05T18:00:00Z,turbine_1,2026-02-06T00:00:00Z,6,0.35460557935812187,normalized_power,gfs_0p25,2026-02-05T12:00:00Z,wind-power-v1,2026-01-31T18:00:00Z,warning,"[""Uncertainty intervals are not calibrated"", ""Unconfirmed: all source labels use fixed UTC+5 and mark the start of a ten-minute mean; reporting delay is zero and normalization remains unresolved."", ""Source-clock and target normalization semantics remain unconfirmed."", ""Weather availability uses archive-object metadata, not original NOAA publication proof."", ""Forecast target is normalized power; no conversion to MW/MWh is justified.""]"
1.0,70d7a28a1c4cbc56e906574f,1,2026-02-05T18:00:00Z,turbine_1,2026-02-06T01:00:00Z,7,0.25240729620965663,normalized_power,gfs_0p25,2026-02-05T12:00:00Z,wind-power-v1,2026-01-31T18:00:00Z,warning,"[""Uncertainty intervals are not calibrated"", ""Unconfirmed: all source labels use fixed UTC+5 and mark the start of a ten-minute mean; reporting delay is zero and normalization remains unresolved."", ""Source-clock and target normalization semantics remain unconfirmed."", ""Weather availability uses archive-object metadata, not original NOAA publication proof."", ""Forecast target is normalized power; no conversion to MW/MWh is justified.""]"
1.0,70d7a28a1c4cbc56e906574f,1,2026-02-05T18:00:00Z,turbine_1,2026-02-06T02:00:00Z,8,0.11448738030137921,normalized_power,gfs_0p25,2026-02-05T12:00:00Z,wind-power-v1,2026-01-31T18:00:00Z,warning,"[""Uncertainty intervals are not calibrated"", ""Unconfirmed: all source labels use fixed UTC+5 and mark the start of a ten-minute mean; reporting delay is zero and normalization remains unresolved."", ""Source-clock and target normalization semantics remain unconfirmed."", ""Weather availability uses archive-object metadata, not original NOAA publication proof."", ""Forecast target is normalized power; no conversion to MW/MWh is justified.""]"
1.0,70d7a28a1c4cbc56e906574f,1,2026-02-05T18:00:00Z,turbine_1,2026-02-06T03:00:00Z,9,0.07282023229126897,normalized_power,gfs_0p25,2026-02-05T12:00:00Z,wind-power-v1,2026-01-31T18:00:00Z,warning,"[""Uncertainty intervals are not calibrated"", ""Unconfirmed: all source labels use fixed UTC+5 and mark the start of a ten-minute mean; reporting delay is zero and normalization remains unresolved."", ""Source-clock and target normalization semantics remain unconfirmed."", ""Weather availability uses archive-object metadata, not original NOAA publication proof."", ""Forecast target is normalized power; no conversion to MW/MWh is justified.""]"
1.0,70d7a28a1c4cbc56e906574f,1,2026-02-05T18:00:00Z,turbine_1,2026-02-06T04:00:00Z,10,0.05894469077543842,normalized_power,gfs_0p25,2026-02-05T12:00:00Z,wind-power-v1,2026-01-31T18:00:00Z,warning,"[""Uncertainty intervals are not calibrated"", ""Unconfirmed: all source labels use fixed UTC+5 and mark the start of a ten-minute mean; reporting delay is zero and normalization remains unresolved."", ""Source-clock and target normalization semantics remain unconfirmed."", ""Weather availability uses archive-object metadata, not original NOAA publication proof."", ""Forecast target is normalized power; no conversion to MW/MWh is justified.""]"
1.0,70d7a28a1c4cbc56e906574f,1,2026-02-05T18:00:00Z,turbine_1,2026-02-06T05:00:00Z,11,0.42653119602812634,normalized_power,gfs_0p25,2026-02-05T12:00:00Z,wind-power-v1,2026-01-31T18:00:00Z,warning,"[""Uncertainty intervals are not calibrated"", ""Unconfirmed: all source labels use fixed UTC+5 and mark the start of a ten-minute mean; reporting delay is zero and normalization remains unresolved."", ""Source-clock and target normalization semantics remain unconfirmed."", ""Weather availability uses archive-object metadata, not original NOAA publication proof."", ""Forecast target is normalized power; no conversion to MW/MWh is justified.""]"
1.0,70d7a28a1c4cbc56e906574f,1,2026-02-05T18:00:00Z,turbine_1,2026-02-06T06:00:00Z,12,0.22996400957614227,normalized_power,gfs_0p25,2026-02-05T12:00:00Z,wind-power-v1,2026-01-31T18:00:00Z,warning,"[""Uncertainty intervals are not calibrated"", ""Unconfirmed: all source labels use fixed UTC+5 and mark the start of a ten-minute mean; reporting delay is zero and normalization remains unresolved."", ""Source-clock and target normalization semantics remain unconfirmed."", ""Weather availability uses archive-object metadata, not original NOAA publication proof."", ""Forecast target is normalized power; no conversion to MW/MWh is justified.""]"
1.0,70d7a28a1c4cbc56e906574f,1,2026-02-05T18:00:00Z,turbine_1,2026-02-06T07:00:00Z,13,0.5375140140919249,normalized_power,gfs_0p25,2026-02-05T12:00:00Z,wind-power-v1,2026-01-31T18:00:00Z,warning,"[""Uncertainty intervals are not calibrated"", ""Unconfirmed: all source labels use fixed UTC+5 and mark the start of a ten-minute mean; reporting delay is zero and normalization remains unresolved."", ""Source-clock and target normalization semantics remain unconfirmed."", ""Weather availability uses archive-object metadata, not original NOAA publication proof."", ""Forecast target is normalized power; no conversion to MW/MWh is justified.""]"
1.0,70d7a28a1c4cbc56e906574f,1,2026-02-05T18:00:00Z,turbine_1,2026-02-06T08:00:00Z,14,0.9639989887037002,normalized_power,gfs_0p25,2026-02-05T12:00:00Z,wind-power-v1,2026-01-31T18:00:00Z,warning,"[""Uncertainty intervals are not calibrated"", ""Unconfirmed: all source labels use fixed UTC+5 and mark the start of a ten-minute mean; reporting delay is zero and normalization remains unresolved."", ""Source-clock and target normalization semantics remain unconfirmed."", ""Weather availability uses archive-object metadata, not original NOAA publication proof."", ""Forecast target is normalized power; no conversion to MW/MWh is justified.""]"
1.0,70d7a28a1c4cbc56e906574f,1,2026-02-05T18:00:00Z,turbine_1,2026-02-06T09:00:00Z,15,0.9772573993253376,normalized_power,gfs_0p25,2026-02-05T12:00:00Z,wind-power-v1,2026-01-31T18:00:00Z,warning,"[""Uncertainty intervals are not calibrated"", ""Unconfirmed: all source labels use fixed UTC+5 and mark the start of a ten-minute mean; reporting delay is zero and normalization remains unresolved."", ""Source-clock and target normalization semantics remain unconfirmed."", ""Weather availability uses archive-object metadata, not original NOAA publication proof."", ""Forecast target is normalized power; no conversion to MW/MWh is justified.""]"
1.0,70d7a28a1c4cbc56e906574f,1,2026-02-05T18:00:00Z,turbine_1,2026-02-06T10:00:00Z,16,0.9509950581619874,normalized_power,gfs_0p25,2026-02-05T12:00:00Z,wind-power-v1,2026-01-31T18:00:00Z,warning,"[""Uncertainty intervals are not calibrated"", ""Unconfirmed: all source labels use fixed UTC+5 and mark the start of a ten-minute mean; reporting delay is zero and normalization remains unresolved."", ""Source-clock and target normalization semantics remain unconfirmed."", ""Weather availability uses archive-object metadata, not original NOAA publication proof."", ""Forecast target is normalized power; no conversion to MW/MWh is justified.""]"
1.0,70d7a28a1c4cbc56e906574f,1,2026-02-05T18:00:00Z,turbine_1,2026-02-06T11:00:00Z,17,0.9777197678844743,normalized_power,gfs_0p25,2026-02-05T12:00:00Z,wind-power-v1,2026-01-31T18:00:00Z,warning,"[""Uncertainty intervals are not calibrated"", ""Unconfirmed: all source labels use fixed UTC+5 and mark the start of a ten-minute mean; reporting delay is zero and normalization remains unresolved."", ""Source-clock and target normalization semantics remain unconfirmed."", ""Weather availability uses archive-object metadata, not original NOAA publication proof."", ""Forecast target is normalized power; no conversion to MW/MWh is justified.""]"
1.0,70d7a28a1c4cbc56e906574f,1,2026-02-05T18:00:00Z,turbine_1,2026-02-06T12:00:00Z,18,0.9697882075400311,normalized_power,gfs_0p25,2026-02-05T12:00:00Z,wind-power-v1,2026-01-31T18:00:00Z,warning,"[""Uncertainty intervals are not calibrated"", ""Unconfirmed: all source labels use fixed UTC+5 and mark the start of a ten-minute mean; reporting delay is zero and normalization remains unresolved."", ""Source-clock and target normalization semantics remain unconfirmed."", ""Weather availability uses archive-object metadata, not original NOAA publication proof."", ""Forecast target is normalized power; no conversion to MW/MWh is justified.""]"
1.0,70d7a28a1c4cbc56e906574f,1,2026-02-05T18:00:00Z,turbine_1,2026-02-06T13:00:00Z,19,1.0165336987005282,normalized_power,gfs_0p25,2026-02-05T12:00:00Z,wind-power-v1,2026-01-31T18:00:00Z,warning,"[""Uncertainty intervals are not calibrated"", ""Unconfirmed: all source labels use fixed UTC+5 and mark the start of a ten-minute mean; reporting delay is zero and normalization remains unresolved."", ""Source-clock and target normalization semantics remain unconfirmed."", ""Weather availability uses archive-object metadata, not original NOAA publication proof."", ""Forecast target is normalized power; no conversion to MW/MWh is justified.""]"
1.0,70d7a28a1c4cbc56e906574f,1,2026-02-05T18:00:00Z,turbine_1,2026-02-06T14:00:00Z,20,0.9649116591446543,normalized_power,gfs_0p25,2026-02-05T12:00:00Z,wind-power-v1,2026-01-31T18:00:00Z,warning,"[""Uncertainty intervals are not calibrated"", ""Unconfirmed: all source labels use fixed UTC+5 and mark the start of a ten-minute mean; reporting delay is zero and normalization remains unresolved."", ""Source-clock and target normalization semantics remain unconfirmed."", ""Weather availability uses archive-object metadata, not original NOAA publication proof."", ""Forecast target is normalized power; no conversion to MW/MWh is justified.""]"
1.0,70d7a28a1c4cbc56e906574f,1,2026-02-05T18:00:00Z,turbine_1,2026-02-06T15:00:00Z,21,0.9878584182373529,normalized_power,gfs_0p25,2026-02-05T12:00:00Z,wind-power-v1,2026-01-31T18:00:00Z,warning,"[""Uncertainty intervals are not calibrated"", ""Unconfirmed: all source labels use fixed UTC+5 and mark the start of a ten-minute mean; reporting delay is zero and normalization remains unresolved."", ""Source-clock and target normalization semantics remain unconfirmed."", ""Weather availability uses archive-object metadata, not original NOAA publication proof."", ""Forecast target is normalized power; no conversion to MW/MWh is justified.""]"
1.0,70d7a28a1c4cbc56e906574f,1,2026-02-05T18:00:00Z,turbine_1,2026-02-06T16:00:00Z,22,0.8925133240410019,normalized_power,gfs_0p25,2026-02-05T12:00:00Z,wind-power-v1,2026-01-31T18:00:00Z,warning,"[""Uncertainty intervals are not calibrated"", ""Unconfirmed: all source labels use fixed UTC+5 and mark the start of a ten-minute mean; reporting delay is zero and normalization remains unresolved."", ""Source-clock and target normalization semantics remain unconfirmed."", ""Weather availability uses archive-object metadata, not original NOAA publication proof."", ""Forecast target is normalized power; no conversion to MW/MWh is justified.""]"
1.0,70d7a28a1c4cbc56e906574f,1,2026-02-05T18:00:00Z,turbine_1,2026-02-06T17:00:00Z,23,0.750746107000331,normalized_power,gfs_0p25,2026-02-05T12:00:00Z,wind-power-v1,2026-01-31T18:00:00Z,warning,"[""Uncertainty intervals are not calibrated"", ""Unconfirmed: all source labels use fixed UTC+5 and mark the start of a ten-minute mean; reporting delay is zero and normalization remains unresolved."", ""Source-clock and target normalization semantics remain unconfirmed."", ""Weather availability uses archive-object metadata, not original NOAA publication proof."", ""Forecast target is normalized power; no conversion to MW/MWh is justified.""]"
1.0,70d7a28a1c4cbc56e906574f,1,2026-02-05T18:00:00Z,turbine_1,2026-02-06T18:00:00Z,24,0.7331001954224184,normalized_power,gfs_0p25,2026-02-05T12:00:00Z,wind-power-v1,2026-01-31T18:00:00Z,warning,"[""Uncertainty intervals are not calibrated"", ""Unconfirmed: all source labels use fixed UTC+5 and mark the start of a ten-minute mean; reporting delay is zero and normalization remains unresolved."", ""Source-clock and target normalization semantics remain unconfirmed."", ""Weather availability uses archive-object metadata, not original NOAA publication proof."", ""Forecast target is normalized power; no conversion to MW/MWh is justified.""]"
1.0,5b8d69898b752025a614da78,1,2026-02-06T18:00:00Z,turbine_1,2026-02-06T19:00:00Z,1,0.7088598763526421,normalized_power,gfs_0p25,2026-02-06T12:00:00Z,wind-power-v1,2026-01-31T18:00:00Z,warning,"[""Uncertainty intervals are not calibrated"", ""Unconfirmed: all source labels use fixed UTC+5 and mark the start of a ten-minute mean; reporting delay is zero and normalization remains unresolved."", ""Source-clock and target normalization semantics remain unconfirmed."", ""Weather availability uses archive-object metadata, not original NOAA publication proof."", ""Forecast target is normalized power; no conversion to MW/MWh is justified.""]"
1.0,5b8d69898b752025a614da78,1,2026-02-06T18:00:00Z,turbine_1,2026-02-06T20:00:00Z,2,0.7180039178328607,normalized_power,gfs_0p25,2026-02-06T12:00:00Z,wind-power-v1,2026-01-31T18:00:00Z,warning,"[""Uncertainty intervals are not calibrated"", ""Unconfirmed: all source labels use fixed UTC+5 and mark the start of a ten-minute mean; reporting delay is zero and normalization remains unresolved."", ""Source-clock and target normalization semantics remain unconfirmed."", ""Weather availability uses archive-object metadata, not original NOAA publication proof."", ""Forecast target is normalized power; no conversion to MW/MWh is justified.""]"
1.0,5b8d69898b752025a614da78,1,2026-02-06T18:00:00Z,turbine_1,2026-02-06T21:00:00Z,3,0.7050427381301434,normalized_power,gfs_0p25,2026-02-06T12:00:00Z,wind-power-v1,2026-01-31T18:00:00Z,warning,"[""Uncertainty intervals are not calibrated"", ""Unconfirmed: all source labels use fixed UTC+5 and mark the start of a ten-minute mean; reporting delay is zero and normalization remains unresolved."", ""Source-clock and target normalization semantics remain unconfirmed."", ""Weather availability uses archive-object metadata, not original NOAA publication proof."", ""Forecast target is normalized power; no conversion to MW/MWh is justified.""]"
1.0,5b8d69898b752025a614da78,1,2026-02-06T18:00:00Z,turbine_1,2026-02-06T22:00:00Z,4,0.44564098646250044,normalized_power,gfs_0p25,2026-02-06T12:00:00Z,wind-power-v1,2026-01-31T18:00:00Z,warning,"[""Uncertainty intervals are not calibrated"", ""Unconfirmed: all source labels use fixed UTC+5 and mark the start of a ten-minute mean; reporting delay is zero and normalization remains unresolved."", ""Source-clock and target normalization semantics remain unconfirmed."", ""Weather availability uses archive-object metadata, not original NOAA publication proof."", ""Forecast target is normalized power; no conversion to MW/MWh is justified.""]"
1.0,5b8d69898b752025a614da78,1,2026-02-06T18:00:00Z,turbine_1,2026-02-06T23:00:00Z,5,0.19942899629229677,normalized_power,gfs_0p25,2026-02-06T12:00:00Z,wind-power-v1,2026-01-31T18:00:00Z,warning,"[""Uncertainty intervals are not calibrated"", ""Unconfirmed: all source labels use fixed UTC+5 and mark the start of a ten-minute mean; reporting delay is zero and normalization remains unresolved."", ""Source-clock and target normalization semantics remain unconfirmed."", ""Weather availability uses archive-object metadata, not original NOAA publication proof."", ""Forecast target is normalized power; no conversion to MW/MWh is justified.""]"
1.0,5b8d69898b752025a614da78,1,2026-02-06T18:00:00Z,turbine_1,2026-02-07T00:00:00Z,6,0.10117269366903181,normalized_power,gfs_0p25,2026-02-06T12:00:00Z,wind-power-v1,2026-01-31T18:00:00Z,warning,"[""Uncertainty intervals are not calibrated"", ""Unconfirmed: all source labels use fixed UTC+5 and mark the start of a ten-minute mean; reporting delay is zero and normalization remains unresolved."", ""Source-clock and target normalization semantics remain unconfirmed."", ""Weather availability uses archive-object metadata, not original NOAA publication proof."", ""Forecast target is normalized power; no conversion to MW/MWh is justified.""]"
1.0,5b8d69898b752025a614da78,1,2026-02-06T18:00:00Z,turbine_1,2026-02-07T01:00:00Z,7,0.08646831889013507,normalized_power,gfs_0p25,2026-02-06T12:00:00Z,wind-power-v1,2026-01-31T18:00:00Z,warning,"[""Uncertainty intervals are not calibrated"", ""Unconfirmed: all source labels use fixed UTC+5 and mark the start of a ten-minute mean; reporting delay is zero and normalization remains unresolved."", ""Source-clock and target normalization semantics remain unconfirmed."", ""Weather availability uses archive-object metadata, not original NOAA publication proof."", ""Forecast target is normalized power; no conversion to MW/MWh is justified.""]"
1.0,5b8d69898b752025a614da78,1,2026-02-06T18:00:00Z,turbine_1,2026-02-07T02:00:00Z,8,0.06344709674002338,normalized_power,gfs_0p25,2026-02-06T12:00:00Z,wind-power-v1,2026-01-31T18:00:00Z,warning,"[""Uncertainty intervals are not calibrated"", ""Unconfirmed: all source labels use fixed UTC+5 and mark the start of a ten-minute mean; reporting delay is zero and normalization remains unresolved."", ""Source-clock and target normalization semantics remain unconfirmed."", ""Weather availability uses archive-object metadata, not original NOAA publication proof."", ""Forecast target is normalized power; no conversion to MW/MWh is justified.""]"
1.0,5b8d69898b752025a614da78,1,2026-02-06T18:00:00Z,turbine_1,2026-02-07T03:00:00Z,9,0.07293438912108238,normalized_power,gfs_0p25,2026-02-06T12:00:00Z,wind-power-v1,2026-01-31T18:00:00Z,warning,"[""Uncertainty intervals are not calibrated"", ""Unconfirmed: all source labels use fixed UTC+5 and mark the start of a ten-minute mean; reporting delay is zero and normalization remains unresolved."", ""Source-clock and target normalization semantics remain unconfirmed."", ""Weather availability uses archive-object metadata, not original NOAA publication proof."", ""Forecast target is normalized power; no conversion to MW/MWh is justified.""]"
1.0,5b8d69898b752025a614da78,1,2026-02-06T18:00:00Z,turbine_1,2026-02-07T04:00:00Z,10,0.050112103190343746,normalized_power,gfs_0p25,2026-02-06T12:00:00Z,wind-power-v1,2026-01-31T18:00:00Z,warning,"[""Uncertainty intervals are not calibrated"", ""Unconfirmed: all source labels use fixed UTC+5 and mark the start of a ten-minute mean; reporting delay is zero and normalization remains unresolved."", ""Source-clock and target normalization semantics remain unconfirmed."", ""Weather availability uses archive-object metadata, not original NOAA publication proof."", ""Forecast target is normalized power; no conversion to MW/MWh is justified.""]"
1.0,5b8d69898b752025a614da78,1,2026-02-06T18:00:00Z,turbine_1,2026-02-07T05:00:00Z,11,0.353326186869089,normalized_power,gfs_0p25,2026-02-06T12:00:00Z,wind-power-v1,2026-01-31T18:00:00Z,warning,"[""Uncertainty intervals are not calibrated"", ""Unconfirmed: all source labels use fixed UTC+5 and mark the start of a ten-minute mean; reporting delay is zero and normalization remains unresolved."", ""Source-clock and target normalization semantics remain unconfirmed."", ""Weather availability uses archive-object metadata, not original NOAA publication proof."", ""Forecast target is normalized power; no conversion to MW/MWh is justified.""]"
1.0,5b8d69898b752025a614da78,1,2026-02-06T18:00:00Z,turbine_1,2026-02-07T06:00:00Z,12,0.3987443066987546,normalized_power,gfs_0p25,2026-02-06T12:00:00Z,wind-power-v1,2026-01-31T18:00:00Z,warning,"[""Uncertainty intervals are not calibrated"", ""Unconfirmed: all source labels use fixed UTC+5 and mark the start of a ten-minute mean; reporting delay is zero and normalization remains unresolved."", ""Source-clock and target normalization semantics remain unconfirmed."", ""Weather availability uses archive-object metadata, not original NOAA publication proof."", ""Forecast target is normalized power; no conversion to MW/MWh is justified.""]"
1.0,5b8d69898b752025a614da78,1,2026-02-06T18:00:00Z,turbine_1,2026-02-07T07:00:00Z,13,0.3808781826167534,normalized_power,gfs_0p25,2026-02-06T12:00:00Z,wind-power-v1,2026-01-31T18:00:00Z,warning,"[""Uncertainty intervals are not calibrated"", ""Unconfirmed: all source labels use fixed UTC+5 and mark the start of a ten-minute mean; reporting delay is zero and normalization remains unresolved."", ""Source-clock and target normalization semantics remain unconfirmed."", ""Weather availability uses archive-object metadata, not original NOAA publication proof."", ""Forecast target is normalized power; no conversion to MW/MWh is justified.""]"
1.0,5b8d69898b752025a614da78,1,2026-02-06T18:00:00Z,turbine_1,2026-02-07T08:00:00Z,14,0.3656774401194475,normalized_power,gfs_0p25,2026-02-06T12:00:00Z,wind-power-v1,2026-01-31T18:00:00Z,warning,"[""Uncertainty intervals are not calibrated"", ""Unconfirmed: all source labels use fixed UTC+5 and mark the start of a ten-minute mean; reporting delay is zero and normalization remains unresolved."", ""Source-clock and target normalization semantics remain unconfirmed."", ""Weather availability uses archive-object metadata, not original NOAA publication proof."", ""Forecast target is normalized power; no conversion to MW/MWh is justified.""]"
1.0,5b8d69898b752025a614da78,1,2026-02-06T18:00:00Z,turbine_1,2026-02-07T09:00:00Z,15,0.22322539287143034,normalized_power,gfs_0p25,2026-02-06T12:00:00Z,wind-power-v1,2026-01-31T18:00:00Z,warning,"[""Uncertainty intervals are not calibrated"", ""Unconfirmed: all source labels use fixed UTC+5 and mark the start of a ten-minute mean; reporting delay is zero and normalization remains unresolved."", ""Source-clock and target normalization semantics remain unconfirmed."", ""Weather availability uses archive-object metadata, not original NOAA publication proof."", ""Forecast target is normalized power; no conversion to MW/MWh is justified.""]"
1.0,5b8d69898b752025a614da78,1,2026-02-06T18:00:00Z,turbine_1,2026-02-07T10:00:00Z,16,0.18438264903194831,normalized_power,gfs_0p25,2026-02-06T12:00:00Z,wind-power-v1,2026-01-31T18:00:00Z,warning,"[""Uncertainty intervals are not calibrated"", ""Unconfirmed: all source labels use fixed UTC+5 and mark the start of a ten-minute mean; reporting delay is zero and normalization remains unresolved."", ""Source-clock and target normalization semantics remain unconfirmed."", ""Weather availability uses archive-object metadata, not original NOAA publication proof."", ""Forecast target is normalized power; no conversion to MW/MWh is justified.""]"
1.0,5b8d69898b752025a614da78,1,2026-02-06T18:00:00Z,turbine_1,2026-02-07T11:00:00Z,17,0.2334181087571057,normalized_power,gfs_0p25,2026-02-06T12:00:00Z,wind-power-v1,2026-01-31T18:00:00Z,warning,"[""Uncertainty intervals are not calibrated"", ""Unconfirmed: all source labels use fixed UTC+5 and mark the start of a ten-minute mean; reporting delay is zero and normalization remains unresolved."", ""Source-clock and target normalization semantics remain unconfirmed."", ""Weather availability uses archive-object metadata, not original NOAA publication proof."", ""Forecast target is normalized power; no conversion to MW/MWh is justified.""]"
1.0,5b8d69898b752025a614da78,1,2026-02-06T18:00:00Z,turbine_1,2026-02-07T12:00:00Z,18,0.07686092790852081,normalized_power,gfs_0p25,2026-02-06T12:00:00Z,wind-power-v1,2026-01-31T18:00:00Z,warning,"[""Uncertainty intervals are not calibrated"", ""Unconfirmed: all source labels use fixed UTC+5 and mark the start of a ten-minute mean; reporting delay is zero and normalization remains unresolved."", ""Source-clock and target normalization semantics remain unconfirmed."", ""Weather availability uses archive-object metadata, not original NOAA publication proof."", ""Forecast target is normalized power; no conversion to MW/MWh is justified.""]"
1.0,5b8d69898b752025a614da78,1,2026-02-06T18:00:00Z,turbine_1,2026-02-07T13:00:00Z,19,0.1518041372584143,normalized_power,gfs_0p25,2026-02-06T12:00:00Z,wind-power-v1,2026-01-31T18:00:00Z,warning,"[""Uncertainty intervals are not calibrated"", ""Unconfirmed: all source labels use fixed UTC+5 and mark the start of a ten-minute mean; reporting delay is zero and normalization remains unresolved."", ""Source-clock and target normalization semantics remain unconfirmed."", ""Weather availability uses archive-object metadata, not original NOAA publication proof."", ""Forecast target is normalized power; no conversion to MW/MWh is justified.""]"
1.0,5b8d69898b752025a614da78,1,2026-02-06T18:00:00Z,turbine_1,2026-02-07T14:00:00Z,20,0.14972612402077481,normalized_power,gfs_0p25,2026-02-06T12:00:00Z,wind-power-v1,2026-01-31T18:00:00Z,warning,"[""Uncertainty intervals are not calibrated"", ""Unconfirmed: all source labels use fixed UTC+5 and mark the start of a ten-minute mean; reporting delay is zero and normalization remains unresolved."", ""Source-clock and target normalization semantics remain unconfirmed."", ""Weather availability uses archive-object metadata, not original NOAA publication proof."", ""Forecast target is normalized power; no conversion to MW/MWh is justified.""]"
1.0,5b8d69898b752025a614da78,1,2026-02-06T18:00:00Z,turbine_1,2026-02-07T15:00:00Z,21,0.13383193408071686,normalized_power,gfs_0p25,2026-02-06T12:00:00Z,wind-power-v1,2026-01-31T18:00:00Z,warning,"[""Uncertainty intervals are not calibrated"", ""Unconfirmed: all source labels use fixed UTC+5 and mark the start of a ten-minute mean; reporting delay is zero and normalization remains unresolved."", ""Source-clock and target normalization semantics remain unconfirmed."", ""Weather availability uses archive-object metadata, not original NOAA publication proof."", ""Forecast target is normalized power; no conversion to MW/MWh is justified.""]"
1.0,5b8d69898b752025a614da78,1,2026-02-06T18:00:00Z,turbine_1,2026-02-07T16:00:00Z,22,0.20725954330539906,normalized_power,gfs_0p25,2026-02-06T12:00:00Z,wind-power-v1,2026-01-31T18:00:00Z,warning,"[""Uncertainty intervals are not calibrated"", ""Unconfirmed: all source labels use fixed UTC+5 and mark the start of a ten-minute mean; reporting delay is zero and normalization remains unresolved."", ""Source-clock and target normalization semantics remain unconfirmed."", ""Weather availability uses archive-object metadata, not original NOAA publication proof."", ""Forecast target is normalized power; no conversion to MW/MWh is justified.""]"
1.0,5b8d69898b752025a614da78,1,2026-02-06T18:00:00Z,turbine_1,2026-02-07T17:00:00Z,23,0.33903530281715477,normalized_power,gfs_0p25,2026-02-06T12:00:00Z,wind-power-v1,2026-01-31T18:00:00Z,warning,"[""Uncertainty intervals are not calibrated"", ""Unconfirmed: all source labels use fixed UTC+5 and mark the start of a ten-minute mean; reporting delay is zero and normalization remains unresolved."", ""Source-clock and target normalization semantics remain unconfirmed."", ""Weather availability uses archive-object metadata, not original NOAA publication proof."", ""Forecast target is normalized power; no conversion to MW/MWh is justified.""]"
1.0,5b8d69898b752025a614da78,1,2026-02-06T18:00:00Z,turbine_1,2026-02-07T18:00:00Z,24,0.38252109486488256,normalized_power,gfs_0p25,2026-02-06T12:00:00Z,wind-power-v1,2026-01-31T18:00:00Z,warning,"[""Uncertainty intervals are not calibrated"", ""Unconfirmed: all source labels use fixed UTC+5 and mark the start of a ten-minute mean; reporting delay is zero and normalization remains unresolved."", ""Source-clock and target normalization semantics remain unconfirmed."", ""Weather availability uses archive-object metadata, not original NOAA publication proof."", ""Forecast target is normalized power; no conversion to MW/MWh is justified.""]"
1.0,1fdf817cc39a30d0bf61760b,1,2026-02-07T18:00:00Z,turbine_1,2026-02-07T19:00:00Z,1,0.8532190792975074,normalized_power,gfs_0p25,2026-02-07T12:00:00Z,wind-power-v1,2026-01-31T18:00:00Z,warning,"[""Uncertainty intervals are not calibrated"", ""Unconfirmed: all source labels use fixed UTC+5 and mark the start of a ten-minute mean; reporting delay is zero and normalization remains unresolved."", ""Source-clock and target normalization semantics remain unconfirmed."", ""Weather availability uses archive-object metadata, not original NOAA publication proof."", ""Forecast target is normalized power; no conversion to MW/MWh is justified.""]"
1.0,1fdf817cc39a30d0bf61760b,1,2026-02-07T18:00:00Z,turbine_1,2026-02-07T20:00:00Z,2,0.8532190792975074,normalized_power,gfs_0p25,2026-02-07T12:00:00Z,wind-power-v1,2026-01-31T18:00:00Z,warning,"[""Uncertainty intervals are not calibrated"", ""Unconfirmed: all source labels use fixed UTC+5 and mark the start of a ten-minute mean; reporting delay is zero and normalization remains unresolved."", ""Source-clock and target normalization semantics remain unconfirmed."", ""Weather availability uses archive-object metadata, not original NOAA publication proof."", ""Forecast target is normalized power; no conversion to MW/MWh is justified.""]"
1.0,1fdf817cc39a30d0bf61760b,1,2026-02-07T18:00:00Z,turbine_1,2026-02-07T21:00:00Z,3,0.6900412903687917,normalized_power,gfs_0p25,2026-02-07T12:00:00Z,wind-power-v1,2026-01-31T18:00:00Z,warning,"[""Uncertainty intervals are not calibrated"", ""Unconfirmed: all source labels use fixed UTC+5 and mark the start of a ten-minute mean; reporting delay is zero and normalization remains unresolved."", ""Source-clock and target normalization semantics remain unconfirmed."", ""Weather availability uses archive-object metadata, not original NOAA publication proof."", ""Forecast target is normalized power; no conversion to MW/MWh is justified.""]"
1.0,1fdf817cc39a30d0bf61760b,1,2026-02-07T18:00:00Z,turbine_1,2026-02-07T22:00:00Z,4,0.5716018230001395,normalized_power,gfs_0p25,2026-02-07T12:00:00Z,wind-power-v1,2026-01-31T18:00:00Z,warning,"[""Uncertainty intervals are not calibrated"", ""Unconfirmed: all source labels use fixed UTC+5 and mark the start of a ten-minute mean; reporting delay is zero and normalization remains unresolved."", ""Source-clock and target normalization semantics remain unconfirmed."", ""Weather availability uses archive-object metadata, not original NOAA publication proof."", ""Forecast target is normalized power; no conversion to MW/MWh is justified.""]"
1.0,1fdf817cc39a30d0bf61760b,1,2026-02-07T18:00:00Z,turbine_1,2026-02-07T23:00:00Z,5,0.38931538660114406,normalized_power,gfs_0p25,2026-02-07T12:00:00Z,wind-power-v1,2026-01-31T18:00:00Z,warning,"[""Uncertainty intervals are not calibrated"", ""Unconfirmed: all source labels use fixed UTC+5 and mark the start of a ten-minute mean; reporting delay is zero and normalization remains unresolved."", ""Source-clock and target normalization semantics remain unconfirmed."", ""Weather availability uses archive-object metadata, not original NOAA publication proof."", ""Forecast target is normalized power; no conversion to MW/MWh is justified.""]"
1.0,1fdf817cc39a30d0bf61760b,1,2026-02-07T18:00:00Z,turbine_1,2026-02-08T00:00:00Z,6,0.3679643046539223,normalized_power,gfs_0p25,2026-02-07T12:00:00Z,wind-power-v1,2026-01-31T18:00:00Z,warning,"[""Uncertainty intervals are not calibrated"", ""Unconfirmed: all source labels use fixed UTC+5 and mark the start of a ten-minute mean; reporting delay is zero and normalization remains unresolved."", ""Source-clock and target normalization semantics remain unconfirmed."", ""Weather availability uses archive-object metadata, not original NOAA publication proof."", ""Forecast target is normalized power; no conversion to MW/MWh is justified.""]"
1.0,1fdf817cc39a30d0bf61760b,1,2026-02-07T18:00:00Z,turbine_1,2026-02-08T01:00:00Z,7,0.32969115663734,normalized_power,gfs_0p25,2026-02-07T12:00:00Z,wind-power-v1,2026-01-31T18:00:00Z,warning,"[""Uncertainty intervals are not calibrated"", ""Unconfirmed: all source labels use fixed UTC+5 and mark the start of a ten-minute mean; reporting delay is zero and normalization remains unresolved."", ""Source-clock and target normalization semantics remain unconfirmed."", ""Weather availability uses archive-object metadata, not original NOAA publication proof."", ""Forecast target is normalized power; no conversion to MW/MWh is justified.""]"
1.0,1fdf817cc39a30d0bf61760b,1,2026-02-07T18:00:00Z,turbine_1,2026-02-08T02:00:00Z,8,0.17957444651092475,normalized_power,gfs_0p25,2026-02-07T12:00:00Z,wind-power-v1,2026-01-31T18:00:00Z,warning,"[""Uncertainty intervals are not calibrated"", ""Unconfirmed: all source labels use fixed UTC+5 and mark the start of a ten-minute mean; reporting delay is zero and normalization remains unresolved."", ""Source-clock and target normalization semantics remain unconfirmed."", ""Weather availability uses archive-object metadata, not original NOAA publication proof."", ""Forecast target is normalized power; no conversion to MW/MWh is justified.""]"
1.0,1fdf817cc39a30d0bf61760b,1,2026-02-07T18:00:00Z,turbine_1,2026-02-08T03:00:00Z,9,0.1281261266544274,normalized_power,gfs_0p25,2026-02-07T12:00:00Z,wind-power-v1,2026-01-31T18:00:00Z,warning,"[""Uncertainty intervals are not calibrated"", ""Unconfirmed: all source labels use fixed UTC+5 and mark the start of a ten-minute mean; reporting delay is zero and normalization remains unresolved."", ""Source-clock and target normalization semantics remain unconfirmed."", ""Weather availability uses archive-object metadata, not original NOAA publication proof."", ""Forecast target is normalized power; no conversion to MW/MWh is justified.""]"
1.0,1fdf817cc39a30d0bf61760b,1,2026-02-07T18:00:00Z,turbine_1,2026-02-08T04:00:00Z,10,0.12353708462902539,normalized_power,gfs_0p25,2026-02-07T12:00:00Z,wind-power-v1,2026-01-31T18:00:00Z,warning,"[""Uncertainty intervals are not calibrated"", ""Unconfirmed: all source labels use fixed UTC+5 and mark the start of a ten-minute mean; reporting delay is zero and normalization remains unresolved."", ""Source-clock and target normalization semantics remain unconfirmed."", ""Weather availability uses archive-object metadata, not original NOAA publication proof."", ""Forecast target is normalized power; no conversion to MW/MWh is justified.""]"
1.0,1fdf817cc39a30d0bf61760b,1,2026-02-07T18:00:00Z,turbine_1,2026-02-08T05:00:00Z,11,0.08639384486618851,normalized_power,gfs_0p25,2026-02-07T12:00:00Z,wind-power-v1,2026-01-31T18:00:00Z,warning,"[""Uncertainty intervals are not calibrated"", ""Unconfirmed: all source labels use fixed UTC+5 and mark the start of a ten-minute mean; reporting delay is zero and normalization remains unresolved."", ""Source-clock and target normalization semantics remain unconfirmed."", ""Weather availability uses archive-object metadata, not original NOAA publication proof."", ""Forecast target is normalized power; no conversion to MW/MWh is justified.""]"
1.0,1fdf817cc39a30d0bf61760b,1,2026-02-07T18:00:00Z,turbine_1,2026-02-08T06:00:00Z,12,0.08479598347493812,normalized_power,gfs_0p25,2026-02-07T12:00:00Z,wind-power-v1,2026-01-31T18:00:00Z,warning,"[""Uncertainty intervals are not calibrated"", ""Unconfirmed: all source labels use fixed UTC+5 and mark the start of a ten-minute mean; reporting delay is zero and normalization remains unresolved."", ""Source-clock and target normalization semantics remain unconfirmed."", ""Weather availability uses archive-object metadata, not original NOAA publication proof."", ""Forecast target is normalized power; no conversion to MW/MWh is justified.""]"
1.0,1fdf817cc39a30d0bf61760b,1,2026-02-07T18:00:00Z,turbine_1,2026-02-08T07:00:00Z,13,0.09164633682835688,normalized_power,gfs_0p25,2026-02-07T12:00:00Z,wind-power-v1,2026-01-31T18:00:00Z,warning,"[""Uncertainty intervals are not calibrated"", ""Unconfirmed: all source labels use fixed UTC+5 and mark the start of a ten-minute mean; reporting delay is zero and normalization remains unresolved."", ""Source-clock and target normalization semantics remain unconfirmed."", ""Weather availability uses archive-object metadata, not original NOAA publication proof."", ""Forecast target is normalized power; no conversion to MW/MWh is justified.""]"
1.0,1fdf817cc39a30d0bf61760b,1,2026-02-07T18:00:00Z,turbine_1,2026-02-08T08:00:00Z,14,0.21989092746611638,normalized_power,gfs_0p25,2026-02-07T12:00:00Z,wind-power-v1,2026-01-31T18:00:00Z,warning,"[""Uncertainty intervals are not calibrated"", ""Unconfirmed: all source labels use fixed UTC+5 and mark the start of a ten-minute mean; reporting delay is zero and normalization remains unresolved."", ""Source-clock and target normalization semantics remain unconfirmed."", ""Weather availability uses archive-object metadata, not original NOAA publication proof."", ""Forecast target is normalized power; no conversion to MW/MWh is justified.""]"
1.0,1fdf817cc39a30d0bf61760b,1,2026-02-07T18:00:00Z,turbine_1,2026-02-08T09:00:00Z,15,0.41490220830115054,normalized_power,gfs_0p25,2026-02-07T12:00:00Z,wind-power-v1,2026-01-31T18:00:00Z,warning,"[""Uncertainty intervals are not calibrated"", ""Unconfirmed: all source labels use fixed UTC+5 and mark the start of a ten-minute mean; reporting delay is zero and normalization remains unresolved."", ""Source-clock and target normalization semantics remain unconfirmed."", ""Weather availability uses archive-object metadata, not original NOAA publication proof."", ""Forecast target is normalized power; no conversion to MW/MWh is justified.""]"
1.0,1fdf817cc39a30d0bf61760b,1,2026-02-07T18:00:00Z,turbine_1,2026-02-08T10:00:00Z,16,0.6425326385373547,normalized_power,gfs_0p25,2026-02-07T12:00:00Z,wind-power-v1,2026-01-31T18:00:00Z,warning,"[""Uncertainty intervals are not calibrated"", ""Unconfirmed: all source labels use fixed UTC+5 and mark the start of a ten-minute mean; reporting delay is zero and normalization remains unresolved."", ""Source-clock and target normalization semantics remain unconfirmed."", ""Weather availability uses archive-object metadata, not original NOAA publication proof."", ""Forecast target is normalized power; no conversion to MW/MWh is justified.""]"
1.0,1fdf817cc39a30d0bf61760b,1,2026-02-07T18:00:00Z,turbine_1,2026-02-08T11:00:00Z,17,0.9355021724873168,normalized_power,gfs_0p25,2026-02-07T12:00:00Z,wind-power-v1,2026-01-31T18:00:00Z,warning,"[""Uncertainty intervals are not calibrated"", ""Unconfirmed: all source labels use fixed UTC+5 and mark the start of a ten-minute mean; reporting delay is zero and normalization remains unresolved."", ""Source-clock and target normalization semantics remain unconfirmed."", ""Weather availability uses archive-object metadata, not original NOAA publication proof."", ""Forecast target is normalized power; no conversion to MW/MWh is justified.""]"
1.0,1fdf817cc39a30d0bf61760b,1,2026-02-07T18:00:00Z,turbine_1,2026-02-08T12:00:00Z,18,0.985678814161022,normalized_power,gfs_0p25,2026-02-07T12:00:00Z,wind-power-v1,2026-01-31T18:00:00Z,warning,"[""Uncertainty intervals are not calibrated"", ""Unconfirmed: all source labels use fixed UTC+5 and mark the start of a ten-minute mean; reporting delay is zero and normalization remains unresolved."", ""Source-clock and target normalization semantics remain unconfirmed."", ""Weather availability uses archive-object metadata, not original NOAA publication proof."", ""Forecast target is normalized power; no conversion to MW/MWh is justified.""]"
1.0,1fdf817cc39a30d0bf61760b,1,2026-02-07T18:00:00Z,turbine_1,2026-02-08T13:00:00Z,19,0.9800771149041712,normalized_power,gfs_0p25,2026-02-07T12:00:00Z,wind-power-v1,2026-01-31T18:00:00Z,warning,"[""Uncertainty intervals are not calibrated"", ""Unconfirmed: all source labels use fixed UTC+5 and mark the start of a ten-minute mean; reporting delay is zero and normalization remains unresolved."", ""Source-clock and target normalization semantics remain unconfirmed."", ""Weather availability uses archive-object metadata, not original NOAA publication proof."", ""Forecast target is normalized power; no conversion to MW/MWh is justified.""]"
1.0,1fdf817cc39a30d0bf61760b,1,2026-02-07T18:00:00Z,turbine_1,2026-02-08T14:00:00Z,20,0.9537039349857631,normalized_power,gfs_0p25,2026-02-07T12:00:00Z,wind-power-v1,2026-01-31T18:00:00Z,warning,"[""Uncertainty intervals are not calibrated"", ""Unconfirmed: all source labels use fixed UTC+5 and mark the start of a ten-minute mean; reporting delay is zero and normalization remains unresolved."", ""Source-clock and target normalization semantics remain unconfirmed."", ""Weather availability uses archive-object metadata, not original NOAA publication proof."", ""Forecast target is normalized power; no conversion to MW/MWh is justified.""]"
1.0,1fdf817cc39a30d0bf61760b,1,2026-02-07T18:00:00Z,turbine_1,2026-02-08T15:00:00Z,21,0.9432389801696115,normalized_power,gfs_0p25,2026-02-07T12:00:00Z,wind-power-v1,2026-01-31T18:00:00Z,warning,"[""Uncertainty intervals are not calibrated"", ""Unconfirmed: all source labels use fixed UTC+5 and mark the start of a ten-minute mean; reporting delay is zero and normalization remains unresolved."", ""Source-clock and target normalization semantics remain unconfirmed."", ""Weather availability uses archive-object metadata, not original NOAA publication proof."", ""Forecast target is normalized power; no conversion to MW/MWh is justified.""]"
1.0,1fdf817cc39a30d0bf61760b,1,2026-02-07T18:00:00Z,turbine_1,2026-02-08T16:00:00Z,22,0.9791225916729481,normalized_power,gfs_0p25,2026-02-07T12:00:00Z,wind-power-v1,2026-01-31T18:00:00Z,warning,"[""Uncertainty intervals are not calibrated"", ""Unconfirmed: all source labels use fixed UTC+5 and mark the start of a ten-minute mean; reporting delay is zero and normalization remains unresolved."", ""Source-clock and target normalization semantics remain unconfirmed."", ""Weather availability uses archive-object metadata, not original NOAA publication proof."", ""Forecast target is normalized power; no conversion to MW/MWh is justified.""]"
1.0,1fdf817cc39a30d0bf61760b,1,2026-02-07T18:00:00Z,turbine_1,2026-02-08T17:00:00Z,23,0.921923617336019,normalized_power,gfs_0p25,2026-02-07T12:00:00Z,wind-power-v1,2026-01-31T18:00:00Z,warning,"[""Uncertainty intervals are not calibrated"", ""Unconfirmed: all source labels use fixed UTC+5 and mark the start of a ten-minute mean; reporting delay is zero and normalization remains unresolved."", ""Source-clock and target normalization semantics remain unconfirmed."", ""Weather availability uses archive-object metadata, not original NOAA publication proof."", ""Forecast target is normalized power; no conversion to MW/MWh is justified.""]"
1.0,1fdf817cc39a30d0bf61760b,1,2026-02-07T18:00:00Z,turbine_1,2026-02-08T18:00:00Z,24,0.9791225916729481,normalized_power,gfs_0p25,2026-02-07T12:00:00Z,wind-power-v1,2026-01-31T18:00:00Z,warning,"[""Uncertainty intervals are not calibrated"", ""Unconfirmed: all source labels use fixed UTC+5 and mark the start of a ten-minute mean; reporting delay is zero and normalization remains unresolved."", ""Source-clock and target normalization semantics remain unconfirmed."", ""Weather availability uses archive-object metadata, not original NOAA publication proof."", ""Forecast target is normalized power; no conversion to MW/MWh is justified.""]"
1.0,31e7606383b2889cba522258,1,2026-02-08T18:00:00Z,turbine_1,2026-02-08T19:00:00Z,1,1.001456839335633,normalized_power,gfs_0p25,2026-02-08T12:00:00Z,wind-power-v1,2026-01-31T18:00:00Z,warning,"[""Uncertainty intervals are not calibrated"", ""Unconfirmed: all source labels use fixed UTC+5 and mark the start of a ten-minute mean; reporting delay is zero and normalization remains unresolved."", ""Source-clock and target normalization semantics remain unconfirmed."", ""Weather availability uses archive-object metadata, not original NOAA publication proof."", ""Forecast target is normalized power; no conversion to MW/MWh is justified.""]"
1.0,31e7606383b2889cba522258,1,2026-02-08T18:00:00Z,turbine_1,2026-02-08T20:00:00Z,2,1.0062432956660174,normalized_power,gfs_0p25,2026-02-08T12:00:00Z,wind-power-v1,2026-01-31T18:00:00Z,warning,"[""Uncertainty intervals are not calibrated"", ""Unconfirmed: all source labels use fixed UTC+5 and mark the start of a ten-minute mean; reporting delay is zero and normalization remains unresolved."", ""Source-clock and target normalization semantics remain unconfirmed."", ""Weather availability uses archive-object metadata, not original NOAA publication proof."", ""Forecast target is normalized power; no conversion to MW/MWh is justified.""]"
1.0,31e7606383b2889cba522258,1,2026-02-08T18:00:00Z,turbine_1,2026-02-08T21:00:00Z,3,0.9740295201899456,normalized_power,gfs_0p25,2026-02-08T12:00:00Z,wind-power-v1,2026-01-31T18:00:00Z,warning,"[""Uncertainty intervals are not calibrated"", ""Unconfirmed: all source labels use fixed UTC+5 and mark the start of a ten-minute mean; reporting delay is zero and normalization remains unresolved."", ""Source-clock and target normalization semantics remain unconfirmed."", ""Weather availability uses archive-object metadata, not original NOAA publication proof."", ""Forecast target is normalized power; no conversion to MW/MWh is justified.""]"
1.0,31e7606383b2889cba522258,1,2026-02-08T18:00:00Z,turbine_1,2026-02-08T22:00:00Z,4,0.9813758520342247,normalized_power,gfs_0p25,2026-02-08T12:00:00Z,wind-power-v1,2026-01-31T18:00:00Z,warning,"[""Uncertainty intervals are not calibrated"", ""Unconfirmed: all source labels use fixed UTC+5 and mark the start of a ten-minute mean; reporting delay is zero and normalization remains unresolved."", ""Source-clock and target normalization semantics remain unconfirmed."", ""Weather availability uses archive-object metadata, not original NOAA publication proof."", ""Forecast target is normalized power; no conversion to MW/MWh is justified.""]"
1.0,31e7606383b2889cba522258,1,2026-02-08T18:00:00Z,turbine_1,2026-02-08T23:00:00Z,5,0.9740295201899456,normalized_power,gfs_0p25,2026-02-08T12:00:00Z,wind-power-v1,2026-01-31T18:00:00Z,warning,"[""Uncertainty intervals are not calibrated"", ""Unconfirmed: all source labels use fixed UTC+5 and mark the start of a ten-minute mean; reporting delay is zero and normalization remains unresolved."", ""Source-clock and target normalization semantics remain unconfirmed."", ""Weather availability uses archive-object metadata, not original NOAA publication proof."", ""Forecast target is normalized power; no conversion to MW/MWh is justified.""]"
1.0,31e7606383b2889cba522258,1,2026-02-08T18:00:00Z,turbine_1,2026-02-09T00:00:00Z,6,0.9813758520342247,normalized_power,gfs_0p25,2026-02-08T12:00:00Z,wind-power-v1,2026-01-31T18:00:00Z,warning,"[""Uncertainty intervals are not calibrated"", ""Unconfirmed: all source labels use fixed UTC+5 and mark the start of a ten-minute mean; reporting delay is zero and normalization remains unresolved."", ""Source-clock and target normalization semantics remain unconfirmed."", ""Weather availability uses archive-object metadata, not original NOAA publication proof."", ""Forecast target is normalized power; no conversion to MW/MWh is justified.""]"
1.0,31e7606383b2889cba522258,1,2026-02-08T18:00:00Z,turbine_1,2026-02-09T01:00:00Z,7,0.9813758520342247,normalized_power,gfs_0p25,2026-02-08T12:00:00Z,wind-power-v1,2026-01-31T18:00:00Z,warning,"[""Uncertainty intervals are not calibrated"", ""Unconfirmed: all source labels use fixed UTC+5 and mark the start of a ten-minute mean; reporting delay is zero and normalization remains unresolved."", ""Source-clock and target normalization semantics remain unconfirmed."", ""Weather availability uses archive-object metadata, not original NOAA publication proof."", ""Forecast target is normalized power; no conversion to MW/MWh is justified.""]"
1.0,31e7606383b2889cba522258,1,2026-02-08T18:00:00Z,turbine_1,2026-02-09T02:00:00Z,8,0.9813758520342247,normalized_power,gfs_0p25,2026-02-08T12:00:00Z,wind-power-v1,2026-01-31T18:00:00Z,warning,"[""Uncertainty intervals are not calibrated"", ""Unconfirmed: all source labels use fixed UTC+5 and mark the start of a ten-minute mean; reporting delay is zero and normalization remains unresolved."", ""Source-clock and target normalization semantics remain unconfirmed."", ""Weather availability uses archive-object metadata, not original NOAA publication proof."", ""Forecast target is normalized power; no conversion to MW/MWh is justified.""]"
1.0,31e7606383b2889cba522258,1,2026-02-08T18:00:00Z,turbine_1,2026-02-09T03:00:00Z,9,0.9740295201899456,normalized_power,gfs_0p25,2026-02-08T12:00:00Z,wind-power-v1,2026-01-31T18:00:00Z,warning,"[""Uncertainty intervals are not calibrated"", ""Unconfirmed: all source labels use fixed UTC+5 and mark the start of a ten-minute mean; reporting delay is zero and normalization remains unresolved."", ""Source-clock and target normalization semantics remain unconfirmed."", ""Weather availability uses archive-object metadata, not original NOAA publication proof."", ""Forecast target is normalized power; no conversion to MW/MWh is justified.""]"
1.0,31e7606383b2889cba522258,1,2026-02-08T18:00:00Z,turbine_1,2026-02-09T04:00:00Z,10,0.9817157212625542,normalized_power,gfs_0p25,2026-02-08T12:00:00Z,wind-power-v1,2026-01-31T18:00:00Z,warning,"[""Uncertainty intervals are not calibrated"", ""Unconfirmed: all source labels use fixed UTC+5 and mark the start of a ten-minute mean; reporting delay is zero and normalization remains unresolved."", ""Source-clock and target normalization semantics remain unconfirmed."", ""Weather availability uses archive-object metadata, not original NOAA publication proof."", ""Forecast target is normalized power; no conversion to MW/MWh is justified.""]"
1.0,31e7606383b2889cba522258,1,2026-02-08T18:00:00Z,turbine_1,2026-02-09T05:00:00Z,11,0.9471587048459907,normalized_power,gfs_0p25,2026-02-08T12:00:00Z,wind-power-v1,2026-01-31T18:00:00Z,warning,"[""Uncertainty intervals are not calibrated"", ""Unconfirmed: all source labels use fixed UTC+5 and mark the start of a ten-minute mean; reporting delay is zero and normalization remains unresolved."", ""Source-clock and target normalization semantics remain unconfirmed."", ""Weather availability uses archive-object metadata, not original NOAA publication proof."", ""Forecast target is normalized power; no conversion to MW/MWh is justified.""]"
1.0,31e7606383b2889cba522258,1,2026-02-08T18:00:00Z,turbine_1,2026-02-09T06:00:00Z,12,0.9884789865771518,normalized_power,gfs_0p25,2026-02-08T12:00:00Z,wind-power-v1,2026-01-31T18:00:00Z,warning,"[""Uncertainty intervals are not calibrated"", ""Unconfirmed: all source labels use fixed UTC+5 and mark the start of a ten-minute mean; reporting delay is zero and normalization remains unresolved."", ""Source-clock and target normalization semantics remain unconfirmed."", ""Weather availability uses archive-object metadata, not original NOAA publication proof."", ""Forecast target is normalized power; no conversion to MW/MWh is justified.""]"
1.0,31e7606383b2889cba522258,1,2026-02-08T18:00:00Z,turbine_1,2026-02-09T07:00:00Z,13,0.9901601502023908,normalized_power,gfs_0p25,2026-02-08T12:00:00Z,wind-power-v1,2026-01-31T18:00:00Z,warning,"[""Uncertainty intervals are not calibrated"", ""Unconfirmed: all source labels use fixed UTC+5 and mark the start of a ten-minute mean; reporting delay is zero and normalization remains unresolved."", ""Source-clock and target normalization semantics remain unconfirmed."", ""Weather availability uses archive-object metadata, not original NOAA publication proof."", ""Forecast target is normalized power; no conversion to MW/MWh is justified.""]"
1.0,31e7606383b2889cba522258,1,2026-02-08T18:00:00Z,turbine_1,2026-02-09T08:00:00Z,14,1.0036053223326964,normalized_power,gfs_0p25,2026-02-08T12:00:00Z,wind-power-v1,2026-01-31T18:00:00Z,warning,"[""Uncertainty intervals are not calibrated"", ""Unconfirmed: all source labels use fixed UTC+5 and mark the start of a ten-minute mean; reporting delay is zero and normalization remains unresolved."", ""Source-clock and target normalization semantics remain unconfirmed."", ""Weather availability uses archive-object metadata, not original NOAA publication proof."", ""Forecast target is normalized power; no conversion to MW/MWh is justified.""]"
1.0,31e7606383b2889cba522258,1,2026-02-08T18:00:00Z,turbine_1,2026-02-09T09:00:00Z,15,1.0816865456925164,normalized_power,gfs_0p25,2026-02-08T12:00:00Z,wind-power-v1,2026-01-31T18:00:00Z,warning,"[""Uncertainty intervals are not calibrated"", ""Unconfirmed: all source labels use fixed UTC+5 and mark the start of a ten-minute mean; reporting delay is zero and normalization remains unresolved."", ""Source-clock and target normalization semantics remain unconfirmed."", ""Weather availability uses archive-object metadata, not original NOAA publication proof."", ""Forecast target is normalized power; no conversion to MW/MWh is justified.""]"
1.0,31e7606383b2889cba522258,1,2026-02-08T18:00:00Z,turbine_1,2026-02-09T10:00:00Z,16,1.0731332527412865,normalized_power,gfs_0p25,2026-02-08T12:00:00Z,wind-power-v1,2026-01-31T18:00:00Z,warning,"[""Uncertainty intervals are not calibrated"", ""Unconfirmed: all source labels use fixed UTC+5 and mark the start of a ten-minute mean; reporting delay is zero and normalization remains unresolved."", ""Source-clock and target normalization semantics remain unconfirmed."", ""Weather availability uses archive-object metadata, not original NOAA publication proof."", ""Forecast target is normalized power; no conversion to MW/MWh is justified.""]"
1.0,31e7606383b2889cba522258,1,2026-02-08T18:00:00Z,turbine_1,2026-02-09T11:00:00Z,17,0.5881099421989121,normalized_power,gfs_0p25,2026-02-08T12:00:00Z,wind-power-v1,2026-01-31T18:00:00Z,warning,"[""Uncertainty intervals are not calibrated"", ""Unconfirmed: all source labels use fixed UTC+5 and mark the start of a ten-minute mean; reporting delay is zero and normalization remains unresolved."", ""Source-clock and target normalization semantics remain unconfirmed."", ""Weather availability uses archive-object metadata, not original NOAA publication proof."", ""Forecast target is normalized power; no conversion to MW/MWh is justified.""]"
1.0,31e7606383b2889cba522258,1,2026-02-08T18:00:00Z,turbine_1,2026-02-09T12:00:00Z,18,0.48226838518906934,normalized_power,gfs_0p25,2026-02-08T12:00:00Z,wind-power-v1,2026-01-31T18:00:00Z,warning,"[""Uncertainty intervals are not calibrated"", ""Unconfirmed: all source labels use fixed UTC+5 and mark the start of a ten-minute mean; reporting delay is zero and normalization remains unresolved."", ""Source-clock and target normalization semantics remain unconfirmed."", ""Weather availability uses archive-object metadata, not original NOAA publication proof."", ""Forecast target is normalized power; no conversion to MW/MWh is justified.""]"
1.0,31e7606383b2889cba522258,1,2026-02-08T18:00:00Z,turbine_1,2026-02-09T13:00:00Z,19,0.2692705993037026,normalized_power,gfs_0p25,2026-02-08T12:00:00Z,wind-power-v1,2026-01-31T18:00:00Z,warning,"[""Uncertainty intervals are not calibrated"", ""Unconfirmed: all source labels use fixed UTC+5 and mark the start of a ten-minute mean; reporting delay is zero and normalization remains unresolved."", ""Source-clock and target normalization semantics remain unconfirmed."", ""Weather availability uses archive-object metadata, not original NOAA publication proof."", ""Forecast target is normalized power; no conversion to MW/MWh is justified.""]"
1.0,31e7606383b2889cba522258,1,2026-02-08T18:00:00Z,turbine_1,2026-02-09T14:00:00Z,20,0.20725954330539906,normalized_power,gfs_0p25,2026-02-08T12:00:00Z,wind-power-v1,2026-01-31T18:00:00Z,warning,"[""Uncertainty intervals are not calibrated"", ""Unconfirmed: all source labels use fixed UTC+5 and mark the start of a ten-minute mean; reporting delay is zero and normalization remains unresolved."", ""Source-clock and target normalization semantics remain unconfirmed."", ""Weather availability uses archive-object metadata, not original NOAA publication proof."", ""Forecast target is normalized power; no conversion to MW/MWh is justified.""]"
1.0,31e7606383b2889cba522258,1,2026-02-08T18:00:00Z,turbine_1,2026-02-09T15:00:00Z,21,0.16373522871697913,normalized_power,gfs_0p25,2026-02-08T12:00:00Z,wind-power-v1,2026-01-31T18:00:00Z,warning,"[""Uncertainty intervals are not calibrated"", ""Unconfirmed: all source labels use fixed UTC+5 and mark the start of a ten-minute mean; reporting delay is zero and normalization remains unresolved."", ""Source-clock and target normalization semantics remain unconfirmed."", ""Weather availability uses archive-object metadata, not original NOAA publication proof."", ""Forecast target is normalized power; no conversion to MW/MWh is justified.""]"
1.0,31e7606383b2889cba522258,1,2026-02-08T18:00:00Z,turbine_1,2026-02-09T16:00:00Z,22,0.158236038391892,normalized_power,gfs_0p25,2026-02-08T12:00:00Z,wind-power-v1,2026-01-31T18:00:00Z,warning,"[""Uncertainty intervals are not calibrated"", ""Unconfirmed: all source labels use fixed UTC+5 and mark the start of a ten-minute mean; reporting delay is zero and normalization remains unresolved."", ""Source-clock and target normalization semantics remain unconfirmed."", ""Weather availability uses archive-object metadata, not original NOAA publication proof."", ""Forecast target is normalized power; no conversion to MW/MWh is justified.""]"
1.0,31e7606383b2889cba522258,1,2026-02-08T18:00:00Z,turbine_1,2026-02-09T17:00:00Z,23,0.13401583253150032,normalized_power,gfs_0p25,2026-02-08T12:00:00Z,wind-power-v1,2026-01-31T18:00:00Z,warning,"[""Uncertainty intervals are not calibrated"", ""Unconfirmed: all source labels use fixed UTC+5 and mark the start of a ten-minute mean; reporting delay is zero and normalization remains unresolved."", ""Source-clock and target normalization semantics remain unconfirmed."", ""Weather availability uses archive-object metadata, not original NOAA publication proof."", ""Forecast target is normalized power; no conversion to MW/MWh is justified.""]"
1.0,31e7606383b2889cba522258,1,2026-02-08T18:00:00Z,turbine_1,2026-02-09T18:00:00Z,24,0.08899988440003956,normalized_power,gfs_0p25,2026-02-08T12:00:00Z,wind-power-v1,2026-01-31T18:00:00Z,warning,"[""Uncertainty intervals are not calibrated"", ""Unconfirmed: all source labels use fixed UTC+5 and mark the start of a ten-minute mean; reporting delay is zero and normalization remains unresolved."", ""Source-clock and target normalization semantics remain unconfirmed."", ""Weather availability uses archive-object metadata, not original NOAA publication proof."", ""Forecast target is normalized power; no conversion to MW/MWh is justified.""]"
1.0,6d92a72116ffc4f42e4a5399,1,2026-02-09T18:00:00Z,turbine_1,2026-02-09T19:00:00Z,1,0.06757807428198467,normalized_power,gfs_0p25,2026-02-09T12:00:00Z,wind-power-v1,2026-01-31T18:00:00Z,warning,"[""Uncertainty intervals are not calibrated"", ""Unconfirmed: all source labels use fixed UTC+5 and mark the start of a ten-minute mean; reporting delay is zero and normalization remains unresolved."", ""Source-clock and target normalization semantics remain unconfirmed."", ""Weather availability uses archive-object metadata, not original NOAA publication proof."", ""Forecast target is normalized power; no conversion to MW/MWh is justified.""]"
1.0,6d92a72116ffc4f42e4a5399,1,2026-02-09T18:00:00Z,turbine_1,2026-02-09T20:00:00Z,2,0.10147666121604594,normalized_power,gfs_0p25,2026-02-09T12:00:00Z,wind-power-v1,2026-01-31T18:00:00Z,warning,"[""Uncertainty intervals are not calibrated"", ""Unconfirmed: all source labels use fixed UTC+5 and mark the start of a ten-minute mean; reporting delay is zero and normalization remains unresolved."", ""Source-clock and target normalization semantics remain unconfirmed."", ""Weather availability uses archive-object metadata, not original NOAA publication proof."", ""Forecast target is normalized power; no conversion to MW/MWh is justified.""]"
1.0,6d92a72116ffc4f42e4a5399,1,2026-02-09T18:00:00Z,turbine_1,2026-02-09T21:00:00Z,3,0.05791706178602486,normalized_power,gfs_0p25,2026-02-09T12:00:00Z,wind-power-v1,2026-01-31T18:00:00Z,warning,"[""Uncertainty intervals are not calibrated"", ""Unconfirmed: all source labels use fixed UTC+5 and mark the start of a ten-minute mean; reporting delay is zero and normalization remains unresolved."", ""Source-clock and target normalization semantics remain unconfirmed."", ""Weather availability uses archive-object metadata, not original NOAA publication proof."", ""Forecast target is normalized power; no conversion to MW/MWh is justified.""]"
1.0,6d92a72116ffc4f42e4a5399,1,2026-02-09T18:00:00Z,turbine_1,2026-02-09T22:00:00Z,4,0.05898511068790022,normalized_power,gfs_0p25,2026-02-09T12:00:00Z,wind-power-v1,2026-01-31T18:00:00Z,warning,"[""Uncertainty intervals are not calibrated"", ""Unconfirmed: all source labels use fixed UTC+5 and mark the start of a ten-minute mean; reporting delay is zero and normalization remains unresolved."", ""Source-clock and target normalization semantics remain unconfirmed."", ""Weather availability uses archive-object metadata, not original NOAA publication proof."", ""Forecast target is normalized power; no conversion to MW/MWh is justified.""]"
1.0,6d92a72116ffc4f42e4a5399,1,2026-02-09T18:00:00Z,turbine_1,2026-02-09T23:00:00Z,5,0.0798000083185806,normalized_power,gfs_0p25,2026-02-09T12:00:00Z,wind-power-v1,2026-01-31T18:00:00Z,warning,"[""Uncertainty intervals are not calibrated"", ""Unconfirmed: all source labels use fixed UTC+5 and mark the start of a ten-minute mean; reporting delay is zero and normalization remains unresolved."", ""Source-clock and target normalization semantics remain unconfirmed."", ""Weather availability uses archive-object metadata, not original NOAA publication proof."", ""Forecast target is normalized power; no conversion to MW/MWh is justified.""]"
1.0,6d92a72116ffc4f42e4a5399,1,2026-02-09T18:00:00Z,turbine_1,2026-02-10T00:00:00Z,6,0.4217654441231424,normalized_power,gfs_0p25,2026-02-09T12:00:00Z,wind-power-v1,2026-01-31T18:00:00Z,warning,"[""Uncertainty intervals are not calibrated"", ""Unconfirmed: all source labels use fixed UTC+5 and mark the start of a ten-minute mean; reporting delay is zero and normalization remains unresolved."", ""Source-clock and target normalization semantics remain unconfirmed."", ""Weather availability uses archive-object metadata, not original NOAA publication proof."", ""Forecast target is normalized power; no conversion to MW/MWh is justified.""]"
1.0,6d92a72116ffc4f42e4a5399,1,2026-02-09T18:00:00Z,turbine_1,2026-02-10T01:00:00Z,7,0.23926037344430826,normalized_power,gfs_0p25,2026-02-09T12:00:00Z,wind-power-v1,2026-01-31T18:00:00Z,warning,"[""Uncertainty intervals are not calibrated"", ""Unconfirmed: all source labels use fixed UTC+5 and mark the start of a ten-minute mean; reporting delay is zero and normalization remains unresolved."", ""Source-clock and target normalization semantics remain unconfirmed."", ""Weather availability uses archive-object metadata, not original NOAA publication proof."", ""Forecast target is normalized power; no conversion to MW/MWh is justified.""]"
1.0,6d92a72116ffc4f42e4a5399,1,2026-02-09T18:00:00Z,turbine_1,2026-02-10T02:00:00Z,8,0.2959669897520163,normalized_power,gfs_0p25,2026-02-09T12:00:00Z,wind-power-v1,2026-01-31T18:00:00Z,warning,"[""Uncertainty intervals are not calibrated"", ""Unconfirmed: all source labels use fixed UTC+5 and mark the start of a ten-minute mean; reporting delay is zero and normalization remains unresolved."", ""Source-clock and target normalization semantics remain unconfirmed."", ""Weather availability uses archive-object metadata, not original NOAA publication proof."", ""Forecast target is normalized power; no conversion to MW/MWh is justified.""]"
1.0,6d92a72116ffc4f42e4a5399,1,2026-02-09T18:00:00Z,turbine_1,2026-02-10T03:00:00Z,9,0.3106989909022869,normalized_power,gfs_0p25,2026-02-09T12:00:00Z,wind-power-v1,2026-01-31T18:00:00Z,warning,"[""Uncertainty intervals are not calibrated"", ""Unconfirmed: all source labels use fixed UTC+5 and mark the start of a ten-minute mean; reporting delay is zero and normalization remains unresolved."", ""Source-clock and target normalization semantics remain unconfirmed."", ""Weather availability uses archive-object metadata, not original NOAA publication proof."", ""Forecast target is normalized power; no conversion to MW/MWh is justified.""]"
1.0,6d92a72116ffc4f42e4a5399,1,2026-02-09T18:00:00Z,turbine_1,2026-02-10T04:00:00Z,10,0.2918627353329359,normalized_power,gfs_0p25,2026-02-09T12:00:00Z,wind-power-v1,2026-01-31T18:00:00Z,warning,"[""Uncertainty intervals are not calibrated"", ""Unconfirmed: all source labels use fixed UTC+5 and mark the start of a ten-minute mean; reporting delay is zero and normalization remains unresolved."", ""Source-clock and target normalization semantics remain unconfirmed."", ""Weather availability uses archive-object metadata, not original NOAA publication proof."", ""Forecast target is normalized power; no conversion to MW/MWh is justified.""]"
1.0,6d92a72116ffc4f42e4a5399,1,2026-02-09T18:00:00Z,turbine_1,2026-02-10T05:00:00Z,11,0.4037252666758,normalized_power,gfs_0p25,2026-02-09T12:00:00Z,wind-power-v1,2026-01-31T18:00:00Z,warning,"[""Uncertainty intervals are not calibrated"", ""Unconfirmed: all source labels use fixed UTC+5 and mark the start of a ten-minute mean; reporting delay is zero and normalization remains unresolved."", ""Source-clock and target normalization semantics remain unconfirmed."", ""Weather availability uses archive-object metadata, not original NOAA publication proof."", ""Forecast target is normalized power; no conversion to MW/MWh is justified.""]"
1.0,6d92a72116ffc4f42e4a5399,1,2026-02-09T18:00:00Z,turbine_1,2026-02-10T06:00:00Z,12,0.4231596745299626,normalized_power,gfs_0p25,2026-02-09T12:00:00Z,wind-power-v1,2026-01-31T18:00:00Z,warning,"[""Uncertainty intervals are not calibrated"", ""Unconfirmed: all source labels use fixed UTC+5 and mark the start of a ten-minute mean; reporting delay is zero and normalization remains unresolved."", ""Source-clock and target normalization semantics remain unconfirmed."", ""Weather availability uses archive-object metadata, not original NOAA publication proof."", ""Forecast target is normalized power; no conversion to MW/MWh is justified.""]"
1.0,6d92a72116ffc4f42e4a5399,1,2026-02-09T18:00:00Z,turbine_1,2026-02-10T07:00:00Z,13,0.2995735852474618,normalized_power,gfs_0p25,2026-02-09T12:00:00Z,wind-power-v1,2026-01-31T18:00:00Z,warning,"[""Uncertainty intervals are not calibrated"", ""Unconfirmed: all source labels use fixed UTC+5 and mark the start of a ten-minute mean; reporting delay is zero and normalization remains unresolved."", ""Source-clock and target normalization semantics remain unconfirmed."", ""Weather availability uses archive-object metadata, not original NOAA publication proof."", ""Forecast target is normalized power; no conversion to MW/MWh is justified.""]"
1.0,6d92a72116ffc4f42e4a5399,1,2026-02-09T18:00:00Z,turbine_1,2026-02-10T08:00:00Z,14,0.06631418258449218,normalized_power,gfs_0p25,2026-02-09T12:00:00Z,wind-power-v1,2026-01-31T18:00:00Z,warning,"[""Uncertainty intervals are not calibrated"", ""Unconfirmed: all source labels use fixed UTC+5 and mark the start of a ten-minute mean; reporting delay is zero and normalization remains unresolved."", ""Source-clock and target normalization semantics remain unconfirmed."", ""Weather availability uses archive-object metadata, not original NOAA publication proof."", ""Forecast target is normalized power; no conversion to MW/MWh is justified.""]"
1.0,6d92a72116ffc4f42e4a5399,1,2026-02-09T18:00:00Z,turbine_1,2026-02-10T09:00:00Z,15,0.07695264106163027,normalized_power,gfs_0p25,2026-02-09T12:00:00Z,wind-power-v1,2026-01-31T18:00:00Z,warning,"[""Uncertainty intervals are not calibrated"", ""Unconfirmed: all source labels use fixed UTC+5 and mark the start of a ten-minute mean; reporting delay is zero and normalization remains unresolved."", ""Source-clock and target normalization semantics remain unconfirmed."", ""Weather availability uses archive-object metadata, not original NOAA publication proof."", ""Forecast target is normalized power; no conversion to MW/MWh is justified.""]"
1.0,6d92a72116ffc4f42e4a5399,1,2026-02-09T18:00:00Z,turbine_1,2026-02-10T10:00:00Z,16,0.008856589004789616,normalized_power,gfs_0p25,2026-02-09T12:00:00Z,wind-power-v1,2026-01-31T18:00:00Z,warning,"[""Uncertainty intervals are not calibrated"", ""Unconfirmed: all source labels use fixed UTC+5 and mark the start of a ten-minute mean; reporting delay is zero and normalization remains unresolved."", ""Source-clock and target normalization semantics remain unconfirmed."", ""Weather availability uses archive-object metadata, not original NOAA publication proof."", ""Forecast target is normalized power; no conversion to MW/MWh is justified.""]"
1.0,6d92a72116ffc4f42e4a5399,1,2026-02-09T18:00:00Z,turbine_1,2026-02-10T11:00:00Z,17,0.008856589004789616,normalized_power,gfs_0p25,2026-02-09T12:00:00Z,wind-power-v1,2026-01-31T18:00:00Z,warning,"[""Uncertainty intervals are not calibrated"", ""Unconfirmed: all source labels use fixed UTC+5 and mark the start of a ten-minute mean; reporting delay is zero and normalization remains unresolved."", ""Source-clock and target normalization semantics remain unconfirmed."", ""Weather availability uses archive-object metadata, not original NOAA publication proof."", ""Forecast target is normalized power; no conversion to MW/MWh is justified.""]"
1.0,6d92a72116ffc4f42e4a5399,1,2026-02-09T18:00:00Z,turbine_1,2026-02-10T12:00:00Z,18,0.11321524995790323,normalized_power,gfs_0p25,2026-02-09T12:00:00Z,wind-power-v1,2026-01-31T18:00:00Z,warning,"[""Uncertainty intervals are not calibrated"", ""Unconfirmed: all source labels use fixed UTC+5 and mark the start of a ten-minute mean; reporting delay is zero and normalization remains unresolved."", ""Source-clock and target normalization semantics remain unconfirmed."", ""Weather availability uses archive-object metadata, not original NOAA publication proof."", ""Forecast target is normalized power; no conversion to MW/MWh is justified.""]"
1.0,6d92a72116ffc4f42e4a5399,1,2026-02-09T18:00:00Z,turbine_1,2026-02-10T13:00:00Z,19,0.38292577636166647,normalized_power,gfs_0p25,2026-02-09T12:00:00Z,wind-power-v1,2026-01-31T18:00:00Z,warning,"[""Uncertainty intervals are not calibrated"", ""Unconfirmed: all source labels use fixed UTC+5 and mark the start of a ten-minute mean; reporting delay is zero and normalization remains unresolved."", ""Source-clock and target normalization semantics remain unconfirmed."", ""Weather availability uses archive-object metadata, not original NOAA publication proof."", ""Forecast target is normalized power; no conversion to MW/MWh is justified.""]"
1.0,6d92a72116ffc4f42e4a5399,1,2026-02-09T18:00:00Z,turbine_1,2026-02-10T14:00:00Z,20,0.28577055513641525,normalized_power,gfs_0p25,2026-02-09T12:00:00Z,wind-power-v1,2026-01-31T18:00:00Z,warning,"[""Uncertainty intervals are not calibrated"", ""Unconfirmed: all source labels use fixed UTC+5 and mark the start of a ten-minute mean; reporting delay is zero and normalization remains unresolved."", ""Source-clock and target normalization semantics remain unconfirmed."", ""Weather availability uses archive-object metadata, not original NOAA publication proof."", ""Forecast target is normalized power; no conversion to MW/MWh is justified.""]"
1.0,6d92a72116ffc4f42e4a5399,1,2026-02-09T18:00:00Z,turbine_1,2026-02-10T15:00:00Z,21,0.28874412829884727,normalized_power,gfs_0p25,2026-02-09T12:00:00Z,wind-power-v1,2026-01-31T18:00:00Z,warning,"[""Uncertainty intervals are not calibrated"", ""Unconfirmed: all source labels use fixed UTC+5 and mark the start of a ten-minute mean; reporting delay is zero and normalization remains unresolved."", ""Source-clock and target normalization semantics remain unconfirmed."", ""Weather availability uses archive-object metadata, not original NOAA publication proof."", ""Forecast target is normalized power; no conversion to MW/MWh is justified.""]"
1.0,6d92a72116ffc4f42e4a5399,1,2026-02-09T18:00:00Z,turbine_1,2026-02-10T16:00:00Z,22,0.557240063841361,normalized_power,gfs_0p25,2026-02-09T12:00:00Z,wind-power-v1,2026-01-31T18:00:00Z,warning,"[""Uncertainty intervals are not calibrated"", ""Unconfirmed: all source labels use fixed UTC+5 and mark the start of a ten-minute mean; reporting delay is zero and normalization remains unresolved."", ""Source-clock and target normalization semantics remain unconfirmed."", ""Weather availability uses archive-object metadata, not original NOAA publication proof."", ""Forecast target is normalized power; no conversion to MW/MWh is justified.""]"
1.0,6d92a72116ffc4f42e4a5399,1,2026-02-09T18:00:00Z,turbine_1,2026-02-10T17:00:00Z,23,0.7063927024571341,normalized_power,gfs_0p25,2026-02-09T12:00:00Z,wind-power-v1,2026-01-31T18:00:00Z,warning,"[""Uncertainty intervals are not calibrated"", ""Unconfirmed: all source labels use fixed UTC+5 and mark the start of a ten-minute mean; reporting delay is zero and normalization remains unresolved."", ""Source-clock and target normalization semantics remain unconfirmed."", ""Weather availability uses archive-object metadata, not original NOAA publication proof."", ""Forecast target is normalized power; no conversion to MW/MWh is justified.""]"
1.0,6d92a72116ffc4f42e4a5399,1,2026-02-09T18:00:00Z,turbine_1,2026-02-10T18:00:00Z,24,0.7714587381760928,normalized_power,gfs_0p25,2026-02-09T12:00:00Z,wind-power-v1,2026-01-31T18:00:00Z,warning,"[""Uncertainty intervals are not calibrated"", ""Unconfirmed: all source labels use fixed UTC+5 and mark the start of a ten-minute mean; reporting delay is zero and normalization remains unresolved."", ""Source-clock and target normalization semantics remain unconfirmed."", ""Weather availability uses archive-object metadata, not original NOAA publication proof."", ""Forecast target is normalized power; no conversion to MW/MWh is justified.""]"
1.0,733ca91a78b5745eac6a15ab,1,2026-02-10T18:00:00Z,turbine_1,2026-02-10T19:00:00Z,1,0.9471587048459907,normalized_power,gfs_0p25,2026-02-10T12:00:00Z,wind-power-v1,2026-01-31T18:00:00Z,warning,"[""Uncertainty intervals are not calibrated"", ""Unconfirmed: all source labels use fixed UTC+5 and mark the start of a ten-minute mean; reporting delay is zero and normalization remains unresolved."", ""Source-clock and target normalization semantics remain unconfirmed."", ""Weather availability uses archive-object metadata, not original NOAA publication proof."", ""Forecast target is normalized power; no conversion to MW/MWh is justified.""]"
1.0,733ca91a78b5745eac6a15ab,1,2026-02-10T18:00:00Z,turbine_1,2026-02-10T20:00:00Z,2,1.0059454670258021,normalized_power,gfs_0p25,2026-02-10T12:00:00Z,wind-power-v1,2026-01-31T18:00:00Z,warning,"[""Uncertainty intervals are not calibrated"", ""Unconfirmed: all source labels use fixed UTC+5 and mark the start of a ten-minute mean; reporting delay is zero and normalization remains unresolved."", ""Source-clock and target normalization semantics remain unconfirmed."", ""Weather availability uses archive-object metadata, not original NOAA publication proof."", ""Forecast target is normalized power; no conversion to MW/MWh is justified.""]"
1.0,733ca91a78b5745eac6a15ab,1,2026-02-10T18:00:00Z,turbine_1,2026-02-10T21:00:00Z,3,0.7175535348714362,normalized_power,gfs_0p25,2026-02-10T12:00:00Z,wind-power-v1,2026-01-31T18:00:00Z,warning,"[""Uncertainty intervals are not calibrated"", ""Unconfirmed: all source labels use fixed UTC+5 and mark the start of a ten-minute mean; reporting delay is zero and normalization remains unresolved."", ""Source-clock and target normalization semantics remain unconfirmed."", ""Weather availability uses archive-object metadata, not original NOAA publication proof."", ""Forecast target is normalized power; no conversion to MW/MWh is justified.""]"
1.0,733ca91a78b5745eac6a15ab,1,2026-02-10T18:00:00Z,turbine_1,2026-02-10T22:00:00Z,4,0.6723821809476572,normalized_power,gfs_0p25,2026-02-10T12:00:00Z,wind-power-v1,2026-01-31T18:00:00Z,warning,"[""Uncertainty intervals are not calibrated"", ""Unconfirmed: all source labels use fixed UTC+5 and mark the start of a ten-minute mean; reporting delay is zero and normalization remains unresolved."", ""Source-clock and target normalization semantics remain unconfirmed."", ""Weather availability uses archive-object metadata, not original NOAA publication proof."", ""Forecast target is normalized power; no conversion to MW/MWh is justified.""]"
1.0,733ca91a78b5745eac6a15ab,1,2026-02-10T18:00:00Z,turbine_1,2026-02-10T23:00:00Z,5,0.4081174718023177,normalized_power,gfs_0p25,2026-02-10T12:00:00Z,wind-power-v1,2026-01-31T18:00:00Z,warning,"[""Uncertainty intervals are not calibrated"", ""Unconfirmed: all source labels use fixed UTC+5 and mark the start of a ten-minute mean; reporting delay is zero and normalization remains unresolved."", ""Source-clock and target normalization semantics remain unconfirmed."", ""Weather availability uses archive-object metadata, not original NOAA publication proof."", ""Forecast target is normalized power; no conversion to MW/MWh is justified.""]"
1.0,733ca91a78b5745eac6a15ab,1,2026-02-10T18:00:00Z,turbine_1,2026-02-11T00:00:00Z,6,0.09147626762411015,normalized_power,gfs_0p25,2026-02-10T12:00:00Z,wind-power-v1,2026-01-31T18:00:00Z,warning,"[""Uncertainty intervals are not calibrated"", ""Unconfirmed: all source labels use fixed UTC+5 and mark the start of a ten-minute mean; reporting delay is zero and normalization remains unresolved."", ""Source-clock and target normalization semantics remain unconfirmed."", ""Weather availability uses archive-object metadata, not original NOAA publication proof."", ""Forecast target is normalized power; no conversion to MW/MWh is justified.""]"
1.0,733ca91a78b5745eac6a15ab,1,2026-02-10T18:00:00Z,turbine_1,2026-02-11T01:00:00Z,7,0.1836960427957498,normalized_power,gfs_0p25,2026-02-10T12:00:00Z,wind-power-v1,2026-01-31T18:00:00Z,warning,"[""Uncertainty intervals are not calibrated"", ""Unconfirmed: all source labels use fixed UTC+5 and mark the start of a ten-minute mean; reporting delay is zero and normalization remains unresolved."", ""Source-clock and target normalization semantics remain unconfirmed."", ""Weather availability uses archive-object metadata, not original NOAA publication proof."", ""Forecast target is normalized power; no conversion to MW/MWh is justified.""]"
1.0,733ca91a78b5745eac6a15ab,1,2026-02-10T18:00:00Z,turbine_1,2026-02-11T02:00:00Z,8,0.09005937480397914,normalized_power,gfs_0p25,2026-02-10T12:00:00Z,wind-power-v1,2026-01-31T18:00:00Z,warning,"[""Uncertainty intervals are not calibrated"", ""Unconfirmed: all source labels use fixed UTC+5 and mark the start of a ten-minute mean; reporting delay is zero and normalization remains unresolved."", ""Source-clock and target normalization semantics remain unconfirmed."", ""Weather availability uses archive-object metadata, not original NOAA publication proof."", ""Forecast target is normalized power; no conversion to MW/MWh is justified.""]"
1.0,733ca91a78b5745eac6a15ab,1,2026-02-10T18:00:00Z,turbine_1,2026-02-11T03:00:00Z,9,0.2807484924340046,normalized_power,gfs_0p25,2026-02-10T12:00:00Z,wind-power-v1,2026-01-31T18:00:00Z,warning,"[""Uncertainty intervals are not calibrated"", ""Unconfirmed: all source labels use fixed UTC+5 and mark the start of a ten-minute mean; reporting delay is zero and normalization remains unresolved."", ""Source-clock and target normalization semantics remain unconfirmed."", ""Weather availability uses archive-object metadata, not original NOAA publication proof."", ""Forecast target is normalized power; no conversion to MW/MWh is justified.""]"
1.0,733ca91a78b5745eac6a15ab,1,2026-02-10T18:00:00Z,turbine_1,2026-02-11T04:00:00Z,10,0.4277541095627357,normalized_power,gfs_0p25,2026-02-10T12:00:00Z,wind-power-v1,2026-01-31T18:00:00Z,warning,"[""Uncertainty intervals are not calibrated"", ""Unconfirmed: all source labels use fixed UTC+5 and mark the start of a ten-minute mean; reporting delay is zero and normalization remains unresolved."", ""Source-clock and target normalization semantics remain unconfirmed."", ""Weather availability uses archive-object metadata, not original NOAA publication proof."", ""Forecast target is normalized power; no conversion to MW/MWh is justified.""]"
1.0,733ca91a78b5745eac6a15ab,1,2026-02-10T18:00:00Z,turbine_1,2026-02-11T05:00:00Z,11,0.4394499693873443,normalized_power,gfs_0p25,2026-02-10T12:00:00Z,wind-power-v1,2026-01-31T18:00:00Z,warning,"[""Uncertainty intervals are not calibrated"", ""Unconfirmed: all source labels use fixed UTC+5 and mark the start of a ten-minute mean; reporting delay is zero and normalization remains unresolved."", ""Source-clock and target normalization semantics remain unconfirmed."", ""Weather availability uses archive-object metadata, not original NOAA publication proof."", ""Forecast target is normalized power; no conversion to MW/MWh is justified.""]"
1.0,733ca91a78b5745eac6a15ab,1,2026-02-10T18:00:00Z,turbine_1,2026-02-11T06:00:00Z,12,0.5720623033430565,normalized_power,gfs_0p25,2026-02-10T12:00:00Z,wind-power-v1,2026-01-31T18:00:00Z,warning,"[""Uncertainty intervals are not calibrated"", ""Unconfirmed: all source labels use fixed UTC+5 and mark the start of a ten-minute mean; reporting delay is zero and normalization remains unresolved."", ""Source-clock and target normalization semantics remain unconfirmed."", ""Weather availability uses archive-object metadata, not original NOAA publication proof."", ""Forecast target is normalized power; no conversion to MW/MWh is justified.""]"
1.0,733ca91a78b5745eac6a15ab,1,2026-02-10T18:00:00Z,turbine_1,2026-02-11T07:00:00Z,13,0.9807952480129148,normalized_power,gfs_0p25,2026-02-10T12:00:00Z,wind-power-v1,2026-01-31T18:00:00Z,warning,"[""Uncertainty intervals are not calibrated"", ""Unconfirmed: all source labels use fixed UTC+5 and mark the start of a ten-minute mean; reporting delay is zero and normalization remains unresolved."", ""Source-clock and target normalization semantics remain unconfirmed."", ""Weather availability uses archive-object metadata, not original NOAA publication proof."", ""Forecast target is normalized power; no conversion to MW/MWh is justified.""]"
1.0,733ca91a78b5745eac6a15ab,1,2026-02-10T18:00:00Z,turbine_1,2026-02-11T08:00:00Z,14,0.9807952480129148,normalized_power,gfs_0p25,2026-02-10T12:00:00Z,wind-power-v1,2026-01-31T18:00:00Z,warning,"[""Uncertainty intervals are not calibrated"", ""Unconfirmed: all source labels use fixed UTC+5 and mark the start of a ten-minute mean; reporting delay is zero and normalization remains unresolved."", ""Source-clock and target normalization semantics remain unconfirmed."", ""Weather availability uses archive-object metadata, not original NOAA publication proof."", ""Forecast target is normalized power; no conversion to MW/MWh is justified.""]"
1.0,733ca91a78b5745eac6a15ab,1,2026-02-10T18:00:00Z,turbine_1,2026-02-11T09:00:00Z,15,0.6088190667838725,normalized_power,gfs_0p25,2026-02-10T12:00:00Z,wind-power-v1,2026-01-31T18:00:00Z,warning,"[""Uncertainty intervals are not calibrated"", ""Unconfirmed: all source labels use fixed UTC+5 and mark the start of a ten-minute mean; reporting delay is zero and normalization remains unresolved."", ""Source-clock and target normalization semantics remain unconfirmed."", ""Weather availability uses archive-object metadata, not original NOAA publication proof."", ""Forecast target is normalized power; no conversion to MW/MWh is justified.""]"
1.0,733ca91a78b5745eac6a15ab,1,2026-02-10T18:00:00Z,turbine_1,2026-02-11T10:00:00Z,16,0.06442115333641966,normalized_power,gfs_0p25,2026-02-10T12:00:00Z,wind-power-v1,2026-01-31T18:00:00Z,warning,"[""Uncertainty intervals are not calibrated"", ""Unconfirmed: all source labels use fixed UTC+5 and mark the start of a ten-minute mean; reporting delay is zero and normalization remains unresolved."", ""Source-clock and target normalization semantics remain unconfirmed."", ""Weather availability uses archive-object metadata, not original NOAA publication proof."", ""Forecast target is normalized power; no conversion to MW/MWh is justified.""]"
1.0,733ca91a78b5745eac6a15ab,1,2026-02-10T18:00:00Z,turbine_1,2026-02-11T11:00:00Z,17,0.044985636086510225,normalized_power,gfs_0p25,2026-02-10T12:00:00Z,wind-power-v1,2026-01-31T18:00:00Z,warning,"[""Uncertainty intervals are not calibrated"", ""Unconfirmed: all source labels use fixed UTC+5 and mark the start of a ten-minute mean; reporting delay is zero and normalization remains unresolved."", ""Source-clock and target normalization semantics remain unconfirmed."", ""Weather availability uses archive-object metadata, not original NOAA publication proof."", ""Forecast target is normalized power; no conversion to MW/MWh is justified.""]"
1.0,733ca91a78b5745eac6a15ab,1,2026-02-10T18:00:00Z,turbine_1,2026-02-11T12:00:00Z,18,0.0733295404658682,normalized_power,gfs_0p25,2026-02-10T12:00:00Z,wind-power-v1,2026-01-31T18:00:00Z,warning,"[""Uncertainty intervals are not calibrated"", ""Unconfirmed: all source labels use fixed UTC+5 and mark the start of a ten-minute mean; reporting delay is zero and normalization remains unresolved."", ""Source-clock and target normalization semantics remain unconfirmed."", ""Weather availability uses archive-object metadata, not original NOAA publication proof."", ""Forecast target is normalized power; no conversion to MW/MWh is justified.""]"
1.0,733ca91a78b5745eac6a15ab,1,2026-02-10T18:00:00Z,turbine_1,2026-02-11T13:00:00Z,19,0.40201745514854925,normalized_power,gfs_0p25,2026-02-10T12:00:00Z,wind-power-v1,2026-01-31T18:00:00Z,warning,"[""Uncertainty intervals are not calibrated"", ""Unconfirmed: all source labels use fixed UTC+5 and mark the start of a ten-minute mean; reporting delay is zero and normalization remains unresolved."", ""Source-clock and target normalization semantics remain unconfirmed."", ""Weather availability uses archive-object metadata, not original NOAA publication proof."", ""Forecast target is normalized power; no conversion to MW/MWh is justified.""]"
1.0,733ca91a78b5745eac6a15ab,1,2026-02-10T18:00:00Z,turbine_1,2026-02-11T14:00:00Z,20,0.8358383252507333,normalized_power,gfs_0p25,2026-02-10T12:00:00Z,wind-power-v1,2026-01-31T18:00:00Z,warning,"[""Uncertainty intervals are not calibrated"", ""Unconfirmed: all source labels use fixed UTC+5 and mark the start of a ten-minute mean; reporting delay is zero and normalization remains unresolved."", ""Source-clock and target normalization semantics remain unconfirmed."", ""Weather availability uses archive-object metadata, not original NOAA publication proof."", ""Forecast target is normalized power; no conversion to MW/MWh is justified.""]"
1.0,733ca91a78b5745eac6a15ab,1,2026-02-10T18:00:00Z,turbine_1,2026-02-11T15:00:00Z,21,0.73086684144006,normalized_power,gfs_0p25,2026-02-10T12:00:00Z,wind-power-v1,2026-01-31T18:00:00Z,warning,"[""Uncertainty intervals are not calibrated"", ""Unconfirmed: all source labels use fixed UTC+5 and mark the start of a ten-minute mean; reporting delay is zero and normalization remains unresolved."", ""Source-clock and target normalization semantics remain unconfirmed."", ""Weather availability uses archive-object metadata, not original NOAA publication proof."", ""Forecast target is normalized power; no conversion to MW/MWh is justified.""]"
1.0,733ca91a78b5745eac6a15ab,1,2026-02-10T18:00:00Z,turbine_1,2026-02-11T16:00:00Z,22,0.6997263489604231,normalized_power,gfs_0p25,2026-02-10T12:00:00Z,wind-power-v1,2026-01-31T18:00:00Z,warning,"[""Uncertainty intervals are not calibrated"", ""Unconfirmed: all source labels use fixed UTC+5 and mark the start of a ten-minute mean; reporting delay is zero and normalization remains unresolved."", ""Source-clock and target normalization semantics remain unconfirmed."", ""Weather availability uses archive-object metadata, not original NOAA publication proof."", ""Forecast target is normalized power; no conversion to MW/MWh is justified.""]"
1.0,733ca91a78b5745eac6a15ab,1,2026-02-10T18:00:00Z,turbine_1,2026-02-11T17:00:00Z,23,0.4391288246546076,normalized_power,gfs_0p25,2026-02-10T12:00:00Z,wind-power-v1,2026-01-31T18:00:00Z,warning,"[""Uncertainty intervals are not calibrated"", ""Unconfirmed: all source labels use fixed UTC+5 and mark the start of a ten-minute mean; reporting delay is zero and normalization remains unresolved."", ""Source-clock and target normalization semantics remain unconfirmed."", ""Weather availability uses archive-object metadata, not original NOAA publication proof."", ""Forecast target is normalized power; no conversion to MW/MWh is justified.""]"
1.0,733ca91a78b5745eac6a15ab,1,2026-02-10T18:00:00Z,turbine_1,2026-02-11T18:00:00Z,24,0.5400723730032241,normalized_power,gfs_0p25,2026-02-10T12:00:00Z,wind-power-v1,2026-01-31T18:00:00Z,warning,"[""Uncertainty intervals are not calibrated"", ""Unconfirmed: all source labels use fixed UTC+5 and mark the start of a ten-minute mean; reporting delay is zero and normalization remains unresolved."", ""Source-clock and target normalization semantics remain unconfirmed."", ""Weather availability uses archive-object metadata, not original NOAA publication proof."", ""Forecast target is normalized power; no conversion to MW/MWh is justified.""]"
1.0,1662d91fe9ee79a2bc2b40f4,1,2026-02-11T18:00:00Z,turbine_1,2026-02-11T19:00:00Z,1,0.33223891273230954,normalized_power,gfs_0p25,2026-02-11T12:00:00Z,wind-power-v1,2026-01-31T18:00:00Z,warning,"[""Uncertainty intervals are not calibrated"", ""Unconfirmed: all source labels use fixed UTC+5 and mark the start of a ten-minute mean; reporting delay is zero and normalization remains unresolved."", ""Source-clock and target normalization semantics remain unconfirmed."", ""Weather availability uses archive-object metadata, not original NOAA publication proof."", ""Forecast target is normalized power; no conversion to MW/MWh is justified.""]"
1.0,1662d91fe9ee79a2bc2b40f4,1,2026-02-11T18:00:00Z,turbine_1,2026-02-11T20:00:00Z,2,0.3987438664699644,normalized_power,gfs_0p25,2026-02-11T12:00:00Z,wind-power-v1,2026-01-31T18:00:00Z,warning,"[""Uncertainty intervals are not calibrated"", ""Unconfirmed: all source labels use fixed UTC+5 and mark the start of a ten-minute mean; reporting delay is zero and normalization remains unresolved."", ""Source-clock and target normalization semantics remain unconfirmed."", ""Weather availability uses archive-object metadata, not original NOAA publication proof."", ""Forecast target is normalized power; no conversion to MW/MWh is justified.""]"
1.0,1662d91fe9ee79a2bc2b40f4,1,2026-02-11T18:00:00Z,turbine_1,2026-02-11T21:00:00Z,3,0.3389113229241846,normalized_power,gfs_0p25,2026-02-11T12:00:00Z,wind-power-v1,2026-01-31T18:00:00Z,warning,"[""Uncertainty intervals are not calibrated"", ""Unconfirmed: all source labels use fixed UTC+5 and mark the start of a ten-minute mean; reporting delay is zero and normalization remains unresolved."", ""Source-clock and target normalization semantics remain unconfirmed."", ""Weather availability uses archive-object metadata, not original NOAA publication proof."", ""Forecast target is normalized power; no conversion to MW/MWh is justified.""]"
1.0,1662d91fe9ee79a2bc2b40f4,1,2026-02-11T18:00:00Z,turbine_1,2026-02-11T22:00:00Z,4,0.38657923767673574,normalized_power,gfs_0p25,2026-02-11T12:00:00Z,wind-power-v1,2026-01-31T18:00:00Z,warning,"[""Uncertainty intervals are not calibrated"", ""Unconfirmed: all source labels use fixed UTC+5 and mark the start of a ten-minute mean; reporting delay is zero and normalization remains unresolved."", ""Source-clock and target normalization semantics remain unconfirmed."", ""Weather availability uses archive-object metadata, not original NOAA publication proof."", ""Forecast target is normalized power; no conversion to MW/MWh is justified.""]"
1.0,1662d91fe9ee79a2bc2b40f4,1,2026-02-11T18:00:00Z,turbine_1,2026-02-11T23:00:00Z,5,0.16751749764436583,normalized_power,gfs_0p25,2026-02-11T12:00:00Z,wind-power-v1,2026-01-31T18:00:00Z,warning,"[""Uncertainty intervals are not calibrated"", ""Unconfirmed: all source labels use fixed UTC+5 and mark the start of a ten-minute mean; reporting delay is zero and normalization remains unresolved."", ""Source-clock and target normalization semantics remain unconfirmed."", ""Weather availability uses archive-object metadata, not original NOAA publication proof."", ""Forecast target is normalized power; no conversion to MW/MWh is justified.""]"
1.0,1662d91fe9ee79a2bc2b40f4,1,2026-02-11T18:00:00Z,turbine_1,2026-02-12T00:00:00Z,6,0.16751749764436583,normalized_power,gfs_0p25,2026-02-11T12:00:00Z,wind-power-v1,2026-01-31T18:00:00Z,warning,"[""Uncertainty intervals are not calibrated"", ""Unconfirmed: all source labels use fixed UTC+5 and mark the start of a ten-minute mean; reporting delay is zero and normalization remains unresolved."", ""Source-clock and target normalization semantics remain unconfirmed."", ""Weather availability uses archive-object metadata, not original NOAA publication proof."", ""Forecast target is normalized power; no conversion to MW/MWh is justified.""]"
1.0,1662d91fe9ee79a2bc2b40f4,1,2026-02-11T18:00:00Z,turbine_1,2026-02-12T01:00:00Z,7,0.13408624160849747,normalized_power,gfs_0p25,2026-02-11T12:00:00Z,wind-power-v1,2026-01-31T18:00:00Z,warning,"[""Uncertainty intervals are not calibrated"", ""Unconfirmed: all source labels use fixed UTC+5 and mark the start of a ten-minute mean; reporting delay is zero and normalization remains unresolved."", ""Source-clock and target normalization semantics remain unconfirmed."", ""Weather availability uses archive-object metadata, not original NOAA publication proof."", ""Forecast target is normalized power; no conversion to MW/MWh is justified.""]"
1.0,1662d91fe9ee79a2bc2b40f4,1,2026-02-11T18:00:00Z,turbine_1,2026-02-12T02:00:00Z,8,0.11638373715151992,normalized_power,gfs_0p25,2026-02-11T12:00:00Z,wind-power-v1,2026-01-31T18:00:00Z,warning,"[""Uncertainty intervals are not calibrated"", ""Unconfirmed: all source labels use fixed UTC+5 and mark the start of a ten-minute mean; reporting delay is zero and normalization remains unresolved."", ""Source-clock and target normalization semantics remain unconfirmed."", ""Weather availability uses archive-object metadata, not original NOAA publication proof."", ""Forecast target is normalized power; no conversion to MW/MWh is justified.""]"
1.0,1662d91fe9ee79a2bc2b40f4,1,2026-02-11T18:00:00Z,turbine_1,2026-02-12T03:00:00Z,9,0.0888159859492561,normalized_power,gfs_0p25,2026-02-11T12:00:00Z,wind-power-v1,2026-01-31T18:00:00Z,warning,"[""Uncertainty intervals are not calibrated"", ""Unconfirmed: all source labels use fixed UTC+5 and mark the start of a ten-minute mean; reporting delay is zero and normalization remains unresolved."", ""Source-clock and target normalization semantics remain unconfirmed."", ""Weather availability uses archive-object metadata, not original NOAA publication proof."", ""Forecast target is normalized power; no conversion to MW/MWh is justified.""]"
1.0,1662d91fe9ee79a2bc2b40f4,1,2026-02-11T18:00:00Z,turbine_1,2026-02-12T04:00:00Z,10,0.10946743714069208,normalized_power,gfs_0p25,2026-02-11T12:00:00Z,wind-power-v1,2026-01-31T18:00:00Z,warning,"[""Uncertainty intervals are not calibrated"", ""Unconfirmed: all source labels use fixed UTC+5 and mark the start of a ten-minute mean; reporting delay is zero and normalization remains unresolved."", ""Source-clock and target normalization semantics remain unconfirmed."", ""Weather availability uses archive-object metadata, not original NOAA publication proof."", ""Forecast target is normalized power; no conversion to MW/MWh is justified.""]"
1.0,1662d91fe9ee79a2bc2b40f4,1,2026-02-11T18:00:00Z,turbine_1,2026-02-12T05:00:00Z,11,0.06806077629940623,normalized_power,gfs_0p25,2026-02-11T12:00:00Z,wind-power-v1,2026-01-31T18:00:00Z,warning,"[""Uncertainty intervals are not calibrated"", ""Unconfirmed: all source labels use fixed UTC+5 and mark the start of a ten-minute mean; reporting delay is zero and normalization remains unresolved."", ""Source-clock and target normalization semantics remain unconfirmed."", ""Weather availability uses archive-object metadata, not original NOAA publication proof."", ""Forecast target is normalized power; no conversion to MW/MWh is justified.""]"
1.0,1662d91fe9ee79a2bc2b40f4,1,2026-02-11T18:00:00Z,turbine_1,2026-02-12T06:00:00Z,12,0.12896396947634772,normalized_power,gfs_0p25,2026-02-11T12:00:00Z,wind-power-v1,2026-01-31T18:00:00Z,warning,"[""Uncertainty intervals are not calibrated"", ""Unconfirmed: all source labels use fixed UTC+5 and mark the start of a ten-minute mean; reporting delay is zero and normalization remains unresolved."", ""Source-clock and target normalization semantics remain unconfirmed."", ""Weather availability uses archive-object metadata, not original NOAA publication proof."", ""Forecast target is normalized power; no conversion to MW/MWh is justified.""]"
1.0,1662d91fe9ee79a2bc2b40f4,1,2026-02-11T18:00:00Z,turbine_1,2026-02-12T07:00:00Z,13,0.2750080655450804,normalized_power,gfs_0p25,2026-02-11T12:00:00Z,wind-power-v1,2026-01-31T18:00:00Z,warning,"[""Uncertainty intervals are not calibrated"", ""Unconfirmed: all source labels use fixed UTC+5 and mark the start of a ten-minute mean; reporting delay is zero and normalization remains unresolved."", ""Source-clock and target normalization semantics remain unconfirmed."", ""Weather availability uses archive-object metadata, not original NOAA publication proof."", ""Forecast target is normalized power; no conversion to MW/MWh is justified.""]"
1.0,1662d91fe9ee79a2bc2b40f4,1,2026-02-11T18:00:00Z,turbine_1,2026-02-12T08:00:00Z,14,0.34049130450781967,normalized_power,gfs_0p25,2026-02-11T12:00:00Z,wind-power-v1,2026-01-31T18:00:00Z,warning,"[""Uncertainty intervals are not calibrated"", ""Unconfirmed: all source labels use fixed UTC+5 and mark the start of a ten-minute mean; reporting delay is zero and normalization remains unresolved."", ""Source-clock and target normalization semantics remain unconfirmed."", ""Weather availability uses archive-object metadata, not original NOAA publication proof."", ""Forecast target is normalized power; no conversion to MW/MWh is justified.""]"
1.0,1662d91fe9ee79a2bc2b40f4,1,2026-02-11T18:00:00Z,turbine_1,2026-02-12T09:00:00Z,15,0.29982082918146463,normalized_power,gfs_0p25,2026-02-11T12:00:00Z,wind-power-v1,2026-01-31T18:00:00Z,warning,"[""Uncertainty intervals are not calibrated"", ""Unconfirmed: all source labels use fixed UTC+5 and mark the start of a ten-minute mean; reporting delay is zero and normalization remains unresolved."", ""Source-clock and target normalization semantics remain unconfirmed."", ""Weather availability uses archive-object metadata, not original NOAA publication proof."", ""Forecast target is normalized power; no conversion to MW/MWh is justified.""]"
1.0,1662d91fe9ee79a2bc2b40f4,1,2026-02-11T18:00:00Z,turbine_1,2026-02-12T10:00:00Z,16,0.3028933468859193,normalized_power,gfs_0p25,2026-02-11T12:00:00Z,wind-power-v1,2026-01-31T18:00:00Z,warning,"[""Uncertainty intervals are not calibrated"", ""Unconfirmed: all source labels use fixed UTC+5 and mark the start of a ten-minute mean; reporting delay is zero and normalization remains unresolved."", ""Source-clock and target normalization semantics remain unconfirmed."", ""Weather availability uses archive-object metadata, not original NOAA publication proof."", ""Forecast target is normalized power; no conversion to MW/MWh is justified.""]"
1.0,1662d91fe9ee79a2bc2b40f4,1,2026-02-11T18:00:00Z,turbine_1,2026-02-12T11:00:00Z,17,0.3064781409745169,normalized_power,gfs_0p25,2026-02-11T12:00:00Z,wind-power-v1,2026-01-31T18:00:00Z,warning,"[""Uncertainty intervals are not calibrated"", ""Unconfirmed: all source labels use fixed UTC+5 and mark the start of a ten-minute mean; reporting delay is zero and normalization remains unresolved."", ""Source-clock and target normalization semantics remain unconfirmed."", ""Weather availability uses archive-object metadata, not original NOAA publication proof."", ""Forecast target is normalized power; no conversion to MW/MWh is justified.""]"
1.0,1662d91fe9ee79a2bc2b40f4,1,2026-02-11T18:00:00Z,turbine_1,2026-02-12T12:00:00Z,18,0.08285840638938465,normalized_power,gfs_0p25,2026-02-11T12:00:00Z,wind-power-v1,2026-01-31T18:00:00Z,warning,"[""Uncertainty intervals are not calibrated"", ""Unconfirmed: all source labels use fixed UTC+5 and mark the start of a ten-minute mean; reporting delay is zero and normalization remains unresolved."", ""Source-clock and target normalization semantics remain unconfirmed."", ""Weather availability uses archive-object metadata, not original NOAA publication proof."", ""Forecast target is normalized power; no conversion to MW/MWh is justified.""]"
1.0,1662d91fe9ee79a2bc2b40f4,1,2026-02-11T18:00:00Z,turbine_1,2026-02-12T13:00:00Z,19,0.055234987913169026,normalized_power,gfs_0p25,2026-02-11T12:00:00Z,wind-power-v1,2026-01-31T18:00:00Z,warning,"[""Uncertainty intervals are not calibrated"", ""Unconfirmed: all source labels use fixed UTC+5 and mark the start of a ten-minute mean; reporting delay is zero and normalization remains unresolved."", ""Source-clock and target normalization semantics remain unconfirmed."", ""Weather availability uses archive-object metadata, not original NOAA publication proof."", ""Forecast target is normalized power; no conversion to MW/MWh is justified.""]"
1.0,1662d91fe9ee79a2bc2b40f4,1,2026-02-11T18:00:00Z,turbine_1,2026-02-12T14:00:00Z,20,0.20625271871103693,normalized_power,gfs_0p25,2026-02-11T12:00:00Z,wind-power-v1,2026-01-31T18:00:00Z,warning,"[""Uncertainty intervals are not calibrated"", ""Unconfirmed: all source labels use fixed UTC+5 and mark the start of a ten-minute mean; reporting delay is zero and normalization remains unresolved."", ""Source-clock and target normalization semantics remain unconfirmed."", ""Weather availability uses archive-object metadata, not original NOAA publication proof."", ""Forecast target is normalized power; no conversion to MW/MWh is justified.""]"
1.0,1662d91fe9ee79a2bc2b40f4,1,2026-02-11T18:00:00Z,turbine_1,2026-02-12T15:00:00Z,21,0.14972612402077481,normalized_power,gfs_0p25,2026-02-11T12:00:00Z,wind-power-v1,2026-01-31T18:00:00Z,warning,"[""Uncertainty intervals are not calibrated"", ""Unconfirmed: all source labels use fixed UTC+5 and mark the start of a ten-minute mean; reporting delay is zero and normalization remains unresolved."", ""Source-clock and target normalization semantics remain unconfirmed."", ""Weather availability uses archive-object metadata, not original NOAA publication proof."", ""Forecast target is normalized power; no conversion to MW/MWh is justified.""]"
1.0,1662d91fe9ee79a2bc2b40f4,1,2026-02-11T18:00:00Z,turbine_1,2026-02-12T16:00:00Z,22,0.1518041372584143,normalized_power,gfs_0p25,2026-02-11T12:00:00Z,wind-power-v1,2026-01-31T18:00:00Z,warning,"[""Uncertainty intervals are not calibrated"", ""Unconfirmed: all source labels use fixed UTC+5 and mark the start of a ten-minute mean; reporting delay is zero and normalization remains unresolved."", ""Source-clock and target normalization semantics remain unconfirmed."", ""Weather availability uses archive-object metadata, not original NOAA publication proof."", ""Forecast target is normalized power; no conversion to MW/MWh is justified.""]"
1.0,1662d91fe9ee79a2bc2b40f4,1,2026-02-11T18:00:00Z,turbine_1,2026-02-12T17:00:00Z,23,0.14495904917884256,normalized_power,gfs_0p25,2026-02-11T12:00:00Z,wind-power-v1,2026-01-31T18:00:00Z,warning,"[""Uncertainty intervals are not calibrated"", ""Unconfirmed: all source labels use fixed UTC+5 and mark the start of a ten-minute mean; reporting delay is zero and normalization remains unresolved."", ""Source-clock and target normalization semantics remain unconfirmed."", ""Weather availability uses archive-object metadata, not original NOAA publication proof."", ""Forecast target is normalized power; no conversion to MW/MWh is justified.""]"
1.0,1662d91fe9ee79a2bc2b40f4,1,2026-02-11T18:00:00Z,turbine_1,2026-02-12T18:00:00Z,24,0.10287716074823301,normalized_power,gfs_0p25,2026-02-11T12:00:00Z,wind-power-v1,2026-01-31T18:00:00Z,warning,"[""Uncertainty intervals are not calibrated"", ""Unconfirmed: all source labels use fixed UTC+5 and mark the start of a ten-minute mean; reporting delay is zero and normalization remains unresolved."", ""Source-clock and target normalization semantics remain unconfirmed."", ""Weather availability uses archive-object metadata, not original NOAA publication proof."", ""Forecast target is normalized power; no conversion to MW/MWh is justified.""]"
1.0,ea3ff5a3a629997874be34a6,1,2026-02-12T18:00:00Z,turbine_1,2026-02-12T19:00:00Z,1,0.05898511068790022,normalized_power,gfs_0p25,2026-02-12T12:00:00Z,wind-power-v1,2026-01-31T18:00:00Z,warning,"[""Uncertainty intervals are not calibrated"", ""Unconfirmed: all source labels use fixed UTC+5 and mark the start of a ten-minute mean; reporting delay is zero and normalization remains unresolved."", ""Source-clock and target normalization semantics remain unconfirmed."", ""Weather availability uses archive-object metadata, not original NOAA publication proof."", ""Forecast target is normalized power; no conversion to MW/MWh is justified.""]"
1.0,ea3ff5a3a629997874be34a6,1,2026-02-12T18:00:00Z,turbine_1,2026-02-12T20:00:00Z,2,0.07309016724826255,normalized_power,gfs_0p25,2026-02-12T12:00:00Z,wind-power-v1,2026-01-31T18:00:00Z,warning,"[""Uncertainty intervals are not calibrated"", ""Unconfirmed: all source labels use fixed UTC+5 and mark the start of a ten-minute mean; reporting delay is zero and normalization remains unresolved."", ""Source-clock and target normalization semantics remain unconfirmed."", ""Weather availability uses archive-object metadata, not original NOAA publication proof."", ""Forecast target is normalized power; no conversion to MW/MWh is justified.""]"
1.0,ea3ff5a3a629997874be34a6,1,2026-02-12T18:00:00Z,turbine_1,2026-02-12T21:00:00Z,3,0.06410799541072548,normalized_power,gfs_0p25,2026-02-12T12:00:00Z,wind-power-v1,2026-01-31T18:00:00Z,warning,"[""Uncertainty intervals are not calibrated"", ""Unconfirmed: all source labels use fixed UTC+5 and mark the start of a ten-minute mean; reporting delay is zero and normalization remains unresolved."", ""Source-clock and target normalization semantics remain unconfirmed."", ""Weather availability uses archive-object metadata, not original NOAA publication proof."", ""Forecast target is normalized power; no conversion to MW/MWh is justified.""]"
1.0,ea3ff5a3a629997874be34a6,1,2026-02-12T18:00:00Z,turbine_1,2026-02-12T22:00:00Z,4,0.06046636409773607,normalized_power,gfs_0p25,2026-02-12T12:00:00Z,wind-power-v1,2026-01-31T18:00:00Z,warning,"[""Uncertainty intervals are not calibrated"", ""Unconfirmed: all source labels use fixed UTC+5 and mark the start of a ten-minute mean; reporting delay is zero and normalization remains unresolved."", ""Source-clock and target normalization semantics remain unconfirmed."", ""Weather availability uses archive-object metadata, not original NOAA publication proof."", ""Forecast target is normalized power; no conversion to MW/MWh is justified.""]"
1.0,ea3ff5a3a629997874be34a6,1,2026-02-12T18:00:00Z,turbine_1,2026-02-12T23:00:00Z,5,0.07326499481326598,normalized_power,gfs_0p25,2026-02-12T12:00:00Z,wind-power-v1,2026-01-31T18:00:00Z,warning,"[""Uncertainty intervals are not calibrated"", ""Unconfirmed: all source labels use fixed UTC+5 and mark the start of a ten-minute mean; reporting delay is zero and normalization remains unresolved."", ""Source-clock and target normalization semantics remain unconfirmed."", ""Weather availability uses archive-object metadata, not original NOAA publication proof."", ""Forecast target is normalized power; no conversion to MW/MWh is justified.""]"
1.0,ea3ff5a3a629997874be34a6,1,2026-02-12T18:00:00Z,turbine_1,2026-02-13T00:00:00Z,6,0.061403805577787865,normalized_power,gfs_0p25,2026-02-12T12:00:00Z,wind-power-v1,2026-01-31T18:00:00Z,warning,"[""Uncertainty intervals are not calibrated"", ""Unconfirmed: all source labels use fixed UTC+5 and mark the start of a ten-minute mean; reporting delay is zero and normalization remains unresolved."", ""Source-clock and target normalization semantics remain unconfirmed."", ""Weather availability uses archive-object metadata, not original NOAA publication proof."", ""Forecast target is normalized power; no conversion to MW/MWh is justified.""]"
1.0,ea3ff5a3a629997874be34a6,1,2026-02-12T18:00:00Z,turbine_1,2026-02-13T01:00:00Z,7,0.08551364638896393,normalized_power,gfs_0p25,2026-02-12T12:00:00Z,wind-power-v1,2026-01-31T18:00:00Z,warning,"[""Uncertainty intervals are not calibrated"", ""Unconfirmed: all source labels use fixed UTC+5 and mark the start of a ten-minute mean; reporting delay is zero and normalization remains unresolved."", ""Source-clock and target normalization semantics remain unconfirmed."", ""Weather availability uses archive-object metadata, not original NOAA publication proof."", ""Forecast target is normalized power; no conversion to MW/MWh is justified.""]"
1.0,ea3ff5a3a629997874be34a6,1,2026-02-12T18:00:00Z,turbine_1,2026-02-13T02:00:00Z,8,0.06328025389546897,normalized_power,gfs_0p25,2026-02-12T12:00:00Z,wind-power-v1,2026-01-31T18:00:00Z,warning,"[""Uncertainty intervals are not calibrated"", ""Unconfirmed: all source labels use fixed UTC+5 and mark the start of a ten-minute mean; reporting delay is zero and normalization remains unresolved."", ""Source-clock and target normalization semantics remain unconfirmed."", ""Weather availability uses archive-object metadata, not original NOAA publication proof."", ""Forecast target is normalized power; no conversion to MW/MWh is justified.""]"
1.0,ea3ff5a3a629997874be34a6,1,2026-02-12T18:00:00Z,turbine_1,2026-02-13T03:00:00Z,9,0.07126665658761366,normalized_power,gfs_0p25,2026-02-12T12:00:00Z,wind-power-v1,2026-01-31T18:00:00Z,warning,"[""Uncertainty intervals are not calibrated"", ""Unconfirmed: all source labels use fixed UTC+5 and mark the start of a ten-minute mean; reporting delay is zero and normalization remains unresolved."", ""Source-clock and target normalization semantics remain unconfirmed."", ""Weather availability uses archive-object metadata, not original NOAA publication proof."", ""Forecast target is normalized power; no conversion to MW/MWh is justified.""]"
1.0,ea3ff5a3a629997874be34a6,1,2026-02-12T18:00:00Z,turbine_1,2026-02-13T04:00:00Z,10,0.07207745053465182,normalized_power,gfs_0p25,2026-02-12T12:00:00Z,wind-power-v1,2026-01-31T18:00:00Z,warning,"[""Uncertainty intervals are not calibrated"", ""Unconfirmed: all source labels use fixed UTC+5 and mark the start of a ten-minute mean; reporting delay is zero and normalization remains unresolved."", ""Source-clock and target normalization semantics remain unconfirmed."", ""Weather availability uses archive-object metadata, not original NOAA publication proof."", ""Forecast target is normalized power; no conversion to MW/MWh is justified.""]"
1.0,ea3ff5a3a629997874be34a6,1,2026-02-12T18:00:00Z,turbine_1,2026-02-13T05:00:00Z,11,0.10056467009480662,normalized_power,gfs_0p25,2026-02-12T12:00:00Z,wind-power-v1,2026-01-31T18:00:00Z,warning,"[""Uncertainty intervals are not calibrated"", ""Unconfirmed: all source labels use fixed UTC+5 and mark the start of a ten-minute mean; reporting delay is zero and normalization remains unresolved."", ""Source-clock and target normalization semantics remain unconfirmed."", ""Weather availability uses archive-object metadata, not original NOAA publication proof."", ""Forecast target is normalized power; no conversion to MW/MWh is justified.""]"
1.0,ea3ff5a3a629997874be34a6,1,2026-02-12T18:00:00Z,turbine_1,2026-02-13T06:00:00Z,12,0.0770094097642205,normalized_power,gfs_0p25,2026-02-12T12:00:00Z,wind-power-v1,2026-01-31T18:00:00Z,warning,"[""Uncertainty intervals are not calibrated"", ""Unconfirmed: all source labels use fixed UTC+5 and mark the start of a ten-minute mean; reporting delay is zero and normalization remains unresolved."", ""Source-clock and target normalization semantics remain unconfirmed."", ""Weather availability uses archive-object metadata, not original NOAA publication proof."", ""Forecast target is normalized power; no conversion to MW/MWh is justified.""]"
1.0,ea3ff5a3a629997874be34a6,1,2026-02-12T18:00:00Z,turbine_1,2026-02-13T07:00:00Z,13,0.07282023229126897,normalized_power,gfs_0p25,2026-02-12T12:00:00Z,wind-power-v1,2026-01-31T18:00:00Z,warning,"[""Uncertainty intervals are not calibrated"", ""Unconfirmed: all source labels use fixed UTC+5 and mark the start of a ten-minute mean; reporting delay is zero and normalization remains unresolved."", ""Source-clock and target normalization semantics remain unconfirmed."", ""Weather availability uses archive-object metadata, not original NOAA publication proof."", ""Forecast target is normalized power; no conversion to MW/MWh is justified.""]"
1.0,ea3ff5a3a629997874be34a6,1,2026-02-12T18:00:00Z,turbine_1,2026-02-13T08:00:00Z,14,0.06533873759062465,normalized_power,gfs_0p25,2026-02-12T12:00:00Z,wind-power-v1,2026-01-31T18:00:00Z,warning,"[""Uncertainty intervals are not calibrated"", ""Unconfirmed: all source labels use fixed UTC+5 and mark the start of a ten-minute mean; reporting delay is zero and normalization remains unresolved."", ""Source-clock and target normalization semantics remain unconfirmed."", ""Weather availability uses archive-object metadata, not original NOAA publication proof."", ""Forecast target is normalized power; no conversion to MW/MWh is justified.""]"
1.0,ea3ff5a3a629997874be34a6,1,2026-02-12T18:00:00Z,turbine_1,2026-02-13T09:00:00Z,15,0.07232606975846985,normalized_power,gfs_0p25,2026-02-12T12:00:00Z,wind-power-v1,2026-01-31T18:00:00Z,warning,"[""Uncertainty intervals are not calibrated"", ""Unconfirmed: all source labels use fixed UTC+5 and mark the start of a ten-minute mean; reporting delay is zero and normalization remains unresolved."", ""Source-clock and target normalization semantics remain unconfirmed."", ""Weather availability uses archive-object metadata, not original NOAA publication proof."", ""Forecast target is normalized power; no conversion to MW/MWh is justified.""]"
1.0,ea3ff5a3a629997874be34a6,1,2026-02-12T18:00:00Z,turbine_1,2026-02-13T10:00:00Z,16,0.06492407860990322,normalized_power,gfs_0p25,2026-02-12T12:00:00Z,wind-power-v1,2026-01-31T18:00:00Z,warning,"[""Uncertainty intervals are not calibrated"", ""Unconfirmed: all source labels use fixed UTC+5 and mark the start of a ten-minute mean; reporting delay is zero and normalization remains unresolved."", ""Source-clock and target normalization semantics remain unconfirmed."", ""Weather availability uses archive-object metadata, not original NOAA publication proof."", ""Forecast target is normalized power; no conversion to MW/MWh is justified.""]"
1.0,ea3ff5a3a629997874be34a6,1,2026-02-12T18:00:00Z,turbine_1,2026-02-13T11:00:00Z,17,0.05612159271858082,normalized_power,gfs_0p25,2026-02-12T12:00:00Z,wind-power-v1,2026-01-31T18:00:00Z,warning,"[""Uncertainty intervals are not calibrated"", ""Unconfirmed: all source labels use fixed UTC+5 and mark the start of a ten-minute mean; reporting delay is zero and normalization remains unresolved."", ""Source-clock and target normalization semantics remain unconfirmed."", ""Weather availability uses archive-object metadata, not original NOAA publication proof."", ""Forecast target is normalized power; no conversion to MW/MWh is justified.""]"
1.0,ea3ff5a3a629997874be34a6,1,2026-02-12T18:00:00Z,turbine_1,2026-02-13T12:00:00Z,18,0.061403805577787865,normalized_power,gfs_0p25,2026-02-12T12:00:00Z,wind-power-v1,2026-01-31T18:00:00Z,warning,"[""Uncertainty intervals are not calibrated"", ""Unconfirmed: all source labels use fixed UTC+5 and mark the start of a ten-minute mean; reporting delay is zero and normalization remains unresolved."", ""Source-clock and target normalization semantics remain unconfirmed."", ""Weather availability uses archive-object metadata, not original NOAA publication proof."", ""Forecast target is normalized power; no conversion to MW/MWh is justified.""]"
1.0,ea3ff5a3a629997874be34a6,1,2026-02-12T18:00:00Z,turbine_1,2026-02-13T13:00:00Z,19,0.08050466406084418,normalized_power,gfs_0p25,2026-02-12T12:00:00Z,wind-power-v1,2026-01-31T18:00:00Z,warning,"[""Uncertainty intervals are not calibrated"", ""Unconfirmed: all source labels use fixed UTC+5 and mark the start of a ten-minute mean; reporting delay is zero and normalization remains unresolved."", ""Source-clock and target normalization semantics remain unconfirmed."", ""Weather availability uses archive-object metadata, not original NOAA publication proof."", ""Forecast target is normalized power; no conversion to MW/MWh is justified.""]"
1.0,ea3ff5a3a629997874be34a6,1,2026-02-12T18:00:00Z,turbine_1,2026-02-13T14:00:00Z,20,0.13489634767873185,normalized_power,gfs_0p25,2026-02-12T12:00:00Z,wind-power-v1,2026-01-31T18:00:00Z,warning,"[""Uncertainty intervals are not calibrated"", ""Unconfirmed: all source labels use fixed UTC+5 and mark the start of a ten-minute mean; reporting delay is zero and normalization remains unresolved."", ""Source-clock and target normalization semantics remain unconfirmed."", ""Weather availability uses archive-object metadata, not original NOAA publication proof."", ""Forecast target is normalized power; no conversion to MW/MWh is justified.""]"
1.0,ea3ff5a3a629997874be34a6,1,2026-02-12T18:00:00Z,turbine_1,2026-02-13T15:00:00Z,21,0.1489544741485536,normalized_power,gfs_0p25,2026-02-12T12:00:00Z,wind-power-v1,2026-01-31T18:00:00Z,warning,"[""Uncertainty intervals are not calibrated"", ""Unconfirmed: all source labels use fixed UTC+5 and mark the start of a ten-minute mean; reporting delay is zero and normalization remains unresolved."", ""Source-clock and target normalization semantics remain unconfirmed."", ""Weather availability uses archive-object metadata, not original NOAA publication proof."", ""Forecast target is normalized power; no conversion to MW/MWh is justified.""]"
1.0,ea3ff5a3a629997874be34a6,1,2026-02-12T18:00:00Z,turbine_1,2026-02-13T16:00:00Z,22,0.304026441267222,normalized_power,gfs_0p25,2026-02-12T12:00:00Z,wind-power-v1,2026-01-31T18:00:00Z,warning,"[""Uncertainty intervals are not calibrated"", ""Unconfirmed: all source labels use fixed UTC+5 and mark the start of a ten-minute mean; reporting delay is zero and normalization remains unresolved."", ""Source-clock and target normalization semantics remain unconfirmed."", ""Weather availability uses archive-object metadata, not original NOAA publication proof."", ""Forecast target is normalized power; no conversion to MW/MWh is justified.""]"
1.0,ea3ff5a3a629997874be34a6,1,2026-02-12T18:00:00Z,turbine_1,2026-02-13T17:00:00Z,23,0.3159207042198207,normalized_power,gfs_0p25,2026-02-12T12:00:00Z,wind-power-v1,2026-01-31T18:00:00Z,warning,"[""Uncertainty intervals are not calibrated"", ""Unconfirmed: all source labels use fixed UTC+5 and mark the start of a ten-minute mean; reporting delay is zero and normalization remains unresolved."", ""Source-clock and target normalization semantics remain unconfirmed."", ""Weather availability uses archive-object metadata, not original NOAA publication proof."", ""Forecast target is normalized power; no conversion to MW/MWh is justified.""]"
1.0,ea3ff5a3a629997874be34a6,1,2026-02-12T18:00:00Z,turbine_1,2026-02-13T18:00:00Z,24,0.3628674601114816,normalized_power,gfs_0p25,2026-02-12T12:00:00Z,wind-power-v1,2026-01-31T18:00:00Z,warning,"[""Uncertainty intervals are not calibrated"", ""Unconfirmed: all source labels use fixed UTC+5 and mark the start of a ten-minute mean; reporting delay is zero and normalization remains unresolved."", ""Source-clock and target normalization semantics remain unconfirmed."", ""Weather availability uses archive-object metadata, not original NOAA publication proof."", ""Forecast target is normalized power; no conversion to MW/MWh is justified.""]"
1.0,3acb2551a9e52a1bbcacc92a,1,2026-02-13T18:00:00Z,turbine_1,2026-02-13T19:00:00Z,1,0.6134596039948923,normalized_power,gfs_0p25,2026-02-13T12:00:00Z,wind-power-v1,2026-01-31T18:00:00Z,warning,"[""Uncertainty intervals are not calibrated"", ""Unconfirmed: all source labels use fixed UTC+5 and mark the start of a ten-minute mean; reporting delay is zero and normalization remains unresolved."", ""Source-clock and target normalization semantics remain unconfirmed."", ""Weather availability uses archive-object metadata, not original NOAA publication proof."", ""Forecast target is normalized power; no conversion to MW/MWh is justified.""]"
1.0,3acb2551a9e52a1bbcacc92a,1,2026-02-13T18:00:00Z,turbine_1,2026-02-13T20:00:00Z,2,0.6414943316171756,normalized_power,gfs_0p25,2026-02-13T12:00:00Z,wind-power-v1,2026-01-31T18:00:00Z,warning,"[""Uncertainty intervals are not calibrated"", ""Unconfirmed: all source labels use fixed UTC+5 and mark the start of a ten-minute mean; reporting delay is zero and normalization remains unresolved."", ""Source-clock and target normalization semantics remain unconfirmed."", ""Weather availability uses archive-object metadata, not original NOAA publication proof."", ""Forecast target is normalized power; no conversion to MW/MWh is justified.""]"
1.0,3acb2551a9e52a1bbcacc92a,1,2026-02-13T18:00:00Z,turbine_1,2026-02-13T21:00:00Z,3,0.637029564596245,normalized_power,gfs_0p25,2026-02-13T12:00:00Z,wind-power-v1,2026-01-31T18:00:00Z,warning,"[""Uncertainty intervals are not calibrated"", ""Unconfirmed: all source labels use fixed UTC+5 and mark the start of a ten-minute mean; reporting delay is zero and normalization remains unresolved."", ""Source-clock and target normalization semantics remain unconfirmed."", ""Weather availability uses archive-object metadata, not original NOAA publication proof."", ""Forecast target is normalized power; no conversion to MW/MWh is justified.""]"
1.0,3acb2551a9e52a1bbcacc92a,1,2026-02-13T18:00:00Z,turbine_1,2026-02-13T22:00:00Z,4,0.5383261449998673,normalized_power,gfs_0p25,2026-02-13T12:00:00Z,wind-power-v1,2026-01-31T18:00:00Z,warning,"[""Uncertainty intervals are not calibrated"", ""Unconfirmed: all source labels use fixed UTC+5 and mark the start of a ten-minute mean; reporting delay is zero and normalization remains unresolved."", ""Source-clock and target normalization semantics remain unconfirmed."", ""Weather availability uses archive-object metadata, not original NOAA publication proof."", ""Forecast target is normalized power; no conversion to MW/MWh is justified.""]"
1.0,3acb2551a9e52a1bbcacc92a,1,2026-02-13T18:00:00Z,turbine_1,2026-02-13T23:00:00Z,5,0.33304660970625605,normalized_power,gfs_0p25,2026-02-13T12:00:00Z,wind-power-v1,2026-01-31T18:00:00Z,warning,"[""Uncertainty intervals are not calibrated"", ""Unconfirmed: all source labels use fixed UTC+5 and mark the start of a ten-minute mean; reporting delay is zero and normalization remains unresolved."", ""Source-clock and target normalization semantics remain unconfirmed."", ""Weather availability uses archive-object metadata, not original NOAA publication proof."", ""Forecast target is normalized power; no conversion to MW/MWh is justified.""]"
1.0,3acb2551a9e52a1bbcacc92a,1,2026-02-13T18:00:00Z,turbine_1,2026-02-14T00:00:00Z,6,0.280616122638768,normalized_power,gfs_0p25,2026-02-13T12:00:00Z,wind-power-v1,2026-01-31T18:00:00Z,warning,"[""Uncertainty intervals are not calibrated"", ""Unconfirmed: all source labels use fixed UTC+5 and mark the start of a ten-minute mean; reporting delay is zero and normalization remains unresolved."", ""Source-clock and target normalization semantics remain unconfirmed."", ""Weather availability uses archive-object metadata, not original NOAA publication proof."", ""Forecast target is normalized power; no conversion to MW/MWh is justified.""]"
1.0,3acb2551a9e52a1bbcacc92a,1,2026-02-13T18:00:00Z,turbine_1,2026-02-14T01:00:00Z,7,0.3036360271169479,normalized_power,gfs_0p25,2026-02-13T12:00:00Z,wind-power-v1,2026-01-31T18:00:00Z,warning,"[""Uncertainty intervals are not calibrated"", ""Unconfirmed: all source labels use fixed UTC+5 and mark the start of a ten-minute mean; reporting delay is zero and normalization remains unresolved."", ""Source-clock and target normalization semantics remain unconfirmed."", ""Weather availability uses archive-object metadata, not original NOAA publication proof."", ""Forecast target is normalized power; no conversion to MW/MWh is justified.""]"
1.0,3acb2551a9e52a1bbcacc92a,1,2026-02-13T18:00:00Z,turbine_1,2026-02-14T02:00:00Z,8,0.16076611592265963,normalized_power,gfs_0p25,2026-02-13T12:00:00Z,wind-power-v1,2026-01-31T18:00:00Z,warning,"[""Uncertainty intervals are not calibrated"", ""Unconfirmed: all source labels use fixed UTC+5 and mark the start of a ten-minute mean; reporting delay is zero and normalization remains unresolved."", ""Source-clock and target normalization semantics remain unconfirmed."", ""Weather availability uses archive-object metadata, not original NOAA publication proof."", ""Forecast target is normalized power; no conversion to MW/MWh is justified.""]"
1.0,3acb2551a9e52a1bbcacc92a,1,2026-02-13T18:00:00Z,turbine_1,2026-02-14T03:00:00Z,9,0.21620225406785357,normalized_power,gfs_0p25,2026-02-13T12:00:00Z,wind-power-v1,2026-01-31T18:00:00Z,warning,"[""Uncertainty intervals are not calibrated"", ""Unconfirmed: all source labels use fixed UTC+5 and mark the start of a ten-minute mean; reporting delay is zero and normalization remains unresolved."", ""Source-clock and target normalization semantics remain unconfirmed."", ""Weather availability uses archive-object metadata, not original NOAA publication proof."", ""Forecast target is normalized power; no conversion to MW/MWh is justified.""]"
1.0,3acb2551a9e52a1bbcacc92a,1,2026-02-13T18:00:00Z,turbine_1,2026-02-14T04:00:00Z,10,0.3955267998477973,normalized_power,gfs_0p25,2026-02-13T12:00:00Z,wind-power-v1,2026-01-31T18:00:00Z,warning,"[""Uncertainty intervals are not calibrated"", ""Unconfirmed: all source labels use fixed UTC+5 and mark the start of a ten-minute mean; reporting delay is zero and normalization remains unresolved."", ""Source-clock and target normalization semantics remain unconfirmed."", ""Weather availability uses archive-object metadata, not original NOAA publication proof."", ""Forecast target is normalized power; no conversion to MW/MWh is justified.""]"
1.0,3acb2551a9e52a1bbcacc92a,1,2026-02-13T18:00:00Z,turbine_1,2026-02-14T05:00:00Z,11,0.38013622540699815,normalized_power,gfs_0p25,2026-02-13T12:00:00Z,wind-power-v1,2026-01-31T18:00:00Z,warning,"[""Uncertainty intervals are not calibrated"", ""Unconfirmed: all source labels use fixed UTC+5 and mark the start of a ten-minute mean; reporting delay is zero and normalization remains unresolved."", ""Source-clock and target normalization semantics remain unconfirmed."", ""Weather availability uses archive-object metadata, not original NOAA publication proof."", ""Forecast target is normalized power; no conversion to MW/MWh is justified.""]"
1.0,3acb2551a9e52a1bbcacc92a,1,2026-02-13T18:00:00Z,turbine_1,2026-02-14T06:00:00Z,12,0.3814255916141745,normalized_power,gfs_0p25,2026-02-13T12:00:00Z,wind-power-v1,2026-01-31T18:00:00Z,warning,"[""Uncertainty intervals are not calibrated"", ""Unconfirmed: all source labels use fixed UTC+5 and mark the start of a ten-minute mean; reporting delay is zero and normalization remains unresolved."", ""Source-clock and target normalization semantics remain unconfirmed."", ""Weather availability uses archive-object metadata, not original NOAA publication proof."", ""Forecast target is normalized power; no conversion to MW/MWh is justified.""]"
1.0,3acb2551a9e52a1bbcacc92a,1,2026-02-13T18:00:00Z,turbine_1,2026-02-14T07:00:00Z,13,0.36315396420627727,normalized_power,gfs_0p25,2026-02-13T12:00:00Z,wind-power-v1,2026-01-31T18:00:00Z,warning,"[""Uncertainty intervals are not calibrated"", ""Unconfirmed: all source labels use fixed UTC+5 and mark the start of a ten-minute mean; reporting delay is zero and normalization remains unresolved."", ""Source-clock and target normalization semantics remain unconfirmed."", ""Weather availability uses archive-object metadata, not original NOAA publication proof."", ""Forecast target is normalized power; no conversion to MW/MWh is justified.""]"
1.0,3acb2551a9e52a1bbcacc92a,1,2026-02-13T18:00:00Z,turbine_1,2026-02-14T08:00:00Z,14,0.3023097774835787,normalized_power,gfs_0p25,2026-02-13T12:00:00Z,wind-power-v1,2026-01-31T18:00:00Z,warning,"[""Uncertainty intervals are not calibrated"", ""Unconfirmed: all source labels use fixed UTC+5 and mark the start of a ten-minute mean; reporting delay is zero and normalization remains unresolved."", ""Source-clock and target normalization semantics remain unconfirmed."", ""Weather availability uses archive-object metadata, not original NOAA publication proof."", ""Forecast target is normalized power; no conversion to MW/MWh is justified.""]"
1.0,3acb2551a9e52a1bbcacc92a,1,2026-02-13T18:00:00Z,turbine_1,2026-02-14T09:00:00Z,15,0.1415409061234446,normalized_power,gfs_0p25,2026-02-13T12:00:00Z,wind-power-v1,2026-01-31T18:00:00Z,warning,"[""Uncertainty intervals are not calibrated"", ""Unconfirmed: all source labels use fixed UTC+5 and mark the start of a ten-minute mean; reporting delay is zero and normalization remains unresolved."", ""Source-clock and target normalization semantics remain unconfirmed."", ""Weather availability uses archive-object metadata, not original NOAA publication proof."", ""Forecast target is normalized power; no conversion to MW/MWh is justified.""]"
1.0,3acb2551a9e52a1bbcacc92a,1,2026-02-13T18:00:00Z,turbine_1,2026-02-14T10:00:00Z,16,0.069303138121183,normalized_power,gfs_0p25,2026-02-13T12:00:00Z,wind-power-v1,2026-01-31T18:00:00Z,warning,"[""Uncertainty intervals are not calibrated"", ""Unconfirmed: all source labels use fixed UTC+5 and mark the start of a ten-minute mean; reporting delay is zero and normalization remains unresolved."", ""Source-clock and target normalization semantics remain unconfirmed."", ""Weather availability uses archive-object metadata, not original NOAA publication proof."", ""Forecast target is normalized power; no conversion to MW/MWh is justified.""]"
1.0,3acb2551a9e52a1bbcacc92a,1,2026-02-13T18:00:00Z,turbine_1,2026-02-14T11:00:00Z,17,0.03068169247534901,normalized_power,gfs_0p25,2026-02-13T12:00:00Z,wind-power-v1,2026-01-31T18:00:00Z,warning,"[""Uncertainty intervals are not calibrated"", ""Unconfirmed: all source labels use fixed UTC+5 and mark the start of a ten-minute mean; reporting delay is zero and normalization remains unresolved."", ""Source-clock and target normalization semantics remain unconfirmed."", ""Weather availability uses archive-object metadata, not original NOAA publication proof."", ""Forecast target is normalized power; no conversion to MW/MWh is justified.""]"
1.0,3acb2551a9e52a1bbcacc92a,1,2026-02-13T18:00:00Z,turbine_1,2026-02-14T12:00:00Z,18,0.47514555153330607,normalized_power,gfs_0p25,2026-02-13T12:00:00Z,wind-power-v1,2026-01-31T18:00:00Z,warning,"[""Uncertainty intervals are not calibrated"", ""Unconfirmed: all source labels use fixed UTC+5 and mark the start of a ten-minute mean; reporting delay is zero and normalization remains unresolved."", ""Source-clock and target normalization semantics remain unconfirmed."", ""Weather availability uses archive-object metadata, not original NOAA publication proof."", ""Forecast target is normalized power; no conversion to MW/MWh is justified.""]"
1.0,3acb2551a9e52a1bbcacc92a,1,2026-02-13T18:00:00Z,turbine_1,2026-02-14T13:00:00Z,19,0.19063384193897495,normalized_power,gfs_0p25,2026-02-13T12:00:00Z,wind-power-v1,2026-01-31T18:00:00Z,warning,"[""Uncertainty intervals are not calibrated"", ""Unconfirmed: all source labels use fixed UTC+5 and mark the start of a ten-minute mean; reporting delay is zero and normalization remains unresolved."", ""Source-clock and target normalization semantics remain unconfirmed."", ""Weather availability uses archive-object metadata, not original NOAA publication proof."", ""Forecast target is normalized power; no conversion to MW/MWh is justified.""]"
1.0,3acb2551a9e52a1bbcacc92a,1,2026-02-13T18:00:00Z,turbine_1,2026-02-14T14:00:00Z,20,0.08734870862418609,normalized_power,gfs_0p25,2026-02-13T12:00:00Z,wind-power-v1,2026-01-31T18:00:00Z,warning,"[""Uncertainty intervals are not calibrated"", ""Unconfirmed: all source labels use fixed UTC+5 and mark the start of a ten-minute mean; reporting delay is zero and normalization remains unresolved."", ""Source-clock and target normalization semantics remain unconfirmed."", ""Weather availability uses archive-object metadata, not original NOAA publication proof."", ""Forecast target is normalized power; no conversion to MW/MWh is justified.""]"
1.0,3acb2551a9e52a1bbcacc92a,1,2026-02-13T18:00:00Z,turbine_1,2026-02-14T15:00:00Z,21,0.09844785928093126,normalized_power,gfs_0p25,2026-02-13T12:00:00Z,wind-power-v1,2026-01-31T18:00:00Z,warning,"[""Uncertainty intervals are not calibrated"", ""Unconfirmed: all source labels use fixed UTC+5 and mark the start of a ten-minute mean; reporting delay is zero and normalization remains unresolved."", ""Source-clock and target normalization semantics remain unconfirmed."", ""Weather availability uses archive-object metadata, not original NOAA publication proof."", ""Forecast target is normalized power; no conversion to MW/MWh is justified.""]"
1.0,3acb2551a9e52a1bbcacc92a,1,2026-02-13T18:00:00Z,turbine_1,2026-02-14T16:00:00Z,22,0.08243762702319517,normalized_power,gfs_0p25,2026-02-13T12:00:00Z,wind-power-v1,2026-01-31T18:00:00Z,warning,"[""Uncertainty intervals are not calibrated"", ""Unconfirmed: all source labels use fixed UTC+5 and mark the start of a ten-minute mean; reporting delay is zero and normalization remains unresolved."", ""Source-clock and target normalization semantics remain unconfirmed."", ""Weather availability uses archive-object metadata, not original NOAA publication proof."", ""Forecast target is normalized power; no conversion to MW/MWh is justified.""]"
1.0,3acb2551a9e52a1bbcacc92a,1,2026-02-13T18:00:00Z,turbine_1,2026-02-14T17:00:00Z,23,0.05901544354992706,normalized_power,gfs_0p25,2026-02-13T12:00:00Z,wind-power-v1,2026-01-31T18:00:00Z,warning,"[""Uncertainty intervals are not calibrated"", ""Unconfirmed: all source labels use fixed UTC+5 and mark the start of a ten-minute mean; reporting delay is zero and normalization remains unresolved."", ""Source-clock and target normalization semantics remain unconfirmed."", ""Weather availability uses archive-object metadata, not original NOAA publication proof."", ""Forecast target is normalized power; no conversion to MW/MWh is justified.""]"
1.0,3acb2551a9e52a1bbcacc92a,1,2026-02-13T18:00:00Z,turbine_1,2026-02-14T18:00:00Z,24,0.12319771810353522,normalized_power,gfs_0p25,2026-02-13T12:00:00Z,wind-power-v1,2026-01-31T18:00:00Z,warning,"[""Uncertainty intervals are not calibrated"", ""Unconfirmed: all source labels use fixed UTC+5 and mark the start of a ten-minute mean; reporting delay is zero and normalization remains unresolved."", ""Source-clock and target normalization semantics remain unconfirmed."", ""Weather availability uses archive-object metadata, not original NOAA publication proof."", ""Forecast target is normalized power; no conversion to MW/MWh is justified.""]"
1.0,4f7bd29573e75be78cbea8a8,1,2026-02-14T18:00:00Z,turbine_1,2026-02-14T19:00:00Z,1,0.09081726216449562,normalized_power,gfs_0p25,2026-02-14T12:00:00Z,wind-power-v1,2026-01-31T18:00:00Z,warning,"[""Uncertainty intervals are not calibrated"", ""Unconfirmed: all source labels use fixed UTC+5 and mark the start of a ten-minute mean; reporting delay is zero and normalization remains unresolved."", ""Source-clock and target normalization semantics remain unconfirmed."", ""Weather availability uses archive-object metadata, not original NOAA publication proof."", ""Forecast target is normalized power; no conversion to MW/MWh is justified.""]"
1.0,4f7bd29573e75be78cbea8a8,1,2026-02-14T18:00:00Z,turbine_1,2026-02-14T20:00:00Z,2,0.09932612496510028,normalized_power,gfs_0p25,2026-02-14T12:00:00Z,wind-power-v1,2026-01-31T18:00:00Z,warning,"[""Uncertainty intervals are not calibrated"", ""Unconfirmed: all source labels use fixed UTC+5 and mark the start of a ten-minute mean; reporting delay is zero and normalization remains unresolved."", ""Source-clock and target normalization semantics remain unconfirmed."", ""Weather availability uses archive-object metadata, not original NOAA publication proof."", ""Forecast target is normalized power; no conversion to MW/MWh is justified.""]"
1.0,4f7bd29573e75be78cbea8a8,1,2026-02-14T18:00:00Z,turbine_1,2026-02-14T21:00:00Z,3,0.06558924882056133,normalized_power,gfs_0p25,2026-02-14T12:00:00Z,wind-power-v1,2026-01-31T18:00:00Z,warning,"[""Uncertainty intervals are not calibrated"", ""Unconfirmed: all source labels use fixed UTC+5 and mark the start of a ten-minute mean; reporting delay is zero and normalization remains unresolved."", ""Source-clock and target normalization semantics remain unconfirmed."", ""Weather availability uses archive-object metadata, not original NOAA publication proof."", ""Forecast target is normalized power; no conversion to MW/MWh is justified.""]"
1.0,4f7bd29573e75be78cbea8a8,1,2026-02-14T18:00:00Z,turbine_1,2026-02-14T22:00:00Z,4,0.13311303880785338,normalized_power,gfs_0p25,2026-02-14T12:00:00Z,wind-power-v1,2026-01-31T18:00:00Z,warning,"[""Uncertainty intervals are not calibrated"", ""Unconfirmed: all source labels use fixed UTC+5 and mark the start of a ten-minute mean; reporting delay is zero and normalization remains unresolved."", ""Source-clock and target normalization semantics remain unconfirmed."", ""Weather availability uses archive-object metadata, not original NOAA publication proof."", ""Forecast target is normalized power; no conversion to MW/MWh is justified.""]"
1.0,4f7bd29573e75be78cbea8a8,1,2026-02-14T18:00:00Z,turbine_1,2026-02-14T23:00:00Z,5,0.15374393794531263,normalized_power,gfs_0p25,2026-02-14T12:00:00Z,wind-power-v1,2026-01-31T18:00:00Z,warning,"[""Uncertainty intervals are not calibrated"", ""Unconfirmed: all source labels use fixed UTC+5 and mark the start of a ten-minute mean; reporting delay is zero and normalization remains unresolved."", ""Source-clock and target normalization semantics remain unconfirmed."", ""Weather availability uses archive-object metadata, not original NOAA publication proof."", ""Forecast target is normalized power; no conversion to MW/MWh is justified.""]"
1.0,4f7bd29573e75be78cbea8a8,1,2026-02-14T18:00:00Z,turbine_1,2026-02-15T00:00:00Z,6,0.2993420044101967,normalized_power,gfs_0p25,2026-02-14T12:00:00Z,wind-power-v1,2026-01-31T18:00:00Z,warning,"[""Uncertainty intervals are not calibrated"", ""Unconfirmed: all source labels use fixed UTC+5 and mark the start of a ten-minute mean; reporting delay is zero and normalization remains unresolved."", ""Source-clock and target normalization semantics remain unconfirmed."", ""Weather availability uses archive-object metadata, not original NOAA publication proof."", ""Forecast target is normalized power; no conversion to MW/MWh is justified.""]"
1.0,4f7bd29573e75be78cbea8a8,1,2026-02-14T18:00:00Z,turbine_1,2026-02-15T01:00:00Z,7,0.3342823267891244,normalized_power,gfs_0p25,2026-02-14T12:00:00Z,wind-power-v1,2026-01-31T18:00:00Z,warning,"[""Uncertainty intervals are not calibrated"", ""Unconfirmed: all source labels use fixed UTC+5 and mark the start of a ten-minute mean; reporting delay is zero and normalization remains unresolved."", ""Source-clock and target normalization semantics remain unconfirmed."", ""Weather availability uses archive-object metadata, not original NOAA publication proof."", ""Forecast target is normalized power; no conversion to MW/MWh is justified.""]"
1.0,4f7bd29573e75be78cbea8a8,1,2026-02-14T18:00:00Z,turbine_1,2026-02-15T02:00:00Z,8,0.35771431147221,normalized_power,gfs_0p25,2026-02-14T12:00:00Z,wind-power-v1,2026-01-31T18:00:00Z,warning,"[""Uncertainty intervals are not calibrated"", ""Unconfirmed: all source labels use fixed UTC+5 and mark the start of a ten-minute mean; reporting delay is zero and normalization remains unresolved."", ""Source-clock and target normalization semantics remain unconfirmed."", ""Weather availability uses archive-object metadata, not original NOAA publication proof."", ""Forecast target is normalized power; no conversion to MW/MWh is justified.""]"
1.0,4f7bd29573e75be78cbea8a8,1,2026-02-14T18:00:00Z,turbine_1,2026-02-15T03:00:00Z,9,0.35191171496923696,normalized_power,gfs_0p25,2026-02-14T12:00:00Z,wind-power-v1,2026-01-31T18:00:00Z,warning,"[""Uncertainty intervals are not calibrated"", ""Unconfirmed: all source labels use fixed UTC+5 and mark the start of a ten-minute mean; reporting delay is zero and normalization remains unresolved."", ""Source-clock and target normalization semantics remain unconfirmed."", ""Weather availability uses archive-object metadata, not original NOAA publication proof."", ""Forecast target is normalized power; no conversion to MW/MWh is justified.""]"
1.0,4f7bd29573e75be78cbea8a8,1,2026-02-14T18:00:00Z,turbine_1,2026-02-15T04:00:00Z,10,0.6412950848747907,normalized_power,gfs_0p25,2026-02-14T12:00:00Z,wind-power-v1,2026-01-31T18:00:00Z,warning,"[""Uncertainty intervals are not calibrated"", ""Unconfirmed: all source labels use fixed UTC+5 and mark the start of a ten-minute mean; reporting delay is zero and normalization remains unresolved."", ""Source-clock and target normalization semantics remain unconfirmed."", ""Weather availability uses archive-object metadata, not original NOAA publication proof."", ""Forecast target is normalized power; no conversion to MW/MWh is justified.""]"
1.0,4f7bd29573e75be78cbea8a8,1,2026-02-14T18:00:00Z,turbine_1,2026-02-15T05:00:00Z,11,0.7901481139687442,normalized_power,gfs_0p25,2026-02-14T12:00:00Z,wind-power-v1,2026-01-31T18:00:00Z,warning,"[""Uncertainty intervals are not calibrated"", ""Unconfirmed: all source labels use fixed UTC+5 and mark the start of a ten-minute mean; reporting delay is zero and normalization remains unresolved."", ""Source-clock and target normalization semantics remain unconfirmed."", ""Weather availability uses archive-object metadata, not original NOAA publication proof."", ""Forecast target is normalized power; no conversion to MW/MWh is justified.""]"
1.0,4f7bd29573e75be78cbea8a8,1,2026-02-14T18:00:00Z,turbine_1,2026-02-15T06:00:00Z,12,0.6899386656493461,normalized_power,gfs_0p25,2026-02-14T12:00:00Z,wind-power-v1,2026-01-31T18:00:00Z,warning,"[""Uncertainty intervals are not calibrated"", ""Unconfirmed: all source labels use fixed UTC+5 and mark the start of a ten-minute mean; reporting delay is zero and normalization remains unresolved."", ""Source-clock and target normalization semantics remain unconfirmed."", ""Weather availability uses archive-object metadata, not original NOAA publication proof."", ""Forecast target is normalized power; no conversion to MW/MWh is justified.""]"
1.0,4f7bd29573e75be78cbea8a8,1,2026-02-14T18:00:00Z,turbine_1,2026-02-15T07:00:00Z,13,0.7974490482245284,normalized_power,gfs_0p25,2026-02-14T12:00:00Z,wind-power-v1,2026-01-31T18:00:00Z,warning,"[""Uncertainty intervals are not calibrated"", ""Unconfirmed: all source labels use fixed UTC+5 and mark the start of a ten-minute mean; reporting delay is zero and normalization remains unresolved."", ""Source-clock and target normalization semantics remain unconfirmed."", ""Weather availability uses archive-object metadata, not original NOAA publication proof."", ""Forecast target is normalized power; no conversion to MW/MWh is justified.""]"
1.0,4f7bd29573e75be78cbea8a8,1,2026-02-14T18:00:00Z,turbine_1,2026-02-15T08:00:00Z,14,0.7974490482245284,normalized_power,gfs_0p25,2026-02-14T12:00:00Z,wind-power-v1,2026-01-31T18:00:00Z,warning,"[""Uncertainty intervals are not calibrated"", ""Unconfirmed: all source labels use fixed UTC+5 and mark the start of a ten-minute mean; reporting delay is zero and normalization remains unresolved."", ""Source-clock and target normalization semantics remain unconfirmed."", ""Weather availability uses archive-object metadata, not original NOAA publication proof."", ""Forecast target is normalized power; no conversion to MW/MWh is justified.""]"
1.0,4f7bd29573e75be78cbea8a8,1,2026-02-14T18:00:00Z,turbine_1,2026-02-15T09:00:00Z,15,0.7364563285781202,normalized_power,gfs_0p25,2026-02-14T12:00:00Z,wind-power-v1,2026-01-31T18:00:00Z,warning,"[""Uncertainty intervals are not calibrated"", ""Unconfirmed: all source labels use fixed UTC+5 and mark the start of a ten-minute mean; reporting delay is zero and normalization remains unresolved."", ""Source-clock and target normalization semantics remain unconfirmed."", ""Weather availability uses archive-object metadata, not original NOAA publication proof."", ""Forecast target is normalized power; no conversion to MW/MWh is justified.""]"
1.0,4f7bd29573e75be78cbea8a8,1,2026-02-14T18:00:00Z,turbine_1,2026-02-15T10:00:00Z,16,0.6105924187872517,normalized_power,gfs_0p25,2026-02-14T12:00:00Z,wind-power-v1,2026-01-31T18:00:00Z,warning,"[""Uncertainty intervals are not calibrated"", ""Unconfirmed: all source labels use fixed UTC+5 and mark the start of a ten-minute mean; reporting delay is zero and normalization remains unresolved."", ""Source-clock and target normalization semantics remain unconfirmed."", ""Weather availability uses archive-object metadata, not original NOAA publication proof."", ""Forecast target is normalized power; no conversion to MW/MWh is justified.""]"
1.0,4f7bd29573e75be78cbea8a8,1,2026-02-14T18:00:00Z,turbine_1,2026-02-15T11:00:00Z,17,0.6107374183484509,normalized_power,gfs_0p25,2026-02-14T12:00:00Z,wind-power-v1,2026-01-31T18:00:00Z,warning,"[""Uncertainty intervals are not calibrated"", ""Unconfirmed: all source labels use fixed UTC+5 and mark the start of a ten-minute mean; reporting delay is zero and normalization remains unresolved."", ""Source-clock and target normalization semantics remain unconfirmed."", ""Weather availability uses archive-object metadata, not original NOAA publication proof."", ""Forecast target is normalized power; no conversion to MW/MWh is justified.""]"
1.0,4f7bd29573e75be78cbea8a8,1,2026-02-14T18:00:00Z,turbine_1,2026-02-15T12:00:00Z,18,0.4910322900119546,normalized_power,gfs_0p25,2026-02-14T12:00:00Z,wind-power-v1,2026-01-31T18:00:00Z,warning,"[""Uncertainty intervals are not calibrated"", ""Unconfirmed: all source labels use fixed UTC+5 and mark the start of a ten-minute mean; reporting delay is zero and normalization remains unresolved."", ""Source-clock and target normalization semantics remain unconfirmed."", ""Weather availability uses archive-object metadata, not original NOAA publication proof."", ""Forecast target is normalized power; no conversion to MW/MWh is justified.""]"
1.0,4f7bd29573e75be78cbea8a8,1,2026-02-14T18:00:00Z,turbine_1,2026-02-15T13:00:00Z,19,0.609906794897602,normalized_power,gfs_0p25,2026-02-14T12:00:00Z,wind-power-v1,2026-01-31T18:00:00Z,warning,"[""Uncertainty intervals are not calibrated"", ""Unconfirmed: all source labels use fixed UTC+5 and mark the start of a ten-minute mean; reporting delay is zero and normalization remains unresolved."", ""Source-clock and target normalization semantics remain unconfirmed."", ""Weather availability uses archive-object metadata, not original NOAA publication proof."", ""Forecast target is normalized power; no conversion to MW/MWh is justified.""]"
1.0,4f7bd29573e75be78cbea8a8,1,2026-02-14T18:00:00Z,turbine_1,2026-02-15T14:00:00Z,20,0.6010130893083858,normalized_power,gfs_0p25,2026-02-14T12:00:00Z,wind-power-v1,2026-01-31T18:00:00Z,warning,"[""Uncertainty intervals are not calibrated"", ""Unconfirmed: all source labels use fixed UTC+5 and mark the start of a ten-minute mean; reporting delay is zero and normalization remains unresolved."", ""Source-clock and target normalization semantics remain unconfirmed."", ""Weather availability uses archive-object metadata, not original NOAA publication proof."", ""Forecast target is normalized power; no conversion to MW/MWh is justified.""]"
1.0,4f7bd29573e75be78cbea8a8,1,2026-02-14T18:00:00Z,turbine_1,2026-02-15T15:00:00Z,21,0.6961490198260243,normalized_power,gfs_0p25,2026-02-14T12:00:00Z,wind-power-v1,2026-01-31T18:00:00Z,warning,"[""Uncertainty intervals are not calibrated"", ""Unconfirmed: all source labels use fixed UTC+5 and mark the start of a ten-minute mean; reporting delay is zero and normalization remains unresolved."", ""Source-clock and target normalization semantics remain unconfirmed."", ""Weather availability uses archive-object metadata, not original NOAA publication proof."", ""Forecast target is normalized power; no conversion to MW/MWh is justified.""]"
1.0,4f7bd29573e75be78cbea8a8,1,2026-02-14T18:00:00Z,turbine_1,2026-02-15T16:00:00Z,22,0.6345263815850387,normalized_power,gfs_0p25,2026-02-14T12:00:00Z,wind-power-v1,2026-01-31T18:00:00Z,warning,"[""Uncertainty intervals are not calibrated"", ""Unconfirmed: all source labels use fixed UTC+5 and mark the start of a ten-minute mean; reporting delay is zero and normalization remains unresolved."", ""Source-clock and target normalization semantics remain unconfirmed."", ""Weather availability uses archive-object metadata, not original NOAA publication proof."", ""Forecast target is normalized power; no conversion to MW/MWh is justified.""]"
1.0,4f7bd29573e75be78cbea8a8,1,2026-02-14T18:00:00Z,turbine_1,2026-02-15T17:00:00Z,23,0.7165814690450539,normalized_power,gfs_0p25,2026-02-14T12:00:00Z,wind-power-v1,2026-01-31T18:00:00Z,warning,"[""Uncertainty intervals are not calibrated"", ""Unconfirmed: all source labels use fixed UTC+5 and mark the start of a ten-minute mean; reporting delay is zero and normalization remains unresolved."", ""Source-clock and target normalization semantics remain unconfirmed."", ""Weather availability uses archive-object metadata, not original NOAA publication proof."", ""Forecast target is normalized power; no conversion to MW/MWh is justified.""]"
1.0,4f7bd29573e75be78cbea8a8,1,2026-02-14T18:00:00Z,turbine_1,2026-02-15T18:00:00Z,24,0.6117814670392896,normalized_power,gfs_0p25,2026-02-14T12:00:00Z,wind-power-v1,2026-01-31T18:00:00Z,warning,"[""Uncertainty intervals are not calibrated"", ""Unconfirmed: all source labels use fixed UTC+5 and mark the start of a ten-minute mean; reporting delay is zero and normalization remains unresolved."", ""Source-clock and target normalization semantics remain unconfirmed."", ""Weather availability uses archive-object metadata, not original NOAA publication proof."", ""Forecast target is normalized power; no conversion to MW/MWh is justified.""]"
1.0,6cb406839252099daf8bb1e5,1,2026-02-15T18:00:00Z,turbine_1,2026-02-15T19:00:00Z,1,0.6304211033439207,normalized_power,gfs_0p25,2026-02-15T12:00:00Z,wind-power-v1,2026-01-31T18:00:00Z,warning,"[""Uncertainty intervals are not calibrated"", ""Unconfirmed: all source labels use fixed UTC+5 and mark the start of a ten-minute mean; reporting delay is zero and normalization remains unresolved."", ""Source-clock and target normalization semantics remain unconfirmed."", ""Weather availability uses archive-object metadata, not original NOAA publication proof."", ""Forecast target is normalized power; no conversion to MW/MWh is justified.""]"
1.0,6cb406839252099daf8bb1e5,1,2026-02-15T18:00:00Z,turbine_1,2026-02-15T20:00:00Z,2,0.5911159750859791,normalized_power,gfs_0p25,2026-02-15T12:00:00Z,wind-power-v1,2026-01-31T18:00:00Z,warning,"[""Uncertainty intervals are not calibrated"", ""Unconfirmed: all source labels use fixed UTC+5 and mark the start of a ten-minute mean; reporting delay is zero and normalization remains unresolved."", ""Source-clock and target normalization semantics remain unconfirmed."", ""Weather availability uses archive-object metadata, not original NOAA publication proof."", ""Forecast target is normalized power; no conversion to MW/MWh is justified.""]"
1.0,6cb406839252099daf8bb1e5,1,2026-02-15T18:00:00Z,turbine_1,2026-02-15T21:00:00Z,3,0.6066513870977065,normalized_power,gfs_0p25,2026-02-15T12:00:00Z,wind-power-v1,2026-01-31T18:00:00Z,warning,"[""Uncertainty intervals are not calibrated"", ""Unconfirmed: all source labels use fixed UTC+5 and mark the start of a ten-minute mean; reporting delay is zero and normalization remains unresolved."", ""Source-clock and target normalization semantics remain unconfirmed."", ""Weather availability uses archive-object metadata, not original NOAA publication proof."", ""Forecast target is normalized power; no conversion to MW/MWh is justified.""]"
1.0,6cb406839252099daf8bb1e5,1,2026-02-15T18:00:00Z,turbine_1,2026-02-15T22:00:00Z,4,0.5245678707977739,normalized_power,gfs_0p25,2026-02-15T12:00:00Z,wind-power-v1,2026-01-31T18:00:00Z,warning,"[""Uncertainty intervals are not calibrated"", ""Unconfirmed: all source labels use fixed UTC+5 and mark the start of a ten-minute mean; reporting delay is zero and normalization remains unresolved."", ""Source-clock and target normalization semantics remain unconfirmed."", ""Weather availability uses archive-object metadata, not original NOAA publication proof."", ""Forecast target is normalized power; no conversion to MW/MWh is justified.""]"
1.0,6cb406839252099daf8bb1e5,1,2026-02-15T18:00:00Z,turbine_1,2026-02-15T23:00:00Z,5,0.5225240637936824,normalized_power,gfs_0p25,2026-02-15T12:00:00Z,wind-power-v1,2026-01-31T18:00:00Z,warning,"[""Uncertainty intervals are not calibrated"", ""Unconfirmed: all source labels use fixed UTC+5 and mark the start of a ten-minute mean; reporting delay is zero and normalization remains unresolved."", ""Source-clock and target normalization semantics remain unconfirmed."", ""Weather availability uses archive-object metadata, not original NOAA publication proof."", ""Forecast target is normalized power; no conversion to MW/MWh is justified.""]"
1.0,6cb406839252099daf8bb1e5,1,2026-02-15T18:00:00Z,turbine_1,2026-02-16T00:00:00Z,6,0.4099674388534444,normalized_power,gfs_0p25,2026-02-15T12:00:00Z,wind-power-v1,2026-01-31T18:00:00Z,warning,"[""Uncertainty intervals are not calibrated"", ""Unconfirmed: all source labels use fixed UTC+5 and mark the start of a ten-minute mean; reporting delay is zero and normalization remains unresolved."", ""Source-clock and target normalization semantics remain unconfirmed."", ""Weather availability uses archive-object metadata, not original NOAA publication proof."", ""Forecast target is normalized power; no conversion to MW/MWh is justified.""]"
1.0,6cb406839252099daf8bb1e5,1,2026-02-15T18:00:00Z,turbine_1,2026-02-16T01:00:00Z,7,0.39896663419701844,normalized_power,gfs_0p25,2026-02-15T12:00:00Z,wind-power-v1,2026-01-31T18:00:00Z,warning,"[""Uncertainty intervals are not calibrated"", ""Unconfirmed: all source labels use fixed UTC+5 and mark the start of a ten-minute mean; reporting delay is zero and normalization remains unresolved."", ""Source-clock and target normalization semantics remain unconfirmed."", ""Weather availability uses archive-object metadata, not original NOAA publication proof."", ""Forecast target is normalized power; no conversion to MW/MWh is justified.""]"
1.0,6cb406839252099daf8bb1e5,1,2026-02-15T18:00:00Z,turbine_1,2026-02-16T02:00:00Z,8,0.4526807548736613,normalized_power,gfs_0p25,2026-02-15T12:00:00Z,wind-power-v1,2026-01-31T18:00:00Z,warning,"[""Uncertainty intervals are not calibrated"", ""Unconfirmed: all source labels use fixed UTC+5 and mark the start of a ten-minute mean; reporting delay is zero and normalization remains unresolved."", ""Source-clock and target normalization semantics remain unconfirmed."", ""Weather availability uses archive-object metadata, not original NOAA publication proof."", ""Forecast target is normalized power; no conversion to MW/MWh is justified.""]"
1.0,6cb406839252099daf8bb1e5,1,2026-02-15T18:00:00Z,turbine_1,2026-02-16T03:00:00Z,9,0.37406574006202953,normalized_power,gfs_0p25,2026-02-15T12:00:00Z,wind-power-v1,2026-01-31T18:00:00Z,warning,"[""Uncertainty intervals are not calibrated"", ""Unconfirmed: all source labels use fixed UTC+5 and mark the start of a ten-minute mean; reporting delay is zero and normalization remains unresolved."", ""Source-clock and target normalization semantics remain unconfirmed."", ""Weather availability uses archive-object metadata, not original NOAA publication proof."", ""Forecast target is normalized power; no conversion to MW/MWh is justified.""]"
1.0,6cb406839252099daf8bb1e5,1,2026-02-15T18:00:00Z,turbine_1,2026-02-16T04:00:00Z,10,0.3848952614645855,normalized_power,gfs_0p25,2026-02-15T12:00:00Z,wind-power-v1,2026-01-31T18:00:00Z,warning,"[""Uncertainty intervals are not calibrated"", ""Unconfirmed: all source labels use fixed UTC+5 and mark the start of a ten-minute mean; reporting delay is zero and normalization remains unresolved."", ""Source-clock and target normalization semantics remain unconfirmed."", ""Weather availability uses archive-object metadata, not original NOAA publication proof."", ""Forecast target is normalized power; no conversion to MW/MWh is justified.""]"
1.0,6cb406839252099daf8bb1e5,1,2026-02-15T18:00:00Z,turbine_1,2026-02-16T05:00:00Z,11,0.43791557353017163,normalized_power,gfs_0p25,2026-02-15T12:00:00Z,wind-power-v1,2026-01-31T18:00:00Z,warning,"[""Uncertainty intervals are not calibrated"", ""Unconfirmed: all source labels use fixed UTC+5 and mark the start of a ten-minute mean; reporting delay is zero and normalization remains unresolved."", ""Source-clock and target normalization semantics remain unconfirmed."", ""Weather availability uses archive-object metadata, not original NOAA publication proof."", ""Forecast target is normalized power; no conversion to MW/MWh is justified.""]"
1.0,6cb406839252099daf8bb1e5,1,2026-02-15T18:00:00Z,turbine_1,2026-02-16T06:00:00Z,12,0.3750716789756403,normalized_power,gfs_0p25,2026-02-15T12:00:00Z,wind-power-v1,2026-01-31T18:00:00Z,warning,"[""Uncertainty intervals are not calibrated"", ""Unconfirmed: all source labels use fixed UTC+5 and mark the start of a ten-minute mean; reporting delay is zero and normalization remains unresolved."", ""Source-clock and target normalization semantics remain unconfirmed."", ""Weather availability uses archive-object metadata, not original NOAA publication proof."", ""Forecast target is normalized power; no conversion to MW/MWh is justified.""]"
1.0,6cb406839252099daf8bb1e5,1,2026-02-15T18:00:00Z,turbine_1,2026-02-16T07:00:00Z,13,0.39955433730184753,normalized_power,gfs_0p25,2026-02-15T12:00:00Z,wind-power-v1,2026-01-31T18:00:00Z,warning,"[""Uncertainty intervals are not calibrated"", ""Unconfirmed: all source labels use fixed UTC+5 and mark the start of a ten-minute mean; reporting delay is zero and normalization remains unresolved."", ""Source-clock and target normalization semantics remain unconfirmed."", ""Weather availability uses archive-object metadata, not original NOAA publication proof."", ""Forecast target is normalized power; no conversion to MW/MWh is justified.""]"
1.0,6cb406839252099daf8bb1e5,1,2026-02-15T18:00:00Z,turbine_1,2026-02-16T08:00:00Z,14,0.4498692204729703,normalized_power,gfs_0p25,2026-02-15T12:00:00Z,wind-power-v1,2026-01-31T18:00:00Z,warning,"[""Uncertainty intervals are not calibrated"", ""Unconfirmed: all source labels use fixed UTC+5 and mark the start of a ten-minute mean; reporting delay is zero and normalization remains unresolved."", ""Source-clock and target normalization semantics remain unconfirmed."", ""Weather availability uses archive-object metadata, not original NOAA publication proof."", ""Forecast target is normalized power; no conversion to MW/MWh is justified.""]"
1.0,6cb406839252099daf8bb1e5,1,2026-02-15T18:00:00Z,turbine_1,2026-02-16T09:00:00Z,15,0.30529126340504226,normalized_power,gfs_0p25,2026-02-15T12:00:00Z,wind-power-v1,2026-01-31T18:00:00Z,warning,"[""Uncertainty intervals are not calibrated"", ""Unconfirmed: all source labels use fixed UTC+5 and mark the start of a ten-minute mean; reporting delay is zero and normalization remains unresolved."", ""Source-clock and target normalization semantics remain unconfirmed."", ""Weather availability uses archive-object metadata, not original NOAA publication proof."", ""Forecast target is normalized power; no conversion to MW/MWh is justified.""]"
1.0,6cb406839252099daf8bb1e5,1,2026-02-15T18:00:00Z,turbine_1,2026-02-16T10:00:00Z,16,0.5569290398443868,normalized_power,gfs_0p25,2026-02-15T12:00:00Z,wind-power-v1,2026-01-31T18:00:00Z,warning,"[""Uncertainty intervals are not calibrated"", ""Unconfirmed: all source labels use fixed UTC+5 and mark the start of a ten-minute mean; reporting delay is zero and normalization remains unresolved."", ""Source-clock and target normalization semantics remain unconfirmed."", ""Weather availability uses archive-object metadata, not original NOAA publication proof."", ""Forecast target is normalized power; no conversion to MW/MWh is justified.""]"
1.0,6cb406839252099daf8bb1e5,1,2026-02-15T18:00:00Z,turbine_1,2026-02-16T11:00:00Z,17,0.5155228298091221,normalized_power,gfs_0p25,2026-02-15T12:00:00Z,wind-power-v1,2026-01-31T18:00:00Z,warning,"[""Uncertainty intervals are not calibrated"", ""Unconfirmed: all source labels use fixed UTC+5 and mark the start of a ten-minute mean; reporting delay is zero and normalization remains unresolved."", ""Source-clock and target normalization semantics remain unconfirmed."", ""Weather availability uses archive-object metadata, not original NOAA publication proof."", ""Forecast target is normalized power; no conversion to MW/MWh is justified.""]"
1.0,6cb406839252099daf8bb1e5,1,2026-02-15T18:00:00Z,turbine_1,2026-02-16T12:00:00Z,18,0.5324808357509151,normalized_power,gfs_0p25,2026-02-15T12:00:00Z,wind-power-v1,2026-01-31T18:00:00Z,warning,"[""Uncertainty intervals are not calibrated"", ""Unconfirmed: all source labels use fixed UTC+5 and mark the start of a ten-minute mean; reporting delay is zero and normalization remains unresolved."", ""Source-clock and target normalization semantics remain unconfirmed."", ""Weather availability uses archive-object metadata, not original NOAA publication proof."", ""Forecast target is normalized power; no conversion to MW/MWh is justified.""]"
1.0,6cb406839252099daf8bb1e5,1,2026-02-15T18:00:00Z,turbine_1,2026-02-16T13:00:00Z,19,0.5090490744632535,normalized_power,gfs_0p25,2026-02-15T12:00:00Z,wind-power-v1,2026-01-31T18:00:00Z,warning,"[""Uncertainty intervals are not calibrated"", ""Unconfirmed: all source labels use fixed UTC+5 and mark the start of a ten-minute mean; reporting delay is zero and normalization remains unresolved."", ""Source-clock and target normalization semantics remain unconfirmed."", ""Weather availability uses archive-object metadata, not original NOAA publication proof."", ""Forecast target is normalized power; no conversion to MW/MWh is justified.""]"
1.0,6cb406839252099daf8bb1e5,1,2026-02-15T18:00:00Z,turbine_1,2026-02-16T14:00:00Z,20,0.46542925218290226,normalized_power,gfs_0p25,2026-02-15T12:00:00Z,wind-power-v1,2026-01-31T18:00:00Z,warning,"[""Uncertainty intervals are not calibrated"", ""Unconfirmed: all source labels use fixed UTC+5 and mark the start of a ten-minute mean; reporting delay is zero and normalization remains unresolved."", ""Source-clock and target normalization semantics remain unconfirmed."", ""Weather availability uses archive-object metadata, not original NOAA publication proof."", ""Forecast target is normalized power; no conversion to MW/MWh is justified.""]"
1.0,6cb406839252099daf8bb1e5,1,2026-02-15T18:00:00Z,turbine_1,2026-02-16T15:00:00Z,21,0.631184713259068,normalized_power,gfs_0p25,2026-02-15T12:00:00Z,wind-power-v1,2026-01-31T18:00:00Z,warning,"[""Uncertainty intervals are not calibrated"", ""Unconfirmed: all source labels use fixed UTC+5 and mark the start of a ten-minute mean; reporting delay is zero and normalization remains unresolved."", ""Source-clock and target normalization semantics remain unconfirmed."", ""Weather availability uses archive-object metadata, not original NOAA publication proof."", ""Forecast target is normalized power; no conversion to MW/MWh is justified.""]"
1.0,6cb406839252099daf8bb1e5,1,2026-02-15T18:00:00Z,turbine_1,2026-02-16T16:00:00Z,22,0.7879976146471378,normalized_power,gfs_0p25,2026-02-15T12:00:00Z,wind-power-v1,2026-01-31T18:00:00Z,warning,"[""Uncertainty intervals are not calibrated"", ""Unconfirmed: all source labels use fixed UTC+5 and mark the start of a ten-minute mean; reporting delay is zero and normalization remains unresolved."", ""Source-clock and target normalization semantics remain unconfirmed."", ""Weather availability uses archive-object metadata, not original NOAA publication proof."", ""Forecast target is normalized power; no conversion to MW/MWh is justified.""]"
1.0,6cb406839252099daf8bb1e5,1,2026-02-15T18:00:00Z,turbine_1,2026-02-16T17:00:00Z,23,0.6186835305080733,normalized_power,gfs_0p25,2026-02-15T12:00:00Z,wind-power-v1,2026-01-31T18:00:00Z,warning,"[""Uncertainty intervals are not calibrated"", ""Unconfirmed: all source labels use fixed UTC+5 and mark the start of a ten-minute mean; reporting delay is zero and normalization remains unresolved."", ""Source-clock and target normalization semantics remain unconfirmed."", ""Weather availability uses archive-object metadata, not original NOAA publication proof."", ""Forecast target is normalized power; no conversion to MW/MWh is justified.""]"
1.0,6cb406839252099daf8bb1e5,1,2026-02-15T18:00:00Z,turbine_1,2026-02-16T18:00:00Z,24,0.62033394996808,normalized_power,gfs_0p25,2026-02-15T12:00:00Z,wind-power-v1,2026-01-31T18:00:00Z,warning,"[""Uncertainty intervals are not calibrated"", ""Unconfirmed: all source labels use fixed UTC+5 and mark the start of a ten-minute mean; reporting delay is zero and normalization remains unresolved."", ""Source-clock and target normalization semantics remain unconfirmed."", ""Weather availability uses archive-object metadata, not original NOAA publication proof."", ""Forecast target is normalized power; no conversion to MW/MWh is justified.""]"
1.0,dd9d74771d55e9dc07f7814e,1,2026-02-16T18:00:00Z,turbine_1,2026-02-16T19:00:00Z,1,0.44460668867031716,normalized_power,gfs_0p25,2026-02-16T12:00:00Z,wind-power-v1,2026-01-31T18:00:00Z,warning,"[""Uncertainty intervals are not calibrated"", ""Unconfirmed: all source labels use fixed UTC+5 and mark the start of a ten-minute mean; reporting delay is zero and normalization remains unresolved."", ""Source-clock and target normalization semantics remain unconfirmed."", ""Weather availability uses archive-object metadata, not original NOAA publication proof."", ""Forecast target is normalized power; no conversion to MW/MWh is justified.""]"
1.0,dd9d74771d55e9dc07f7814e,1,2026-02-16T18:00:00Z,turbine_1,2026-02-16T20:00:00Z,2,0.40188974762535173,normalized_power,gfs_0p25,2026-02-16T12:00:00Z,wind-power-v1,2026-01-31T18:00:00Z,warning,"[""Uncertainty intervals are not calibrated"", ""Unconfirmed: all source labels use fixed UTC+5 and mark the start of a ten-minute mean; reporting delay is zero and normalization remains unresolved."", ""Source-clock and target normalization semantics remain unconfirmed."", ""Weather availability uses archive-object metadata, not original NOAA publication proof."", ""Forecast target is normalized power; no conversion to MW/MWh is justified.""]"
1.0,dd9d74771d55e9dc07f7814e,1,2026-02-16T18:00:00Z,turbine_1,2026-02-16T21:00:00Z,3,0.37457522712430535,normalized_power,gfs_0p25,2026-02-16T12:00:00Z,wind-power-v1,2026-01-31T18:00:00Z,warning,"[""Uncertainty intervals are not calibrated"", ""Unconfirmed: all source labels use fixed UTC+5 and mark the start of a ten-minute mean; reporting delay is zero and normalization remains unresolved."", ""Source-clock and target normalization semantics remain unconfirmed."", ""Weather availability uses archive-object metadata, not original NOAA publication proof."", ""Forecast target is normalized power; no conversion to MW/MWh is justified.""]"
1.0,dd9d74771d55e9dc07f7814e,1,2026-02-16T18:00:00Z,turbine_1,2026-02-16T22:00:00Z,4,0.4552704863206232,normalized_power,gfs_0p25,2026-02-16T12:00:00Z,wind-power-v1,2026-01-31T18:00:00Z,warning,"[""Uncertainty intervals are not calibrated"", ""Unconfirmed: all source labels use fixed UTC+5 and mark the start of a ten-minute mean; reporting delay is zero and normalization remains unresolved."", ""Source-clock and target normalization semantics remain unconfirmed."", ""Weather availability uses archive-object metadata, not original NOAA publication proof."", ""Forecast target is normalized power; no conversion to MW/MWh is justified.""]"
1.0,dd9d74771d55e9dc07f7814e,1,2026-02-16T18:00:00Z,turbine_1,2026-02-16T23:00:00Z,5,0.42014129748033546,normalized_power,gfs_0p25,2026-02-16T12:00:00Z,wind-power-v1,2026-01-31T18:00:00Z,warning,"[""Uncertainty intervals are not calibrated"", ""Unconfirmed: all source labels use fixed UTC+5 and mark the start of a ten-minute mean; reporting delay is zero and normalization remains unresolved."", ""Source-clock and target normalization semantics remain unconfirmed."", ""Weather availability uses archive-object metadata, not original NOAA publication proof."", ""Forecast target is normalized power; no conversion to MW/MWh is justified.""]"
1.0,dd9d74771d55e9dc07f7814e,1,2026-02-16T18:00:00Z,turbine_1,2026-02-17T00:00:00Z,6,0.39120787798379575,normalized_power,gfs_0p25,2026-02-16T12:00:00Z,wind-power-v1,2026-01-31T18:00:00Z,warning,"[""Uncertainty intervals are not calibrated"", ""Unconfirmed: all source labels use fixed UTC+5 and mark the start of a ten-minute mean; reporting delay is zero and normalization remains unresolved."", ""Source-clock and target normalization semantics remain unconfirmed."", ""Weather availability uses archive-object metadata, not original NOAA publication proof."", ""Forecast target is normalized power; no conversion to MW/MWh is justified.""]"
1.0,dd9d74771d55e9dc07f7814e,1,2026-02-16T18:00:00Z,turbine_1,2026-02-17T01:00:00Z,7,0.3051387945048814,normalized_power,gfs_0p25,2026-02-16T12:00:00Z,wind-power-v1,2026-01-31T18:00:00Z,warning,"[""Uncertainty intervals are not calibrated"", ""Unconfirmed: all source labels use fixed UTC+5 and mark the start of a ten-minute mean; reporting delay is zero and normalization remains unresolved."", ""Source-clock and target normalization semantics remain unconfirmed."", ""Weather availability uses archive-object metadata, not original NOAA publication proof."", ""Forecast target is normalized power; no conversion to MW/MWh is justified.""]"
1.0,dd9d74771d55e9dc07f7814e,1,2026-02-16T18:00:00Z,turbine_1,2026-02-17T02:00:00Z,8,0.3151873622258439,normalized_power,gfs_0p25,2026-02-16T12:00:00Z,wind-power-v1,2026-01-31T18:00:00Z,warning,"[""Uncertainty intervals are not calibrated"", ""Unconfirmed: all source labels use fixed UTC+5 and mark the start of a ten-minute mean; reporting delay is zero and normalization remains unresolved."", ""Source-clock and target normalization semantics remain unconfirmed."", ""Weather availability uses archive-object metadata, not original NOAA publication proof."", ""Forecast target is normalized power; no conversion to MW/MWh is justified.""]"
1.0,dd9d74771d55e9dc07f7814e,1,2026-02-16T18:00:00Z,turbine_1,2026-02-17T03:00:00Z,9,0.3642530956995539,normalized_power,gfs_0p25,2026-02-16T12:00:00Z,wind-power-v1,2026-01-31T18:00:00Z,warning,"[""Uncertainty intervals are not calibrated"", ""Unconfirmed: all source labels use fixed UTC+5 and mark the start of a ten-minute mean; reporting delay is zero and normalization remains unresolved."", ""Source-clock and target normalization semantics remain unconfirmed."", ""Weather availability uses archive-object metadata, not original NOAA publication proof."", ""Forecast target is normalized power; no conversion to MW/MWh is justified.""]"
1.0,dd9d74771d55e9dc07f7814e,1,2026-02-16T18:00:00Z,turbine_1,2026-02-17T04:00:00Z,10,0.2748912648045966,normalized_power,gfs_0p25,2026-02-16T12:00:00Z,wind-power-v1,2026-01-31T18:00:00Z,warning,"[""Uncertainty intervals are not calibrated"", ""Unconfirmed: all source labels use fixed UTC+5 and mark the start of a ten-minute mean; reporting delay is zero and normalization remains unresolved."", ""Source-clock and target normalization semantics remain unconfirmed."", ""Weather availability uses archive-object metadata, not original NOAA publication proof."", ""Forecast target is normalized power; no conversion to MW/MWh is justified.""]"
1.0,dd9d74771d55e9dc07f7814e,1,2026-02-16T18:00:00Z,turbine_1,2026-02-17T05:00:00Z,11,0.2726610824246376,normalized_power,gfs_0p25,2026-02-16T12:00:00Z,wind-power-v1,2026-01-31T18:00:00Z,warning,"[""Uncertainty intervals are not calibrated"", ""Unconfirmed: all source labels use fixed UTC+5 and mark the start of a ten-minute mean; reporting delay is zero and normalization remains unresolved."", ""Source-clock and target normalization semantics remain unconfirmed."", ""Weather availability uses archive-object metadata, not original NOAA publication proof."", ""Forecast target is normalized power; no conversion to MW/MWh is justified.""]"
1.0,dd9d74771d55e9dc07f7814e,1,2026-02-16T18:00:00Z,turbine_1,2026-02-17T06:00:00Z,12,0.32172681589834756,normalized_power,gfs_0p25,2026-02-16T12:00:00Z,wind-power-v1,2026-01-31T18:00:00Z,warning,"[""Uncertainty intervals are not calibrated"", ""Unconfirmed: all source labels use fixed UTC+5 and mark the start of a ten-minute mean; reporting delay is zero and normalization remains unresolved."", ""Source-clock and target normalization semantics remain unconfirmed."", ""Weather availability uses archive-object metadata, not original NOAA publication proof."", ""Forecast target is normalized power; no conversion to MW/MWh is justified.""]"
1.0,dd9d74771d55e9dc07f7814e,1,2026-02-16T18:00:00Z,turbine_1,2026-02-17T07:00:00Z,13,0.34039949656046015,normalized_power,gfs_0p25,2026-02-16T12:00:00Z,wind-power-v1,2026-01-31T18:00:00Z,warning,"[""Uncertainty intervals are not calibrated"", ""Unconfirmed: all source labels use fixed UTC+5 and mark the start of a ten-minute mean; reporting delay is zero and normalization remains unresolved."", ""Source-clock and target normalization semantics remain unconfirmed."", ""Weather availability uses archive-object metadata, not original NOAA publication proof."", ""Forecast target is normalized power; no conversion to MW/MWh is justified.""]"
1.0,dd9d74771d55e9dc07f7814e,1,2026-02-16T18:00:00Z,turbine_1,2026-02-17T08:00:00Z,14,0.29923819793958134,normalized_power,gfs_0p25,2026-02-16T12:00:00Z,wind-power-v1,2026-01-31T18:00:00Z,warning,"[""Uncertainty intervals are not calibrated"", ""Unconfirmed: all source labels use fixed UTC+5 and mark the start of a ten-minute mean; reporting delay is zero and normalization remains unresolved."", ""Source-clock and target normalization semantics remain unconfirmed."", ""Weather availability uses archive-object metadata, not original NOAA publication proof."", ""Forecast target is normalized power; no conversion to MW/MWh is justified.""]"
1.0,dd9d74771d55e9dc07f7814e,1,2026-02-16T18:00:00Z,turbine_1,2026-02-17T09:00:00Z,15,0.3684740357527056,normalized_power,gfs_0p25,2026-02-16T12:00:00Z,wind-power-v1,2026-01-31T18:00:00Z,warning,"[""Uncertainty intervals are not calibrated"", ""Unconfirmed: all source labels use fixed UTC+5 and mark the start of a ten-minute mean; reporting delay is zero and normalization remains unresolved."", ""Source-clock and target normalization semantics remain unconfirmed."", ""Weather availability uses archive-object metadata, not original NOAA publication proof."", ""Forecast target is normalized power; no conversion to MW/MWh is justified.""]"
1.0,dd9d74771d55e9dc07f7814e,1,2026-02-16T18:00:00Z,turbine_1,2026-02-17T10:00:00Z,16,0.4384119892209697,normalized_power,gfs_0p25,2026-02-16T12:00:00Z,wind-power-v1,2026-01-31T18:00:00Z,warning,"[""Uncertainty intervals are not calibrated"", ""Unconfirmed: all source labels use fixed UTC+5 and mark the start of a ten-minute mean; reporting delay is zero and normalization remains unresolved."", ""Source-clock and target normalization semantics remain unconfirmed."", ""Weather availability uses archive-object metadata, not original NOAA publication proof."", ""Forecast target is normalized power; no conversion to MW/MWh is justified.""]"
1.0,dd9d74771d55e9dc07f7814e,1,2026-02-16T18:00:00Z,turbine_1,2026-02-17T11:00:00Z,17,0.49759203656941065,normalized_power,gfs_0p25,2026-02-16T12:00:00Z,wind-power-v1,2026-01-31T18:00:00Z,warning,"[""Uncertainty intervals are not calibrated"", ""Unconfirmed: all source labels use fixed UTC+5 and mark the start of a ten-minute mean; reporting delay is zero and normalization remains unresolved."", ""Source-clock and target normalization semantics remain unconfirmed."", ""Weather availability uses archive-object metadata, not original NOAA publication proof."", ""Forecast target is normalized power; no conversion to MW/MWh is justified.""]"
1.0,dd9d74771d55e9dc07f7814e,1,2026-02-16T18:00:00Z,turbine_1,2026-02-17T12:00:00Z,18,0.2518921578571215,normalized_power,gfs_0p25,2026-02-16T12:00:00Z,wind-power-v1,2026-01-31T18:00:00Z,warning,"[""Uncertainty intervals are not calibrated"", ""Unconfirmed: all source labels use fixed UTC+5 and mark the start of a ten-minute mean; reporting delay is zero and normalization remains unresolved."", ""Source-clock and target normalization semantics remain unconfirmed."", ""Weather availability uses archive-object metadata, not original NOAA publication proof."", ""Forecast target is normalized power; no conversion to MW/MWh is justified.""]"
1.0,dd9d74771d55e9dc07f7814e,1,2026-02-16T18:00:00Z,turbine_1,2026-02-17T13:00:00Z,19,0.5990549720157747,normalized_power,gfs_0p25,2026-02-16T12:00:00Z,wind-power-v1,2026-01-31T18:00:00Z,warning,"[""Uncertainty intervals are not calibrated"", ""Unconfirmed: all source labels use fixed UTC+5 and mark the start of a ten-minute mean; reporting delay is zero and normalization remains unresolved."", ""Source-clock and target normalization semantics remain unconfirmed."", ""Weather availability uses archive-object metadata, not original NOAA publication proof."", ""Forecast target is normalized power; no conversion to MW/MWh is justified.""]"
1.0,dd9d74771d55e9dc07f7814e,1,2026-02-16T18:00:00Z,turbine_1,2026-02-17T14:00:00Z,20,0.5724636879330929,normalized_power,gfs_0p25,2026-02-16T12:00:00Z,wind-power-v1,2026-01-31T18:00:00Z,warning,"[""Uncertainty intervals are not calibrated"", ""Unconfirmed: all source labels use fixed UTC+5 and mark the start of a ten-minute mean; reporting delay is zero and normalization remains unresolved."", ""Source-clock and target normalization semantics remain unconfirmed."", ""Weather availability uses archive-object metadata, not original NOAA publication proof."", ""Forecast target is normalized power; no conversion to MW/MWh is justified.""]"
1.0,dd9d74771d55e9dc07f7814e,1,2026-02-16T18:00:00Z,turbine_1,2026-02-17T15:00:00Z,21,0.708284853817821,normalized_power,gfs_0p25,2026-02-16T12:00:00Z,wind-power-v1,2026-01-31T18:00:00Z,warning,"[""Uncertainty intervals are not calibrated"", ""Unconfirmed: all source labels use fixed UTC+5 and mark the start of a ten-minute mean; reporting delay is zero and normalization remains unresolved."", ""Source-clock and target normalization semantics remain unconfirmed."", ""Weather availability uses archive-object metadata, not original NOAA publication proof."", ""Forecast target is normalized power; no conversion to MW/MWh is justified.""]"
1.0,dd9d74771d55e9dc07f7814e,1,2026-02-16T18:00:00Z,turbine_1,2026-02-17T16:00:00Z,22,0.8473444668172165,normalized_power,gfs_0p25,2026-02-16T12:00:00Z,wind-power-v1,2026-01-31T18:00:00Z,warning,"[""Uncertainty intervals are not calibrated"", ""Unconfirmed: all source labels use fixed UTC+5 and mark the start of a ten-minute mean; reporting delay is zero and normalization remains unresolved."", ""Source-clock and target normalization semantics remain unconfirmed."", ""Weather availability uses archive-object metadata, not original NOAA publication proof."", ""Forecast target is normalized power; no conversion to MW/MWh is justified.""]"
1.0,dd9d74771d55e9dc07f7814e,1,2026-02-16T18:00:00Z,turbine_1,2026-02-17T17:00:00Z,23,0.8445146324665438,normalized_power,gfs_0p25,2026-02-16T12:00:00Z,wind-power-v1,2026-01-31T18:00:00Z,warning,"[""Uncertainty intervals are not calibrated"", ""Unconfirmed: all source labels use fixed UTC+5 and mark the start of a ten-minute mean; reporting delay is zero and normalization remains unresolved."", ""Source-clock and target normalization semantics remain unconfirmed."", ""Weather availability uses archive-object metadata, not original NOAA publication proof."", ""Forecast target is normalized power; no conversion to MW/MWh is justified.""]"
1.0,dd9d74771d55e9dc07f7814e,1,2026-02-16T18:00:00Z,turbine_1,2026-02-17T18:00:00Z,24,0.6443028617113153,normalized_power,gfs_0p25,2026-02-16T12:00:00Z,wind-power-v1,2026-01-31T18:00:00Z,warning,"[""Uncertainty intervals are not calibrated"", ""Unconfirmed: all source labels use fixed UTC+5 and mark the start of a ten-minute mean; reporting delay is zero and normalization remains unresolved."", ""Source-clock and target normalization semantics remain unconfirmed."", ""Weather availability uses archive-object metadata, not original NOAA publication proof."", ""Forecast target is normalized power; no conversion to MW/MWh is justified.""]"
1.0,2f701c66bacd40e13ac03b76,1,2026-02-17T18:00:00Z,turbine_1,2026-02-17T19:00:00Z,1,0.5553228780263967,normalized_power,gfs_0p25,2026-02-17T12:00:00Z,wind-power-v1,2026-01-31T18:00:00Z,warning,"[""Uncertainty intervals are not calibrated"", ""Unconfirmed: all source labels use fixed UTC+5 and mark the start of a ten-minute mean; reporting delay is zero and normalization remains unresolved."", ""Source-clock and target normalization semantics remain unconfirmed."", ""Weather availability uses archive-object metadata, not original NOAA publication proof."", ""Forecast target is normalized power; no conversion to MW/MWh is justified.""]"
1.0,2f701c66bacd40e13ac03b76,1,2026-02-17T18:00:00Z,turbine_1,2026-02-17T20:00:00Z,2,0.5591476908097118,normalized_power,gfs_0p25,2026-02-17T12:00:00Z,wind-power-v1,2026-01-31T18:00:00Z,warning,"[""Uncertainty intervals are not calibrated"", ""Unconfirmed: all source labels use fixed UTC+5 and mark the start of a ten-minute mean; reporting delay is zero and normalization remains unresolved."", ""Source-clock and target normalization semantics remain unconfirmed."", ""Weather availability uses archive-object metadata, not original NOAA publication proof."", ""Forecast target is normalized power; no conversion to MW/MWh is justified.""]"
1.0,2f701c66bacd40e13ac03b76,1,2026-02-17T18:00:00Z,turbine_1,2026-02-17T21:00:00Z,3,0.46542925218290226,normalized_power,gfs_0p25,2026-02-17T12:00:00Z,wind-power-v1,2026-01-31T18:00:00Z,warning,"[""Uncertainty intervals are not calibrated"", ""Unconfirmed: all source labels use fixed UTC+5 and mark the start of a ten-minute mean; reporting delay is zero and normalization remains unresolved."", ""Source-clock and target normalization semantics remain unconfirmed."", ""Weather availability uses archive-object metadata, not original NOAA publication proof."", ""Forecast target is normalized power; no conversion to MW/MWh is justified.""]"
1.0,2f701c66bacd40e13ac03b76,1,2026-02-17T18:00:00Z,turbine_1,2026-02-17T22:00:00Z,4,0.7110274225998985,normalized_power,gfs_0p25,2026-02-17T12:00:00Z,wind-power-v1,2026-01-31T18:00:00Z,warning,"[""Uncertainty intervals are not calibrated"", ""Unconfirmed: all source labels use fixed UTC+5 and mark the start of a ten-minute mean; reporting delay is zero and normalization remains unresolved."", ""Source-clock and target normalization semantics remain unconfirmed."", ""Weather availability uses archive-object metadata, not original NOAA publication proof."", ""Forecast target is normalized power; no conversion to MW/MWh is justified.""]"
1.0,2f701c66bacd40e13ac03b76,1,2026-02-17T18:00:00Z,turbine_1,2026-02-17T23:00:00Z,5,0.581212029846054,normalized_power,gfs_0p25,2026-02-17T12:00:00Z,wind-power-v1,2026-01-31T18:00:00Z,warning,"[""Uncertainty intervals are not calibrated"", ""Unconfirmed: all source labels use fixed UTC+5 and mark the start of a ten-minute mean; reporting delay is zero and normalization remains unresolved."", ""Source-clock and target normalization semantics remain unconfirmed."", ""Weather availability uses archive-object metadata, not original NOAA publication proof."", ""Forecast target is normalized power; no conversion to MW/MWh is justified.""]"
1.0,2f701c66bacd40e13ac03b76,1,2026-02-17T18:00:00Z,turbine_1,2026-02-18T00:00:00Z,6,0.6083170495718753,normalized_power,gfs_0p25,2026-02-17T12:00:00Z,wind-power-v1,2026-01-31T18:00:00Z,warning,"[""Uncertainty intervals are not calibrated"", ""Unconfirmed: all source labels use fixed UTC+5 and mark the start of a ten-minute mean; reporting delay is zero and normalization remains unresolved."", ""Source-clock and target normalization semantics remain unconfirmed."", ""Weather availability uses archive-object metadata, not original NOAA publication proof."", ""Forecast target is normalized power; no conversion to MW/MWh is justified.""]"
1.0,2f701c66bacd40e13ac03b76,1,2026-02-17T18:00:00Z,turbine_1,2026-02-18T01:00:00Z,7,0.5977418002819952,normalized_power,gfs_0p25,2026-02-17T12:00:00Z,wind-power-v1,2026-01-31T18:00:00Z,warning,"[""Uncertainty intervals are not calibrated"", ""Unconfirmed: all source labels use fixed UTC+5 and mark the start of a ten-minute mean; reporting delay is zero and normalization remains unresolved."", ""Source-clock and target normalization semantics remain unconfirmed."", ""Weather availability uses archive-object metadata, not original NOAA publication proof."", ""Forecast target is normalized power; no conversion to MW/MWh is justified.""]"
1.0,2f701c66bacd40e13ac03b76,1,2026-02-17T18:00:00Z,turbine_1,2026-02-18T02:00:00Z,8,0.7140130585206486,normalized_power,gfs_0p25,2026-02-17T12:00:00Z,wind-power-v1,2026-01-31T18:00:00Z,warning,"[""Uncertainty intervals are not calibrated"", ""Unconfirmed: all source labels use fixed UTC+5 and mark the start of a ten-minute mean; reporting delay is zero and normalization remains unresolved."", ""Source-clock and target normalization semantics remain unconfirmed."", ""Weather availability uses archive-object metadata, not original NOAA publication proof."", ""Forecast target is normalized power; no conversion to MW/MWh is justified.""]"
1.0,2f701c66bacd40e13ac03b76,1,2026-02-17T18:00:00Z,turbine_1,2026-02-18T03:00:00Z,9,0.5825192312593731,normalized_power,gfs_0p25,2026-02-17T12:00:00Z,wind-power-v1,2026-01-31T18:00:00Z,warning,"[""Uncertainty intervals are not calibrated"", ""Unconfirmed: all source labels use fixed UTC+5 and mark the start of a ten-minute mean; reporting delay is zero and normalization remains unresolved."", ""Source-clock and target normalization semantics remain unconfirmed."", ""Weather availability uses archive-object metadata, not original NOAA publication proof."", ""Forecast target is normalized power; no conversion to MW/MWh is justified.""]"
1.0,2f701c66bacd40e13ac03b76,1,2026-02-17T18:00:00Z,turbine_1,2026-02-18T04:00:00Z,10,0.7571738604596832,normalized_power,gfs_0p25,2026-02-17T12:00:00Z,wind-power-v1,2026-01-31T18:00:00Z,warning,"[""Uncertainty intervals are not calibrated"", ""Unconfirmed: all source labels use fixed UTC+5 and mark the start of a ten-minute mean; reporting delay is zero and normalization remains unresolved."", ""Source-clock and target normalization semantics remain unconfirmed."", ""Weather availability uses archive-object metadata, not original NOAA publication proof."", ""Forecast target is normalized power; no conversion to MW/MWh is justified.""]"
1.0,2f701c66bacd40e13ac03b76,1,2026-02-17T18:00:00Z,turbine_1,2026-02-18T05:00:00Z,11,0.7661609860805275,normalized_power,gfs_0p25,2026-02-17T12:00:00Z,wind-power-v1,2026-01-31T18:00:00Z,warning,"[""Uncertainty intervals are not calibrated"", ""Unconfirmed: all source labels use fixed UTC+5 and mark the start of a ten-minute mean; reporting delay is zero and normalization remains unresolved."", ""Source-clock and target normalization semantics remain unconfirmed."", ""Weather availability uses archive-object metadata, not original NOAA publication proof."", ""Forecast target is normalized power; no conversion to MW/MWh is justified.""]"
1.0,2f701c66bacd40e13ac03b76,1,2026-02-17T18:00:00Z,turbine_1,2026-02-18T06:00:00Z,12,0.7402201633982315,normalized_power,gfs_0p25,2026-02-17T12:00:00Z,wind-power-v1,2026-01-31T18:00:00Z,warning,"[""Uncertainty intervals are not calibrated"", ""Unconfirmed: all source labels use fixed UTC+5 and mark the start of a ten-minute mean; reporting delay is zero and normalization remains unresolved."", ""Source-clock and target normalization semantics remain unconfirmed."", ""Weather availability uses archive-object metadata, not original NOAA publication proof."", ""Forecast target is normalized power; no conversion to MW/MWh is justified.""]"
1.0,2f701c66bacd40e13ac03b76,1,2026-02-17T18:00:00Z,turbine_1,2026-02-18T07:00:00Z,13,0.7274761821654459,normalized_power,gfs_0p25,2026-02-17T12:00:00Z,wind-power-v1,2026-01-31T18:00:00Z,warning,"[""Uncertainty intervals are not calibrated"", ""Unconfirmed: all source labels use fixed UTC+5 and mark the start of a ten-minute mean; reporting delay is zero and normalization remains unresolved."", ""Source-clock and target normalization semantics remain unconfirmed."", ""Weather availability uses archive-object metadata, not original NOAA publication proof."", ""Forecast target is normalized power; no conversion to MW/MWh is justified.""]"
1.0,2f701c66bacd40e13ac03b76,1,2026-02-17T18:00:00Z,turbine_1,2026-02-18T08:00:00Z,14,0.7809833696247597,normalized_power,gfs_0p25,2026-02-17T12:00:00Z,wind-power-v1,2026-01-31T18:00:00Z,warning,"[""Uncertainty intervals are not calibrated"", ""Unconfirmed: all source labels use fixed UTC+5 and mark the start of a ten-minute mean; reporting delay is zero and normalization remains unresolved."", ""Source-clock and target normalization semantics remain unconfirmed."", ""Weather availability uses archive-object metadata, not original NOAA publication proof."", ""Forecast target is normalized power; no conversion to MW/MWh is justified.""]"
1.0,2f701c66bacd40e13ac03b76,1,2026-02-17T18:00:00Z,turbine_1,2026-02-18T09:00:00Z,15,0.7274761821654459,normalized_power,gfs_0p25,2026-02-17T12:00:00Z,wind-power-v1,2026-01-31T18:00:00Z,warning,"[""Uncertainty intervals are not calibrated"", ""Unconfirmed: all source labels use fixed UTC+5 and mark the start of a ten-minute mean; reporting delay is zero and normalization remains unresolved."", ""Source-clock and target normalization semantics remain unconfirmed."", ""Weather availability uses archive-object metadata, not original NOAA publication proof."", ""Forecast target is normalized power; no conversion to MW/MWh is justified.""]"
1.0,2f701c66bacd40e13ac03b76,1,2026-02-17T18:00:00Z,turbine_1,2026-02-18T10:00:00Z,16,0.7274761821654459,normalized_power,gfs_0p25,2026-02-17T12:00:00Z,wind-power-v1,2026-01-31T18:00:00Z,warning,"[""Uncertainty intervals are not calibrated"", ""Unconfirmed: all source labels use fixed UTC+5 and mark the start of a ten-minute mean; reporting delay is zero and normalization remains unresolved."", ""Source-clock and target normalization semantics remain unconfirmed."", ""Weather availability uses archive-object metadata, not original NOAA publication proof."", ""Forecast target is normalized power; no conversion to MW/MWh is justified.""]"
1.0,2f701c66bacd40e13ac03b76,1,2026-02-17T18:00:00Z,turbine_1,2026-02-18T11:00:00Z,17,0.7259727526437666,normalized_power,gfs_0p25,2026-02-17T12:00:00Z,wind-power-v1,2026-01-31T18:00:00Z,warning,"[""Uncertainty intervals are not calibrated"", ""Unconfirmed: all source labels use fixed UTC+5 and mark the start of a ten-minute mean; reporting delay is zero and normalization remains unresolved."", ""Source-clock and target normalization semantics remain unconfirmed."", ""Weather availability uses archive-object metadata, not original NOAA publication proof."", ""Forecast target is normalized power; no conversion to MW/MWh is justified.""]"
1.0,2f701c66bacd40e13ac03b76,1,2026-02-17T18:00:00Z,turbine_1,2026-02-18T12:00:00Z,18,0.5949808254384196,normalized_power,gfs_0p25,2026-02-17T12:00:00Z,wind-power-v1,2026-01-31T18:00:00Z,warning,"[""Uncertainty intervals are not calibrated"", ""Unconfirmed: all source labels use fixed UTC+5 and mark the start of a ten-minute mean; reporting delay is zero and normalization remains unresolved."", ""Source-clock and target normalization semantics remain unconfirmed."", ""Weather availability uses archive-object metadata, not original NOAA publication proof."", ""Forecast target is normalized power; no conversion to MW/MWh is justified.""]"
1.0,2f701c66bacd40e13ac03b76,1,2026-02-17T18:00:00Z,turbine_1,2026-02-18T13:00:00Z,19,0.5314383147407908,normalized_power,gfs_0p25,2026-02-17T12:00:00Z,wind-power-v1,2026-01-31T18:00:00Z,warning,"[""Uncertainty intervals are not calibrated"", ""Unconfirmed: all source labels use fixed UTC+5 and mark the start of a ten-minute mean; reporting delay is zero and normalization remains unresolved."", ""Source-clock and target normalization semantics remain unconfirmed."", ""Weather availability uses archive-object metadata, not original NOAA publication proof."", ""Forecast target is normalized power; no conversion to MW/MWh is justified.""]"
1.0,2f701c66bacd40e13ac03b76,1,2026-02-17T18:00:00Z,turbine_1,2026-02-18T14:00:00Z,20,0.6484874655651827,normalized_power,gfs_0p25,2026-02-17T12:00:00Z,wind-power-v1,2026-01-31T18:00:00Z,warning,"[""Uncertainty intervals are not calibrated"", ""Unconfirmed: all source labels use fixed UTC+5 and mark the start of a ten-minute mean; reporting delay is zero and normalization remains unresolved."", ""Source-clock and target normalization semantics remain unconfirmed."", ""Weather availability uses archive-object metadata, not original NOAA publication proof."", ""Forecast target is normalized power; no conversion to MW/MWh is justified.""]"
1.0,2f701c66bacd40e13ac03b76,1,2026-02-17T18:00:00Z,turbine_1,2026-02-18T15:00:00Z,21,0.6088190667838725,normalized_power,gfs_0p25,2026-02-17T12:00:00Z,wind-power-v1,2026-01-31T18:00:00Z,warning,"[""Uncertainty intervals are not calibrated"", ""Unconfirmed: all source labels use fixed UTC+5 and mark the start of a ten-minute mean; reporting delay is zero and normalization remains unresolved."", ""Source-clock and target normalization semantics remain unconfirmed."", ""Weather availability uses archive-object metadata, not original NOAA publication proof."", ""Forecast target is normalized power; no conversion to MW/MWh is justified.""]"
1.0,2f701c66bacd40e13ac03b76,1,2026-02-17T18:00:00Z,turbine_1,2026-02-18T16:00:00Z,22,0.6688966909462941,normalized_power,gfs_0p25,2026-02-17T12:00:00Z,wind-power-v1,2026-01-31T18:00:00Z,warning,"[""Uncertainty intervals are not calibrated"", ""Unconfirmed: all source labels use fixed UTC+5 and mark the start of a ten-minute mean; reporting delay is zero and normalization remains unresolved."", ""Source-clock and target normalization semantics remain unconfirmed."", ""Weather availability uses archive-object metadata, not original NOAA publication proof."", ""Forecast target is normalized power; no conversion to MW/MWh is justified.""]"
1.0,2f701c66bacd40e13ac03b76,1,2026-02-17T18:00:00Z,turbine_1,2026-02-18T17:00:00Z,23,0.6989490238649215,normalized_power,gfs_0p25,2026-02-17T12:00:00Z,wind-power-v1,2026-01-31T18:00:00Z,warning,"[""Uncertainty intervals are not calibrated"", ""Unconfirmed: all source labels use fixed UTC+5 and mark the start of a ten-minute mean; reporting delay is zero and normalization remains unresolved."", ""Source-clock and target normalization semantics remain unconfirmed."", ""Weather availability uses archive-object metadata, not original NOAA publication proof."", ""Forecast target is normalized power; no conversion to MW/MWh is justified.""]"
1.0,2f701c66bacd40e13ac03b76,1,2026-02-17T18:00:00Z,turbine_1,2026-02-18T18:00:00Z,24,0.6471216225369814,normalized_power,gfs_0p25,2026-02-17T12:00:00Z,wind-power-v1,2026-01-31T18:00:00Z,warning,"[""Uncertainty intervals are not calibrated"", ""Unconfirmed: all source labels use fixed UTC+5 and mark the start of a ten-minute mean; reporting delay is zero and normalization remains unresolved."", ""Source-clock and target normalization semantics remain unconfirmed."", ""Weather availability uses archive-object metadata, not original NOAA publication proof."", ""Forecast target is normalized power; no conversion to MW/MWh is justified.""]"
1.0,185b96cf51dccd818c0bbf77,1,2026-02-18T18:00:00Z,turbine_1,2026-02-18T19:00:00Z,1,0.751410372241846,normalized_power,gfs_0p25,2026-02-18T12:00:00Z,wind-power-v1,2026-01-31T18:00:00Z,warning,"[""Uncertainty intervals are not calibrated"", ""Unconfirmed: all source labels use fixed UTC+5 and mark the start of a ten-minute mean; reporting delay is zero and normalization remains unresolved."", ""Source-clock and target normalization semantics remain unconfirmed."", ""Weather availability uses archive-object metadata, not original NOAA publication proof."", ""Forecast target is normalized power; no conversion to MW/MWh is justified.""]"
1.0,185b96cf51dccd818c0bbf77,1,2026-02-18T18:00:00Z,turbine_1,2026-02-18T20:00:00Z,2,0.6128928391170616,normalized_power,gfs_0p25,2026-02-18T12:00:00Z,wind-power-v1,2026-01-31T18:00:00Z,warning,"[""Uncertainty intervals are not calibrated"", ""Unconfirmed: all source labels use fixed UTC+5 and mark the start of a ten-minute mean; reporting delay is zero and normalization remains unresolved."", ""Source-clock and target normalization semantics remain unconfirmed."", ""Weather availability uses archive-object metadata, not original NOAA publication proof."", ""Forecast target is normalized power; no conversion to MW/MWh is justified.""]"
1.0,185b96cf51dccd818c0bbf77,1,2026-02-18T18:00:00Z,turbine_1,2026-02-18T21:00:00Z,3,0.6222712772573958,normalized_power,gfs_0p25,2026-02-18T12:00:00Z,wind-power-v1,2026-01-31T18:00:00Z,warning,"[""Uncertainty intervals are not calibrated"", ""Unconfirmed: all source labels use fixed UTC+5 and mark the start of a ten-minute mean; reporting delay is zero and normalization remains unresolved."", ""Source-clock and target normalization semantics remain unconfirmed."", ""Weather availability uses archive-object metadata, not original NOAA publication proof."", ""Forecast target is normalized power; no conversion to MW/MWh is justified.""]"
1.0,185b96cf51dccd818c0bbf77,1,2026-02-18T18:00:00Z,turbine_1,2026-02-18T22:00:00Z,4,0.4252057772343247,normalized_power,gfs_0p25,2026-02-18T12:00:00Z,wind-power-v1,2026-01-31T18:00:00Z,warning,"[""Uncertainty intervals are not calibrated"", ""Unconfirmed: all source labels use fixed UTC+5 and mark the start of a ten-minute mean; reporting delay is zero and normalization remains unresolved."", ""Source-clock and target normalization semantics remain unconfirmed."", ""Weather availability uses archive-object metadata, not original NOAA publication proof."", ""Forecast target is normalized power; no conversion to MW/MWh is justified.""]"
1.0,185b96cf51dccd818c0bbf77,1,2026-02-18T18:00:00Z,turbine_1,2026-02-18T23:00:00Z,5,0.4688239486619889,normalized_power,gfs_0p25,2026-02-18T12:00:00Z,wind-power-v1,2026-01-31T18:00:00Z,warning,"[""Uncertainty intervals are not calibrated"", ""Unconfirmed: all source labels use fixed UTC+5 and mark the start of a ten-minute mean; reporting delay is zero and normalization remains unresolved."", ""Source-clock and target normalization semantics remain unconfirmed."", ""Weather availability uses archive-object metadata, not original NOAA publication proof."", ""Forecast target is normalized power; no conversion to MW/MWh is justified.""]"
1.0,185b96cf51dccd818c0bbf77,1,2026-02-18T18:00:00Z,turbine_1,2026-02-19T00:00:00Z,6,0.30891782153424524,normalized_power,gfs_0p25,2026-02-18T12:00:00Z,wind-power-v1,2026-01-31T18:00:00Z,warning,"[""Uncertainty intervals are not calibrated"", ""Unconfirmed: all source labels use fixed UTC+5 and mark the start of a ten-minute mean; reporting delay is zero and normalization remains unresolved."", ""Source-clock and target normalization semantics remain unconfirmed."", ""Weather availability uses archive-object metadata, not original NOAA publication proof."", ""Forecast target is normalized power; no conversion to MW/MWh is justified.""]"
1.0,185b96cf51dccd818c0bbf77,1,2026-02-18T18:00:00Z,turbine_1,2026-02-19T01:00:00Z,7,0.30891782153424524,normalized_power,gfs_0p25,2026-02-18T12:00:00Z,wind-power-v1,2026-01-31T18:00:00Z,warning,"[""Uncertainty intervals are not calibrated"", ""Unconfirmed: all source labels use fixed UTC+5 and mark the start of a ten-minute mean; reporting delay is zero and normalization remains unresolved."", ""Source-clock and target normalization semantics remain unconfirmed."", ""Weather availability uses archive-object metadata, not original NOAA publication proof."", ""Forecast target is normalized power; no conversion to MW/MWh is justified.""]"
1.0,185b96cf51dccd818c0bbf77,1,2026-02-18T18:00:00Z,turbine_1,2026-02-19T02:00:00Z,8,0.3104748455855428,normalized_power,gfs_0p25,2026-02-18T12:00:00Z,wind-power-v1,2026-01-31T18:00:00Z,warning,"[""Uncertainty intervals are not calibrated"", ""Unconfirmed: all source labels use fixed UTC+5 and mark the start of a ten-minute mean; reporting delay is zero and normalization remains unresolved."", ""Source-clock and target normalization semantics remain unconfirmed."", ""Weather availability uses archive-object metadata, not original NOAA publication proof."", ""Forecast target is normalized power; no conversion to MW/MWh is justified.""]"
1.0,185b96cf51dccd818c0bbf77,1,2026-02-18T18:00:00Z,turbine_1,2026-02-19T03:00:00Z,9,0.4360225486814056,normalized_power,gfs_0p25,2026-02-18T12:00:00Z,wind-power-v1,2026-01-31T18:00:00Z,warning,"[""Uncertainty intervals are not calibrated"", ""Unconfirmed: all source labels use fixed UTC+5 and mark the start of a ten-minute mean; reporting delay is zero and normalization remains unresolved."", ""Source-clock and target normalization semantics remain unconfirmed."", ""Weather availability uses archive-object metadata, not original NOAA publication proof."", ""Forecast target is normalized power; no conversion to MW/MWh is justified.""]"
1.0,185b96cf51dccd818c0bbf77,1,2026-02-18T18:00:00Z,turbine_1,2026-02-19T04:00:00Z,10,0.12906828918980526,normalized_power,gfs_0p25,2026-02-18T12:00:00Z,wind-power-v1,2026-01-31T18:00:00Z,warning,"[""Uncertainty intervals are not calibrated"", ""Unconfirmed: all source labels use fixed UTC+5 and mark the start of a ten-minute mean; reporting delay is zero and normalization remains unresolved."", ""Source-clock and target normalization semantics remain unconfirmed."", ""Weather availability uses archive-object metadata, not original NOAA publication proof."", ""Forecast target is normalized power; no conversion to MW/MWh is justified.""]"
1.0,185b96cf51dccd818c0bbf77,1,2026-02-18T18:00:00Z,turbine_1,2026-02-19T05:00:00Z,11,0.16121975684525297,normalized_power,gfs_0p25,2026-02-18T12:00:00Z,wind-power-v1,2026-01-31T18:00:00Z,warning,"[""Uncertainty intervals are not calibrated"", ""Unconfirmed: all source labels use fixed UTC+5 and mark the start of a ten-minute mean; reporting delay is zero and normalization remains unresolved."", ""Source-clock and target normalization semantics remain unconfirmed."", ""Weather availability uses archive-object metadata, not original NOAA publication proof."", ""Forecast target is normalized power; no conversion to MW/MWh is justified.""]"
1.0,185b96cf51dccd818c0bbf77,1,2026-02-18T18:00:00Z,turbine_1,2026-02-19T06:00:00Z,12,0.1779349641043756,normalized_power,gfs_0p25,2026-02-18T12:00:00Z,wind-power-v1,2026-01-31T18:00:00Z,warning,"[""Uncertainty intervals are not calibrated"", ""Unconfirmed: all source labels use fixed UTC+5 and mark the start of a ten-minute mean; reporting delay is zero and normalization remains unresolved."", ""Source-clock and target normalization semantics remain unconfirmed."", ""Weather availability uses archive-object metadata, not original NOAA publication proof."", ""Forecast target is normalized power; no conversion to MW/MWh is justified.""]"
1.0,185b96cf51dccd818c0bbf77,1,2026-02-18T18:00:00Z,turbine_1,2026-02-19T07:00:00Z,13,0.20025468519402645,normalized_power,gfs_0p25,2026-02-18T12:00:00Z,wind-power-v1,2026-01-31T18:00:00Z,warning,"[""Uncertainty intervals are not calibrated"", ""Unconfirmed: all source labels use fixed UTC+5 and mark the start of a ten-minute mean; reporting delay is zero and normalization remains unresolved."", ""Source-clock and target normalization semantics remain unconfirmed."", ""Weather availability uses archive-object metadata, not original NOAA publication proof."", ""Forecast target is normalized power; no conversion to MW/MWh is justified.""]"
1.0,185b96cf51dccd818c0bbf77,1,2026-02-18T18:00:00Z,turbine_1,2026-02-19T08:00:00Z,14,0.1852005379096207,normalized_power,gfs_0p25,2026-02-18T12:00:00Z,wind-power-v1,2026-01-31T18:00:00Z,warning,"[""Uncertainty intervals are not calibrated"", ""Unconfirmed: all source labels use fixed UTC+5 and mark the start of a ten-minute mean; reporting delay is zero and normalization remains unresolved."", ""Source-clock and target normalization semantics remain unconfirmed."", ""Weather availability uses archive-object metadata, not original NOAA publication proof."", ""Forecast target is normalized power; no conversion to MW/MWh is justified.""]"
1.0,185b96cf51dccd818c0bbf77,1,2026-02-18T18:00:00Z,turbine_1,2026-02-19T09:00:00Z,15,0.1852005379096207,normalized_power,gfs_0p25,2026-02-18T12:00:00Z,wind-power-v1,2026-01-31T18:00:00Z,warning,"[""Uncertainty intervals are not calibrated"", ""Unconfirmed: all source labels use fixed UTC+5 and mark the start of a ten-minute mean; reporting delay is zero and normalization remains unresolved."", ""Source-clock and target normalization semantics remain unconfirmed."", ""Weather availability uses archive-object metadata, not original NOAA publication proof."", ""Forecast target is normalized power; no conversion to MW/MWh is justified.""]"
1.0,185b96cf51dccd818c0bbf77,1,2026-02-18T18:00:00Z,turbine_1,2026-02-19T10:00:00Z,16,0.05944914214890851,normalized_power,gfs_0p25,2026-02-18T12:00:00Z,wind-power-v1,2026-01-31T18:00:00Z,warning,"[""Uncertainty intervals are not calibrated"", ""Unconfirmed: all source labels use fixed UTC+5 and mark the start of a ten-minute mean; reporting delay is zero and normalization remains unresolved."", ""Source-clock and target normalization semantics remain unconfirmed."", ""Weather availability uses archive-object metadata, not original NOAA publication proof."", ""Forecast target is normalized power; no conversion to MW/MWh is justified.""]"
1.0,185b96cf51dccd818c0bbf77,1,2026-02-18T18:00:00Z,turbine_1,2026-02-19T11:00:00Z,17,0.04215425224894366,normalized_power,gfs_0p25,2026-02-18T12:00:00Z,wind-power-v1,2026-01-31T18:00:00Z,warning,"[""Uncertainty intervals are not calibrated"", ""Unconfirmed: all source labels use fixed UTC+5 and mark the start of a ten-minute mean; reporting delay is zero and normalization remains unresolved."", ""Source-clock and target normalization semantics remain unconfirmed."", ""Weather availability uses archive-object metadata, not original NOAA publication proof."", ""Forecast target is normalized power; no conversion to MW/MWh is justified.""]"
1.0,185b96cf51dccd818c0bbf77,1,2026-02-18T18:00:00Z,turbine_1,2026-02-19T12:00:00Z,18,0.04215425224894366,normalized_power,gfs_0p25,2026-02-18T12:00:00Z,wind-power-v1,2026-01-31T18:00:00Z,warning,"[""Uncertainty intervals are not calibrated"", ""Unconfirmed: all source labels use fixed UTC+5 and mark the start of a ten-minute mean; reporting delay is zero and normalization remains unresolved."", ""Source-clock and target normalization semantics remain unconfirmed."", ""Weather availability uses archive-object metadata, not original NOAA publication proof."", ""Forecast target is normalized power; no conversion to MW/MWh is justified.""]"
1.0,185b96cf51dccd818c0bbf77,1,2026-02-18T18:00:00Z,turbine_1,2026-02-19T13:00:00Z,19,0.026729303291143352,normalized_power,gfs_0p25,2026-02-18T12:00:00Z,wind-power-v1,2026-01-31T18:00:00Z,warning,"[""Uncertainty intervals are not calibrated"", ""Unconfirmed: all source labels use fixed UTC+5 and mark the start of a ten-minute mean; reporting delay is zero and normalization remains unresolved."", ""Source-clock and target normalization semantics remain unconfirmed."", ""Weather availability uses archive-object metadata, not original NOAA publication proof."", ""Forecast target is normalized power; no conversion to MW/MWh is justified.""]"
1.0,185b96cf51dccd818c0bbf77,1,2026-02-18T18:00:00Z,turbine_1,2026-02-19T14:00:00Z,20,0.026729303291143352,normalized_power,gfs_0p25,2026-02-18T12:00:00Z,wind-power-v1,2026-01-31T18:00:00Z,warning,"[""Uncertainty intervals are not calibrated"", ""Unconfirmed: all source labels use fixed UTC+5 and mark the start of a ten-minute mean; reporting delay is zero and normalization remains unresolved."", ""Source-clock and target normalization semantics remain unconfirmed."", ""Weather availability uses archive-object metadata, not original NOAA publication proof."", ""Forecast target is normalized power; no conversion to MW/MWh is justified.""]"
1.0,185b96cf51dccd818c0bbf77,1,2026-02-18T18:00:00Z,turbine_1,2026-02-19T15:00:00Z,21,0.04215425224894366,normalized_power,gfs_0p25,2026-02-18T12:00:00Z,wind-power-v1,2026-01-31T18:00:00Z,warning,"[""Uncertainty intervals are not calibrated"", ""Unconfirmed: all source labels use fixed UTC+5 and mark the start of a ten-minute mean; reporting delay is zero and normalization remains unresolved."", ""Source-clock and target normalization semantics remain unconfirmed."", ""Weather availability uses archive-object metadata, not original NOAA publication proof."", ""Forecast target is normalized power; no conversion to MW/MWh is justified.""]"
1.0,185b96cf51dccd818c0bbf77,1,2026-02-18T18:00:00Z,turbine_1,2026-02-19T16:00:00Z,22,0.0484099414569906,normalized_power,gfs_0p25,2026-02-18T12:00:00Z,wind-power-v1,2026-01-31T18:00:00Z,warning,"[""Uncertainty intervals are not calibrated"", ""Unconfirmed: all source labels use fixed UTC+5 and mark the start of a ten-minute mean; reporting delay is zero and normalization remains unresolved."", ""Source-clock and target normalization semantics remain unconfirmed."", ""Weather availability uses archive-object metadata, not original NOAA publication proof."", ""Forecast target is normalized power; no conversion to MW/MWh is justified.""]"
1.0,185b96cf51dccd818c0bbf77,1,2026-02-18T18:00:00Z,turbine_1,2026-02-19T17:00:00Z,23,0.04396167497310281,normalized_power,gfs_0p25,2026-02-18T12:00:00Z,wind-power-v1,2026-01-31T18:00:00Z,warning,"[""Uncertainty intervals are not calibrated"", ""Unconfirmed: all source labels use fixed UTC+5 and mark the start of a ten-minute mean; reporting delay is zero and normalization remains unresolved."", ""Source-clock and target normalization semantics remain unconfirmed."", ""Weather availability uses archive-object metadata, not original NOAA publication proof."", ""Forecast target is normalized power; no conversion to MW/MWh is justified.""]"
1.0,185b96cf51dccd818c0bbf77,1,2026-02-18T18:00:00Z,turbine_1,2026-02-19T18:00:00Z,24,0.19377809731448303,normalized_power,gfs_0p25,2026-02-18T12:00:00Z,wind-power-v1,2026-01-31T18:00:00Z,warning,"[""Uncertainty intervals are not calibrated"", ""Unconfirmed: all source labels use fixed UTC+5 and mark the start of a ten-minute mean; reporting delay is zero and normalization remains unresolved."", ""Source-clock and target normalization semantics remain unconfirmed."", ""Weather availability uses archive-object metadata, not original NOAA publication proof."", ""Forecast target is normalized power; no conversion to MW/MWh is justified.""]"
1.0,92a0d250fde030eeb07e00ea,1,2026-02-19T18:00:00Z,turbine_1,2026-02-19T19:00:00Z,1,0.0484099414569906,normalized_power,gfs_0p25,2026-02-19T12:00:00Z,wind-power-v1,2026-01-31T18:00:00Z,warning,"[""Uncertainty intervals are not calibrated"", ""Unconfirmed: all source labels use fixed UTC+5 and mark the start of a ten-minute mean; reporting delay is zero and normalization remains unresolved."", ""Source-clock and target normalization semantics remain unconfirmed."", ""Weather availability uses archive-object metadata, not original NOAA publication proof."", ""Forecast target is normalized power; no conversion to MW/MWh is justified.""]"
1.0,92a0d250fde030eeb07e00ea,1,2026-02-19T18:00:00Z,turbine_1,2026-02-19T20:00:00Z,2,0.04215425224894366,normalized_power,gfs_0p25,2026-02-19T12:00:00Z,wind-power-v1,2026-01-31T18:00:00Z,warning,"[""Uncertainty intervals are not calibrated"", ""Unconfirmed: all source labels use fixed UTC+5 and mark the start of a ten-minute mean; reporting delay is zero and normalization remains unresolved."", ""Source-clock and target normalization semantics remain unconfirmed."", ""Weather availability uses archive-object metadata, not original NOAA publication proof."", ""Forecast target is normalized power; no conversion to MW/MWh is justified.""]"
1.0,92a0d250fde030eeb07e00ea,1,2026-02-19T18:00:00Z,turbine_1,2026-02-19T21:00:00Z,3,0.026729303291143352,normalized_power,gfs_0p25,2026-02-19T12:00:00Z,wind-power-v1,2026-01-31T18:00:00Z,warning,"[""Uncertainty intervals are not calibrated"", ""Unconfirmed: all source labels use fixed UTC+5 and mark the start of a ten-minute mean; reporting delay is zero and normalization remains unresolved."", ""Source-clock and target normalization semantics remain unconfirmed."", ""Weather availability uses archive-object metadata, not original NOAA publication proof."", ""Forecast target is normalized power; no conversion to MW/MWh is justified.""]"
1.0,92a0d250fde030eeb07e00ea,1,2026-02-19T18:00:00Z,turbine_1,2026-02-19T22:00:00Z,4,0.20025468519402645,normalized_power,gfs_0p25,2026-02-19T12:00:00Z,wind-power-v1,2026-01-31T18:00:00Z,warning,"[""Uncertainty intervals are not calibrated"", ""Unconfirmed: all source labels use fixed UTC+5 and mark the start of a ten-minute mean; reporting delay is zero and normalization remains unresolved."", ""Source-clock and target normalization semantics remain unconfirmed."", ""Weather availability uses archive-object metadata, not original NOAA publication proof."", ""Forecast target is normalized power; no conversion to MW/MWh is justified.""]"
1.0,92a0d250fde030eeb07e00ea,1,2026-02-19T18:00:00Z,turbine_1,2026-02-19T23:00:00Z,5,0.21022149579293314,normalized_power,gfs_0p25,2026-02-19T12:00:00Z,wind-power-v1,2026-01-31T18:00:00Z,warning,"[""Uncertainty intervals are not calibrated"", ""Unconfirmed: all source labels use fixed UTC+5 and mark the start of a ten-minute mean; reporting delay is zero and normalization remains unresolved."", ""Source-clock and target normalization semantics remain unconfirmed."", ""Weather availability uses archive-object metadata, not original NOAA publication proof."", ""Forecast target is normalized power; no conversion to MW/MWh is justified.""]"
1.0,92a0d250fde030eeb07e00ea,1,2026-02-19T18:00:00Z,turbine_1,2026-02-20T00:00:00Z,6,0.18290697529188674,normalized_power,gfs_0p25,2026-02-19T12:00:00Z,wind-power-v1,2026-01-31T18:00:00Z,warning,"[""Uncertainty intervals are not calibrated"", ""Unconfirmed: all source labels use fixed UTC+5 and mark the start of a ten-minute mean; reporting delay is zero and normalization remains unresolved."", ""Source-clock and target normalization semantics remain unconfirmed."", ""Weather availability uses archive-object metadata, not original NOAA publication proof."", ""Forecast target is normalized power; no conversion to MW/MWh is justified.""]"
1.0,92a0d250fde030eeb07e00ea,1,2026-02-19T18:00:00Z,turbine_1,2026-02-20T01:00:00Z,7,0.16098539109619137,normalized_power,gfs_0p25,2026-02-19T12:00:00Z,wind-power-v1,2026-01-31T18:00:00Z,warning,"[""Uncertainty intervals are not calibrated"", ""Unconfirmed: all source labels use fixed UTC+5 and mark the start of a ten-minute mean; reporting delay is zero and normalization remains unresolved."", ""Source-clock and target normalization semantics remain unconfirmed."", ""Weather availability uses archive-object metadata, not original NOAA publication proof."", ""Forecast target is normalized power; no conversion to MW/MWh is justified.""]"
1.0,92a0d250fde030eeb07e00ea,1,2026-02-19T18:00:00Z,turbine_1,2026-02-20T02:00:00Z,8,0.16098539109619137,normalized_power,gfs_0p25,2026-02-19T12:00:00Z,wind-power-v1,2026-01-31T18:00:00Z,warning,"[""Uncertainty intervals are not calibrated"", ""Unconfirmed: all source labels use fixed UTC+5 and mark the start of a ten-minute mean; reporting delay is zero and normalization remains unresolved."", ""Source-clock and target normalization semantics remain unconfirmed."", ""Weather availability uses archive-object metadata, not original NOAA publication proof."", ""Forecast target is normalized power; no conversion to MW/MWh is justified.""]"
1.0,92a0d250fde030eeb07e00ea,1,2026-02-19T18:00:00Z,turbine_1,2026-02-20T03:00:00Z,9,0.15836751490923487,normalized_power,gfs_0p25,2026-02-19T12:00:00Z,wind-power-v1,2026-01-31T18:00:00Z,warning,"[""Uncertainty intervals are not calibrated"", ""Unconfirmed: all source labels use fixed UTC+5 and mark the start of a ten-minute mean; reporting delay is zero and normalization remains unresolved."", ""Source-clock and target normalization semantics remain unconfirmed."", ""Weather availability uses archive-object metadata, not original NOAA publication proof."", ""Forecast target is normalized power; no conversion to MW/MWh is justified.""]"
1.0,92a0d250fde030eeb07e00ea,1,2026-02-19T18:00:00Z,turbine_1,2026-02-20T04:00:00Z,10,0.12232845377488419,normalized_power,gfs_0p25,2026-02-19T12:00:00Z,wind-power-v1,2026-01-31T18:00:00Z,warning,"[""Uncertainty intervals are not calibrated"", ""Unconfirmed: all source labels use fixed UTC+5 and mark the start of a ten-minute mean; reporting delay is zero and normalization remains unresolved."", ""Source-clock and target normalization semantics remain unconfirmed."", ""Weather availability uses archive-object metadata, not original NOAA publication proof."", ""Forecast target is normalized power; no conversion to MW/MWh is justified.""]"
1.0,92a0d250fde030eeb07e00ea,1,2026-02-19T18:00:00Z,turbine_1,2026-02-20T05:00:00Z,11,0.09576760983330862,normalized_power,gfs_0p25,2026-02-19T12:00:00Z,wind-power-v1,2026-01-31T18:00:00Z,warning,"[""Uncertainty intervals are not calibrated"", ""Unconfirmed: all source labels use fixed UTC+5 and mark the start of a ten-minute mean; reporting delay is zero and normalization remains unresolved."", ""Source-clock and target normalization semantics remain unconfirmed."", ""Weather availability uses archive-object metadata, not original NOAA publication proof."", ""Forecast target is normalized power; no conversion to MW/MWh is justified.""]"
1.0,92a0d250fde030eeb07e00ea,1,2026-02-19T18:00:00Z,turbine_1,2026-02-20T06:00:00Z,12,0.026729303291143352,normalized_power,gfs_0p25,2026-02-19T12:00:00Z,wind-power-v1,2026-01-31T18:00:00Z,warning,"[""Uncertainty intervals are not calibrated"", ""Unconfirmed: all source labels use fixed UTC+5 and mark the start of a ten-minute mean; reporting delay is zero and normalization remains unresolved."", ""Source-clock and target normalization semantics remain unconfirmed."", ""Weather availability uses archive-object metadata, not original NOAA publication proof."", ""Forecast target is normalized power; no conversion to MW/MWh is justified.""]"
1.0,92a0d250fde030eeb07e00ea,1,2026-02-19T18:00:00Z,turbine_1,2026-02-20T07:00:00Z,13,0.05173239679471382,normalized_power,gfs_0p25,2026-02-19T12:00:00Z,wind-power-v1,2026-01-31T18:00:00Z,warning,"[""Uncertainty intervals are not calibrated"", ""Unconfirmed: all source labels use fixed UTC+5 and mark the start of a ten-minute mean; reporting delay is zero and normalization remains unresolved."", ""Source-clock and target normalization semantics remain unconfirmed."", ""Weather availability uses archive-object metadata, not original NOAA publication proof."", ""Forecast target is normalized power; no conversion to MW/MWh is justified.""]"
1.0,92a0d250fde030eeb07e00ea,1,2026-02-19T18:00:00Z,turbine_1,2026-02-20T08:00:00Z,14,0.03043773827929316,normalized_power,gfs_0p25,2026-02-19T12:00:00Z,wind-power-v1,2026-01-31T18:00:00Z,warning,"[""Uncertainty intervals are not calibrated"", ""Unconfirmed: all source labels use fixed UTC+5 and mark the start of a ten-minute mean; reporting delay is zero and normalization remains unresolved."", ""Source-clock and target normalization semantics remain unconfirmed."", ""Weather availability uses archive-object metadata, not original NOAA publication proof."", ""Forecast target is normalized power; no conversion to MW/MWh is justified.""]"
1.0,92a0d250fde030eeb07e00ea,1,2026-02-19T18:00:00Z,turbine_1,2026-02-20T09:00:00Z,15,0.015259180611239112,normalized_power,gfs_0p25,2026-02-19T12:00:00Z,wind-power-v1,2026-01-31T18:00:00Z,warning,"[""Uncertainty intervals are not calibrated"", ""Unconfirmed: all source labels use fixed UTC+5 and mark the start of a ten-minute mean; reporting delay is zero and normalization remains unresolved."", ""Source-clock and target normalization semantics remain unconfirmed."", ""Weather availability uses archive-object metadata, not original NOAA publication proof."", ""Forecast target is normalized power; no conversion to MW/MWh is justified.""]"
1.0,92a0d250fde030eeb07e00ea,1,2026-02-19T18:00:00Z,turbine_1,2026-02-20T10:00:00Z,16,0.035030860571471464,normalized_power,gfs_0p25,2026-02-19T12:00:00Z,wind-power-v1,2026-01-31T18:00:00Z,warning,"[""Uncertainty intervals are not calibrated"", ""Unconfirmed: all source labels use fixed UTC+5 and mark the start of a ten-minute mean; reporting delay is zero and normalization remains unresolved."", ""Source-clock and target normalization semantics remain unconfirmed."", ""Weather availability uses archive-object metadata, not original NOAA publication proof."", ""Forecast target is normalized power; no conversion to MW/MWh is justified.""]"
1.0,92a0d250fde030eeb07e00ea,1,2026-02-19T18:00:00Z,turbine_1,2026-02-20T11:00:00Z,17,0.035994297753733535,normalized_power,gfs_0p25,2026-02-19T12:00:00Z,wind-power-v1,2026-01-31T18:00:00Z,warning,"[""Uncertainty intervals are not calibrated"", ""Unconfirmed: all source labels use fixed UTC+5 and mark the start of a ten-minute mean; reporting delay is zero and normalization remains unresolved."", ""Source-clock and target normalization semantics remain unconfirmed."", ""Weather availability uses archive-object metadata, not original NOAA publication proof."", ""Forecast target is normalized power; no conversion to MW/MWh is justified.""]"
1.0,92a0d250fde030eeb07e00ea,1,2026-02-19T18:00:00Z,turbine_1,2026-02-20T12:00:00Z,18,0.04258881449082629,normalized_power,gfs_0p25,2026-02-19T12:00:00Z,wind-power-v1,2026-01-31T18:00:00Z,warning,"[""Uncertainty intervals are not calibrated"", ""Unconfirmed: all source labels use fixed UTC+5 and mark the start of a ten-minute mean; reporting delay is zero and normalization remains unresolved."", ""Source-clock and target normalization semantics remain unconfirmed."", ""Weather availability uses archive-object metadata, not original NOAA publication proof."", ""Forecast target is normalized power; no conversion to MW/MWh is justified.""]"
1.0,92a0d250fde030eeb07e00ea,1,2026-02-19T18:00:00Z,turbine_1,2026-02-20T13:00:00Z,19,0.04258881449082629,normalized_power,gfs_0p25,2026-02-19T12:00:00Z,wind-power-v1,2026-01-31T18:00:00Z,warning,"[""Uncertainty intervals are not calibrated"", ""Unconfirmed: all source labels use fixed UTC+5 and mark the start of a ten-minute mean; reporting delay is zero and normalization remains unresolved."", ""Source-clock and target normalization semantics remain unconfirmed."", ""Weather availability uses archive-object metadata, not original NOAA publication proof."", ""Forecast target is normalized power; no conversion to MW/MWh is justified.""]"
1.0,92a0d250fde030eeb07e00ea,1,2026-02-19T18:00:00Z,turbine_1,2026-02-20T14:00:00Z,20,0.15836751490923487,normalized_power,gfs_0p25,2026-02-19T12:00:00Z,wind-power-v1,2026-01-31T18:00:00Z,warning,"[""Uncertainty intervals are not calibrated"", ""Unconfirmed: all source labels use fixed UTC+5 and mark the start of a ten-minute mean; reporting delay is zero and normalization remains unresolved."", ""Source-clock and target normalization semantics remain unconfirmed."", ""Weather availability uses archive-object metadata, not original NOAA publication proof."", ""Forecast target is normalized power; no conversion to MW/MWh is justified.""]"
1.0,92a0d250fde030eeb07e00ea,1,2026-02-19T18:00:00Z,turbine_1,2026-02-20T15:00:00Z,21,0.5460514268467039,normalized_power,gfs_0p25,2026-02-19T12:00:00Z,wind-power-v1,2026-01-31T18:00:00Z,warning,"[""Uncertainty intervals are not calibrated"", ""Unconfirmed: all source labels use fixed UTC+5 and mark the start of a ten-minute mean; reporting delay is zero and normalization remains unresolved."", ""Source-clock and target normalization semantics remain unconfirmed."", ""Weather availability uses archive-object metadata, not original NOAA publication proof."", ""Forecast target is normalized power; no conversion to MW/MWh is justified.""]"
1.0,92a0d250fde030eeb07e00ea,1,2026-02-19T18:00:00Z,turbine_1,2026-02-20T16:00:00Z,22,0.5746374929348838,normalized_power,gfs_0p25,2026-02-19T12:00:00Z,wind-power-v1,2026-01-31T18:00:00Z,warning,"[""Uncertainty intervals are not calibrated"", ""Unconfirmed: all source labels use fixed UTC+5 and mark the start of a ten-minute mean; reporting delay is zero and normalization remains unresolved."", ""Source-clock and target normalization semantics remain unconfirmed."", ""Weather availability uses archive-object metadata, not original NOAA publication proof."", ""Forecast target is normalized power; no conversion to MW/MWh is justified.""]"
1.0,92a0d250fde030eeb07e00ea,1,2026-02-19T18:00:00Z,turbine_1,2026-02-20T17:00:00Z,23,0.7298730037611297,normalized_power,gfs_0p25,2026-02-19T12:00:00Z,wind-power-v1,2026-01-31T18:00:00Z,warning,"[""Uncertainty intervals are not calibrated"", ""Unconfirmed: all source labels use fixed UTC+5 and mark the start of a ten-minute mean; reporting delay is zero and normalization remains unresolved."", ""Source-clock and target normalization semantics remain unconfirmed."", ""Weather availability uses archive-object metadata, not original NOAA publication proof."", ""Forecast target is normalized power; no conversion to MW/MWh is justified.""]"
1.0,92a0d250fde030eeb07e00ea,1,2026-02-19T18:00:00Z,turbine_1,2026-02-20T18:00:00Z,24,0.731012141309943,normalized_power,gfs_0p25,2026-02-19T12:00:00Z,wind-power-v1,2026-01-31T18:00:00Z,warning,"[""Uncertainty intervals are not calibrated"", ""Unconfirmed: all source labels use fixed UTC+5 and mark the start of a ten-minute mean; reporting delay is zero and normalization remains unresolved."", ""Source-clock and target normalization semantics remain unconfirmed."", ""Weather availability uses archive-object metadata, not original NOAA publication proof."", ""Forecast target is normalized power; no conversion to MW/MWh is justified.""]"
1.0,e52929907087cbd10f0065f0,1,2026-02-20T18:00:00Z,turbine_1,2026-02-20T19:00:00Z,1,0.7391925657204488,normalized_power,gfs_0p25,2026-02-20T12:00:00Z,wind-power-v1,2026-01-31T18:00:00Z,warning,"[""Uncertainty intervals are not calibrated"", ""Unconfirmed: all source labels use fixed UTC+5 and mark the start of a ten-minute mean; reporting delay is zero and normalization remains unresolved."", ""Source-clock and target normalization semantics remain unconfirmed."", ""Weather availability uses archive-object metadata, not original NOAA publication proof."", ""Forecast target is normalized power; no conversion to MW/MWh is justified.""]"
1.0,e52929907087cbd10f0065f0,1,2026-02-20T18:00:00Z,turbine_1,2026-02-20T20:00:00Z,2,0.7352443036269103,normalized_power,gfs_0p25,2026-02-20T12:00:00Z,wind-power-v1,2026-01-31T18:00:00Z,warning,"[""Uncertainty intervals are not calibrated"", ""Unconfirmed: all source labels use fixed UTC+5 and mark the start of a ten-minute mean; reporting delay is zero and normalization remains unresolved."", ""Source-clock and target normalization semantics remain unconfirmed."", ""Weather availability uses archive-object metadata, not original NOAA publication proof."", ""Forecast target is normalized power; no conversion to MW/MWh is justified.""]"
1.0,e52929907087cbd10f0065f0,1,2026-02-20T18:00:00Z,turbine_1,2026-02-20T21:00:00Z,3,0.7055467836499273,normalized_power,gfs_0p25,2026-02-20T12:00:00Z,wind-power-v1,2026-01-31T18:00:00Z,warning,"[""Uncertainty intervals are not calibrated"", ""Unconfirmed: all source labels use fixed UTC+5 and mark the start of a ten-minute mean; reporting delay is zero and normalization remains unresolved."", ""Source-clock and target normalization semantics remain unconfirmed."", ""Weather availability uses archive-object metadata, not original NOAA publication proof."", ""Forecast target is normalized power; no conversion to MW/MWh is justified.""]"
1.0,e52929907087cbd10f0065f0,1,2026-02-20T18:00:00Z,turbine_1,2026-02-20T22:00:00Z,4,0.5442630299205472,normalized_power,gfs_0p25,2026-02-20T12:00:00Z,wind-power-v1,2026-01-31T18:00:00Z,warning,"[""Uncertainty intervals are not calibrated"", ""Unconfirmed: all source labels use fixed UTC+5 and mark the start of a ten-minute mean; reporting delay is zero and normalization remains unresolved."", ""Source-clock and target normalization semantics remain unconfirmed."", ""Weather availability uses archive-object metadata, not original NOAA publication proof."", ""Forecast target is normalized power; no conversion to MW/MWh is justified.""]"
1.0,e52929907087cbd10f0065f0,1,2026-02-20T18:00:00Z,turbine_1,2026-02-20T23:00:00Z,5,0.5615915376105645,normalized_power,gfs_0p25,2026-02-20T12:00:00Z,wind-power-v1,2026-01-31T18:00:00Z,warning,"[""Uncertainty intervals are not calibrated"", ""Unconfirmed: all source labels use fixed UTC+5 and mark the start of a ten-minute mean; reporting delay is zero and normalization remains unresolved."", ""Source-clock and target normalization semantics remain unconfirmed."", ""Weather availability uses archive-object metadata, not original NOAA publication proof."", ""Forecast target is normalized power; no conversion to MW/MWh is justified.""]"
1.0,e52929907087cbd10f0065f0,1,2026-02-20T18:00:00Z,turbine_1,2026-02-21T00:00:00Z,6,0.22940099253236165,normalized_power,gfs_0p25,2026-02-20T12:00:00Z,wind-power-v1,2026-01-31T18:00:00Z,warning,"[""Uncertainty intervals are not calibrated"", ""Unconfirmed: all source labels use fixed UTC+5 and mark the start of a ten-minute mean; reporting delay is zero and normalization remains unresolved."", ""Source-clock and target normalization semantics remain unconfirmed."", ""Weather availability uses archive-object metadata, not original NOAA publication proof."", ""Forecast target is normalized power; no conversion to MW/MWh is justified.""]"
1.0,e52929907087cbd10f0065f0,1,2026-02-20T18:00:00Z,turbine_1,2026-02-21T01:00:00Z,7,0.4105086683436869,normalized_power,gfs_0p25,2026-02-20T12:00:00Z,wind-power-v1,2026-01-31T18:00:00Z,warning,"[""Uncertainty intervals are not calibrated"", ""Unconfirmed: all source labels use fixed UTC+5 and mark the start of a ten-minute mean; reporting delay is zero and normalization remains unresolved."", ""Source-clock and target normalization semantics remain unconfirmed."", ""Weather availability uses archive-object metadata, not original NOAA publication proof."", ""Forecast target is normalized power; no conversion to MW/MWh is justified.""]"
1.0,e52929907087cbd10f0065f0,1,2026-02-20T18:00:00Z,turbine_1,2026-02-21T02:00:00Z,8,0.4440817092703351,normalized_power,gfs_0p25,2026-02-20T12:00:00Z,wind-power-v1,2026-01-31T18:00:00Z,warning,"[""Uncertainty intervals are not calibrated"", ""Unconfirmed: all source labels use fixed UTC+5 and mark the start of a ten-minute mean; reporting delay is zero and normalization remains unresolved."", ""Source-clock and target normalization semantics remain unconfirmed."", ""Weather availability uses archive-object metadata, not original NOAA publication proof."", ""Forecast target is normalized power; no conversion to MW/MWh is justified.""]"
1.0,e52929907087cbd10f0065f0,1,2026-02-20T18:00:00Z,turbine_1,2026-02-21T03:00:00Z,9,0.6212551009849356,normalized_power,gfs_0p25,2026-02-20T12:00:00Z,wind-power-v1,2026-01-31T18:00:00Z,warning,"[""Uncertainty intervals are not calibrated"", ""Unconfirmed: all source labels use fixed UTC+5 and mark the start of a ten-minute mean; reporting delay is zero and normalization remains unresolved."", ""Source-clock and target normalization semantics remain unconfirmed."", ""Weather availability uses archive-object metadata, not original NOAA publication proof."", ""Forecast target is normalized power; no conversion to MW/MWh is justified.""]"
1.0,e52929907087cbd10f0065f0,1,2026-02-20T18:00:00Z,turbine_1,2026-02-21T04:00:00Z,10,0.4317828060739775,normalized_power,gfs_0p25,2026-02-20T12:00:00Z,wind-power-v1,2026-01-31T18:00:00Z,warning,"[""Uncertainty intervals are not calibrated"", ""Unconfirmed: all source labels use fixed UTC+5 and mark the start of a ten-minute mean; reporting delay is zero and normalization remains unresolved."", ""Source-clock and target normalization semantics remain unconfirmed."", ""Weather availability uses archive-object metadata, not original NOAA publication proof."", ""Forecast target is normalized power; no conversion to MW/MWh is justified.""]"
1.0,e52929907087cbd10f0065f0,1,2026-02-20T18:00:00Z,turbine_1,2026-02-21T05:00:00Z,11,0.026729303291143352,normalized_power,gfs_0p25,2026-02-20T12:00:00Z,wind-power-v1,2026-01-31T18:00:00Z,warning,"[""Uncertainty intervals are not calibrated"", ""Unconfirmed: all source labels use fixed UTC+5 and mark the start of a ten-minute mean; reporting delay is zero and normalization remains unresolved."", ""Source-clock and target normalization semantics remain unconfirmed."", ""Weather availability uses archive-object metadata, not original NOAA publication proof."", ""Forecast target is normalized power; no conversion to MW/MWh is justified.""]"
1.0,e52929907087cbd10f0065f0,1,2026-02-20T18:00:00Z,turbine_1,2026-02-21T06:00:00Z,12,0.035357321845525994,normalized_power,gfs_0p25,2026-02-20T12:00:00Z,wind-power-v1,2026-01-31T18:00:00Z,warning,"[""Uncertainty intervals are not calibrated"", ""Unconfirmed: all source labels use fixed UTC+5 and mark the start of a ten-minute mean; reporting delay is zero and normalization remains unresolved."", ""Source-clock and target normalization semantics remain unconfirmed."", ""Weather availability uses archive-object metadata, not original NOAA publication proof."", ""Forecast target is normalized power; no conversion to MW/MWh is justified.""]"
1.0,e52929907087cbd10f0065f0,1,2026-02-20T18:00:00Z,turbine_1,2026-02-21T07:00:00Z,13,0.940671726896348,normalized_power,gfs_0p25,2026-02-20T12:00:00Z,wind-power-v1,2026-01-31T18:00:00Z,warning,"[""Uncertainty intervals are not calibrated"", ""Unconfirmed: all source labels use fixed UTC+5 and mark the start of a ten-minute mean; reporting delay is zero and normalization remains unresolved."", ""Source-clock and target normalization semantics remain unconfirmed."", ""Weather availability uses archive-object metadata, not original NOAA publication proof."", ""Forecast target is normalized power; no conversion to MW/MWh is justified.""]"
1.0,e52929907087cbd10f0065f0,1,2026-02-20T18:00:00Z,turbine_1,2026-02-21T08:00:00Z,14,0.9364385235388601,normalized_power,gfs_0p25,2026-02-20T12:00:00Z,wind-power-v1,2026-01-31T18:00:00Z,warning,"[""Uncertainty intervals are not calibrated"", ""Unconfirmed: all source labels use fixed UTC+5 and mark the start of a ten-minute mean; reporting delay is zero and normalization remains unresolved."", ""Source-clock and target normalization semantics remain unconfirmed."", ""Weather availability uses archive-object metadata, not original NOAA publication proof."", ""Forecast target is normalized power; no conversion to MW/MWh is justified.""]"
1.0,e52929907087cbd10f0065f0,1,2026-02-20T18:00:00Z,turbine_1,2026-02-21T09:00:00Z,15,0.9428513309726789,normalized_power,gfs_0p25,2026-02-20T12:00:00Z,wind-power-v1,2026-01-31T18:00:00Z,warning,"[""Uncertainty intervals are not calibrated"", ""Unconfirmed: all source labels use fixed UTC+5 and mark the start of a ten-minute mean; reporting delay is zero and normalization remains unresolved."", ""Source-clock and target normalization semantics remain unconfirmed."", ""Weather availability uses archive-object metadata, not original NOAA publication proof."", ""Forecast target is normalized power; no conversion to MW/MWh is justified.""]"
1.0,e52929907087cbd10f0065f0,1,2026-02-20T18:00:00Z,turbine_1,2026-02-21T10:00:00Z,16,0.29282940272932345,normalized_power,gfs_0p25,2026-02-20T12:00:00Z,wind-power-v1,2026-01-31T18:00:00Z,warning,"[""Uncertainty intervals are not calibrated"", ""Unconfirmed: all source labels use fixed UTC+5 and mark the start of a ten-minute mean; reporting delay is zero and normalization remains unresolved."", ""Source-clock and target normalization semantics remain unconfirmed."", ""Weather availability uses archive-object metadata, not original NOAA publication proof."", ""Forecast target is normalized power; no conversion to MW/MWh is justified.""]"
1.0,e52929907087cbd10f0065f0,1,2026-02-20T18:00:00Z,turbine_1,2026-02-21T11:00:00Z,17,0.3457261574246381,normalized_power,gfs_0p25,2026-02-20T12:00:00Z,wind-power-v1,2026-01-31T18:00:00Z,warning,"[""Uncertainty intervals are not calibrated"", ""Unconfirmed: all source labels use fixed UTC+5 and mark the start of a ten-minute mean; reporting delay is zero and normalization remains unresolved."", ""Source-clock and target normalization semantics remain unconfirmed."", ""Weather availability uses archive-object metadata, not original NOAA publication proof."", ""Forecast target is normalized power; no conversion to MW/MWh is justified.""]"
1.0,e52929907087cbd10f0065f0,1,2026-02-20T18:00:00Z,turbine_1,2026-02-21T12:00:00Z,18,0.2451644031145954,normalized_power,gfs_0p25,2026-02-20T12:00:00Z,wind-power-v1,2026-01-31T18:00:00Z,warning,"[""Uncertainty intervals are not calibrated"", ""Unconfirmed: all source labels use fixed UTC+5 and mark the start of a ten-minute mean; reporting delay is zero and normalization remains unresolved."", ""Source-clock and target normalization semantics remain unconfirmed."", ""Weather availability uses archive-object metadata, not original NOAA publication proof."", ""Forecast target is normalized power; no conversion to MW/MWh is justified.""]"
1.0,e52929907087cbd10f0065f0,1,2026-02-20T18:00:00Z,turbine_1,2026-02-21T13:00:00Z,19,0.466997822532557,normalized_power,gfs_0p25,2026-02-20T12:00:00Z,wind-power-v1,2026-01-31T18:00:00Z,warning,"[""Uncertainty intervals are not calibrated"", ""Unconfirmed: all source labels use fixed UTC+5 and mark the start of a ten-minute mean; reporting delay is zero and normalization remains unresolved."", ""Source-clock and target normalization semantics remain unconfirmed."", ""Weather availability uses archive-object metadata, not original NOAA publication proof."", ""Forecast target is normalized power; no conversion to MW/MWh is justified.""]"
1.0,e52929907087cbd10f0065f0,1,2026-02-20T18:00:00Z,turbine_1,2026-02-21T14:00:00Z,20,0.6212551009849356,normalized_power,gfs_0p25,2026-02-20T12:00:00Z,wind-power-v1,2026-01-31T18:00:00Z,warning,"[""Uncertainty intervals are not calibrated"", ""Unconfirmed: all source labels use fixed UTC+5 and mark the start of a ten-minute mean; reporting delay is zero and normalization remains unresolved."", ""Source-clock and target normalization semantics remain unconfirmed."", ""Weather availability uses archive-object metadata, not original NOAA publication proof."", ""Forecast target is normalized power; no conversion to MW/MWh is justified.""]"
1.0,e52929907087cbd10f0065f0,1,2026-02-20T18:00:00Z,turbine_1,2026-02-21T15:00:00Z,21,0.2936436233948683,normalized_power,gfs_0p25,2026-02-20T12:00:00Z,wind-power-v1,2026-01-31T18:00:00Z,warning,"[""Uncertainty intervals are not calibrated"", ""Unconfirmed: all source labels use fixed UTC+5 and mark the start of a ten-minute mean; reporting delay is zero and normalization remains unresolved."", ""Source-clock and target normalization semantics remain unconfirmed."", ""Weather availability uses archive-object metadata, not original NOAA publication proof."", ""Forecast target is normalized power; no conversion to MW/MWh is justified.""]"
1.0,e52929907087cbd10f0065f0,1,2026-02-20T18:00:00Z,turbine_1,2026-02-21T16:00:00Z,22,0.17316678504776084,normalized_power,gfs_0p25,2026-02-20T12:00:00Z,wind-power-v1,2026-01-31T18:00:00Z,warning,"[""Uncertainty intervals are not calibrated"", ""Unconfirmed: all source labels use fixed UTC+5 and mark the start of a ten-minute mean; reporting delay is zero and normalization remains unresolved."", ""Source-clock and target normalization semantics remain unconfirmed."", ""Weather availability uses archive-object metadata, not original NOAA publication proof."", ""Forecast target is normalized power; no conversion to MW/MWh is justified.""]"
1.0,e52929907087cbd10f0065f0,1,2026-02-20T18:00:00Z,turbine_1,2026-02-21T17:00:00Z,23,0.30470541247678273,normalized_power,gfs_0p25,2026-02-20T12:00:00Z,wind-power-v1,2026-01-31T18:00:00Z,warning,"[""Uncertainty intervals are not calibrated"", ""Unconfirmed: all source labels use fixed UTC+5 and mark the start of a ten-minute mean; reporting delay is zero and normalization remains unresolved."", ""Source-clock and target normalization semantics remain unconfirmed."", ""Weather availability uses archive-object metadata, not original NOAA publication proof."", ""Forecast target is normalized power; no conversion to MW/MWh is justified.""]"
1.0,e52929907087cbd10f0065f0,1,2026-02-20T18:00:00Z,turbine_1,2026-02-21T18:00:00Z,24,0.32172681589834756,normalized_power,gfs_0p25,2026-02-20T12:00:00Z,wind-power-v1,2026-01-31T18:00:00Z,warning,"[""Uncertainty intervals are not calibrated"", ""Unconfirmed: all source labels use fixed UTC+5 and mark the start of a ten-minute mean; reporting delay is zero and normalization remains unresolved."", ""Source-clock and target normalization semantics remain unconfirmed."", ""Weather availability uses archive-object metadata, not original NOAA publication proof."", ""Forecast target is normalized power; no conversion to MW/MWh is justified.""]"
1.0,0a766d20d82ccc39ab2c4a2f,1,2026-02-21T18:00:00Z,turbine_1,2026-02-21T19:00:00Z,1,0.33919563572262756,normalized_power,gfs_0p25,2026-02-21T12:00:00Z,wind-power-v1,2026-01-31T18:00:00Z,warning,"[""Uncertainty intervals are not calibrated"", ""Unconfirmed: all source labels use fixed UTC+5 and mark the start of a ten-minute mean; reporting delay is zero and normalization remains unresolved."", ""Source-clock and target normalization semantics remain unconfirmed."", ""Weather availability uses archive-object metadata, not original NOAA publication proof."", ""Forecast target is normalized power; no conversion to MW/MWh is justified.""]"
1.0,0a766d20d82ccc39ab2c4a2f,1,2026-02-21T18:00:00Z,turbine_1,2026-02-21T20:00:00Z,2,0.10242154148886388,normalized_power,gfs_0p25,2026-02-21T12:00:00Z,wind-power-v1,2026-01-31T18:00:00Z,warning,"[""Uncertainty intervals are not calibrated"", ""Unconfirmed: all source labels use fixed UTC+5 and mark the start of a ten-minute mean; reporting delay is zero and normalization remains unresolved."", ""Source-clock and target normalization semantics remain unconfirmed."", ""Weather availability uses archive-object metadata, not original NOAA publication proof."", ""Forecast target is normalized power; no conversion to MW/MWh is justified.""]"
1.0,0a766d20d82ccc39ab2c4a2f,1,2026-02-21T18:00:00Z,turbine_1,2026-02-21T21:00:00Z,3,0.1415949470637096,normalized_power,gfs_0p25,2026-02-21T12:00:00Z,wind-power-v1,2026-01-31T18:00:00Z,warning,"[""Uncertainty intervals are not calibrated"", ""Unconfirmed: all source labels use fixed UTC+5 and mark the start of a ten-minute mean; reporting delay is zero and normalization remains unresolved."", ""Source-clock and target normalization semantics remain unconfirmed."", ""Weather availability uses archive-object metadata, not original NOAA publication proof."", ""Forecast target is normalized power; no conversion to MW/MWh is justified.""]"
1.0,0a766d20d82ccc39ab2c4a2f,1,2026-02-21T18:00:00Z,turbine_1,2026-02-21T22:00:00Z,4,0.10146191702426928,normalized_power,gfs_0p25,2026-02-21T12:00:00Z,wind-power-v1,2026-01-31T18:00:00Z,warning,"[""Uncertainty intervals are not calibrated"", ""Unconfirmed: all source labels use fixed UTC+5 and mark the start of a ten-minute mean; reporting delay is zero and normalization remains unresolved."", ""Source-clock and target normalization semantics remain unconfirmed."", ""Weather availability uses archive-object metadata, not original NOAA publication proof."", ""Forecast target is normalized power; no conversion to MW/MWh is justified.""]"
1.0,0a766d20d82ccc39ab2c4a2f,1,2026-02-21T18:00:00Z,turbine_1,2026-02-21T23:00:00Z,5,0.07665522403026374,normalized_power,gfs_0p25,2026-02-21T12:00:00Z,wind-power-v1,2026-01-31T18:00:00Z,warning,"[""Uncertainty intervals are not calibrated"", ""Unconfirmed: all source labels use fixed UTC+5 and mark the start of a ten-minute mean; reporting delay is zero and normalization remains unresolved."", ""Source-clock and target normalization semantics remain unconfirmed."", ""Weather availability uses archive-object metadata, not original NOAA publication proof."", ""Forecast target is normalized power; no conversion to MW/MWh is justified.""]"
1.0,0a766d20d82ccc39ab2c4a2f,1,2026-02-21T18:00:00Z,turbine_1,2026-02-22T00:00:00Z,6,0.10146191702426928,normalized_power,gfs_0p25,2026-02-21T12:00:00Z,wind-power-v1,2026-01-31T18:00:00Z,warning,"[""Uncertainty intervals are not calibrated"", ""Unconfirmed: all source labels use fixed UTC+5 and mark the start of a ten-minute mean; reporting delay is zero and normalization remains unresolved."", ""Source-clock and target normalization semantics remain unconfirmed."", ""Weather availability uses archive-object metadata, not original NOAA publication proof."", ""Forecast target is normalized power; no conversion to MW/MWh is justified.""]"
1.0,0a766d20d82ccc39ab2c4a2f,1,2026-02-21T18:00:00Z,turbine_1,2026-02-22T01:00:00Z,7,0.08663083052018997,normalized_power,gfs_0p25,2026-02-21T12:00:00Z,wind-power-v1,2026-01-31T18:00:00Z,warning,"[""Uncertainty intervals are not calibrated"", ""Unconfirmed: all source labels use fixed UTC+5 and mark the start of a ten-minute mean; reporting delay is zero and normalization remains unresolved."", ""Source-clock and target normalization semantics remain unconfirmed."", ""Weather availability uses archive-object metadata, not original NOAA publication proof."", ""Forecast target is normalized power; no conversion to MW/MWh is justified.""]"
1.0,0a766d20d82ccc39ab2c4a2f,1,2026-02-21T18:00:00Z,turbine_1,2026-02-22T02:00:00Z,8,0.2747426438364509,normalized_power,gfs_0p25,2026-02-21T12:00:00Z,wind-power-v1,2026-01-31T18:00:00Z,warning,"[""Uncertainty intervals are not calibrated"", ""Unconfirmed: all source labels use fixed UTC+5 and mark the start of a ten-minute mean; reporting delay is zero and normalization remains unresolved."", ""Source-clock and target normalization semantics remain unconfirmed."", ""Weather availability uses archive-object metadata, not original NOAA publication proof."", ""Forecast target is normalized power; no conversion to MW/MWh is justified.""]"
1.0,0a766d20d82ccc39ab2c4a2f,1,2026-02-21T18:00:00Z,turbine_1,2026-02-22T03:00:00Z,9,0.3949236903437902,normalized_power,gfs_0p25,2026-02-21T12:00:00Z,wind-power-v1,2026-01-31T18:00:00Z,warning,"[""Uncertainty intervals are not calibrated"", ""Unconfirmed: all source labels use fixed UTC+5 and mark the start of a ten-minute mean; reporting delay is zero and normalization remains unresolved."", ""Source-clock and target normalization semantics remain unconfirmed."", ""Weather availability uses archive-object metadata, not original NOAA publication proof."", ""Forecast target is normalized power; no conversion to MW/MWh is justified.""]"
1.0,0a766d20d82ccc39ab2c4a2f,1,2026-02-21T18:00:00Z,turbine_1,2026-02-22T04:00:00Z,10,0.4894813319924809,normalized_power,gfs_0p25,2026-02-21T12:00:00Z,wind-power-v1,2026-01-31T18:00:00Z,warning,"[""Uncertainty intervals are not calibrated"", ""Unconfirmed: all source labels use fixed UTC+5 and mark the start of a ten-minute mean; reporting delay is zero and normalization remains unresolved."", ""Source-clock and target normalization semantics remain unconfirmed."", ""Weather availability uses archive-object metadata, not original NOAA publication proof."", ""Forecast target is normalized power; no conversion to MW/MWh is justified.""]"
1.0,0a766d20d82ccc39ab2c4a2f,1,2026-02-21T18:00:00Z,turbine_1,2026-02-22T05:00:00Z,11,0.7595666914187416,normalized_power,gfs_0p25,2026-02-21T12:00:00Z,wind-power-v1,2026-01-31T18:00:00Z,warning,"[""Uncertainty intervals are not calibrated"", ""Unconfirmed: all source labels use fixed UTC+5 and mark the start of a ten-minute mean; reporting delay is zero and normalization remains unresolved."", ""Source-clock and target normalization semantics remain unconfirmed."", ""Weather availability uses archive-object metadata, not original NOAA publication proof."", ""Forecast target is normalized power; no conversion to MW/MWh is justified.""]"
1.0,0a766d20d82ccc39ab2c4a2f,1,2026-02-21T18:00:00Z,turbine_1,2026-02-22T06:00:00Z,12,0.6904409438371696,normalized_power,gfs_0p25,2026-02-21T12:00:00Z,wind-power-v1,2026-01-31T18:00:00Z,warning,"[""Uncertainty intervals are not calibrated"", ""Unconfirmed: all source labels use fixed UTC+5 and mark the start of a ten-minute mean; reporting delay is zero and normalization remains unresolved."", ""Source-clock and target normalization semantics remain unconfirmed."", ""Weather availability uses archive-object metadata, not original NOAA publication proof."", ""Forecast target is normalized power; no conversion to MW/MWh is justified.""]"
1.0,0a766d20d82ccc39ab2c4a2f,1,2026-02-21T18:00:00Z,turbine_1,2026-02-22T07:00:00Z,13,0.7259727526437666,normalized_power,gfs_0p25,2026-02-21T12:00:00Z,wind-power-v1,2026-01-31T18:00:00Z,warning,"[""Uncertainty intervals are not calibrated"", ""Unconfirmed: all source labels use fixed UTC+5 and mark the start of a ten-minute mean; reporting delay is zero and normalization remains unresolved."", ""Source-clock and target normalization semantics remain unconfirmed."", ""Weather availability uses archive-object metadata, not original NOAA publication proof."", ""Forecast target is normalized power; no conversion to MW/MWh is justified.""]"
1.0,0a766d20d82ccc39ab2c4a2f,1,2026-02-21T18:00:00Z,turbine_1,2026-02-22T08:00:00Z,14,0.5949808254384196,normalized_power,gfs_0p25,2026-02-21T12:00:00Z,wind-power-v1,2026-01-31T18:00:00Z,warning,"[""Uncertainty intervals are not calibrated"", ""Unconfirmed: all source labels use fixed UTC+5 and mark the start of a ten-minute mean; reporting delay is zero and normalization remains unresolved."", ""Source-clock and target normalization semantics remain unconfirmed."", ""Weather availability uses archive-object metadata, not original NOAA publication proof."", ""Forecast target is normalized power; no conversion to MW/MWh is justified.""]"
1.0,0a766d20d82ccc39ab2c4a2f,1,2026-02-21T18:00:00Z,turbine_1,2026-02-22T09:00:00Z,15,0.6152364264866115,normalized_power,gfs_0p25,2026-02-21T12:00:00Z,wind-power-v1,2026-01-31T18:00:00Z,warning,"[""Uncertainty intervals are not calibrated"", ""Unconfirmed: all source labels use fixed UTC+5 and mark the start of a ten-minute mean; reporting delay is zero and normalization remains unresolved."", ""Source-clock and target normalization semantics remain unconfirmed."", ""Weather availability uses archive-object metadata, not original NOAA publication proof."", ""Forecast target is normalized power; no conversion to MW/MWh is justified.""]"
1.0,0a766d20d82ccc39ab2c4a2f,1,2026-02-21T18:00:00Z,turbine_1,2026-02-22T10:00:00Z,16,0.5864721319018054,normalized_power,gfs_0p25,2026-02-21T12:00:00Z,wind-power-v1,2026-01-31T18:00:00Z,warning,"[""Uncertainty intervals are not calibrated"", ""Unconfirmed: all source labels use fixed UTC+5 and mark the start of a ten-minute mean; reporting delay is zero and normalization remains unresolved."", ""Source-clock and target normalization semantics remain unconfirmed."", ""Weather availability uses archive-object metadata, not original NOAA publication proof."", ""Forecast target is normalized power; no conversion to MW/MWh is justified.""]"
1.0,0a766d20d82ccc39ab2c4a2f,1,2026-02-21T18:00:00Z,turbine_1,2026-02-22T11:00:00Z,17,0.4861071994930372,normalized_power,gfs_0p25,2026-02-21T12:00:00Z,wind-power-v1,2026-01-31T18:00:00Z,warning,"[""Uncertainty intervals are not calibrated"", ""Unconfirmed: all source labels use fixed UTC+5 and mark the start of a ten-minute mean; reporting delay is zero and normalization remains unresolved."", ""Source-clock and target normalization semantics remain unconfirmed."", ""Weather availability uses archive-object metadata, not original NOAA publication proof."", ""Forecast target is normalized power; no conversion to MW/MWh is justified.""]"
1.0,0a766d20d82ccc39ab2c4a2f,1,2026-02-21T18:00:00Z,turbine_1,2026-02-22T12:00:00Z,18,0.6539855414146593,normalized_power,gfs_0p25,2026-02-21T12:00:00Z,wind-power-v1,2026-01-31T18:00:00Z,warning,"[""Uncertainty intervals are not calibrated"", ""Unconfirmed: all source labels use fixed UTC+5 and mark the start of a ten-minute mean; reporting delay is zero and normalization remains unresolved."", ""Source-clock and target normalization semantics remain unconfirmed."", ""Weather availability uses archive-object metadata, not original NOAA publication proof."", ""Forecast target is normalized power; no conversion to MW/MWh is justified.""]"
1.0,0a766d20d82ccc39ab2c4a2f,1,2026-02-21T18:00:00Z,turbine_1,2026-02-22T13:00:00Z,19,0.6176332480822954,normalized_power,gfs_0p25,2026-02-21T12:00:00Z,wind-power-v1,2026-01-31T18:00:00Z,warning,"[""Uncertainty intervals are not calibrated"", ""Unconfirmed: all source labels use fixed UTC+5 and mark the start of a ten-minute mean; reporting delay is zero and normalization remains unresolved."", ""Source-clock and target normalization semantics remain unconfirmed."", ""Weather availability uses archive-object metadata, not original NOAA publication proof."", ""Forecast target is normalized power; no conversion to MW/MWh is justified.""]"
1.0,0a766d20d82ccc39ab2c4a2f,1,2026-02-21T18:00:00Z,turbine_1,2026-02-22T14:00:00Z,20,0.600409543331423,normalized_power,gfs_0p25,2026-02-21T12:00:00Z,wind-power-v1,2026-01-31T18:00:00Z,warning,"[""Uncertainty intervals are not calibrated"", ""Unconfirmed: all source labels use fixed UTC+5 and mark the start of a ten-minute mean; reporting delay is zero and normalization remains unresolved."", ""Source-clock and target normalization semantics remain unconfirmed."", ""Weather availability uses archive-object metadata, not original NOAA publication proof."", ""Forecast target is normalized power; no conversion to MW/MWh is justified.""]"
1.0,0a766d20d82ccc39ab2c4a2f,1,2026-02-21T18:00:00Z,turbine_1,2026-02-22T15:00:00Z,21,0.2952146554618332,normalized_power,gfs_0p25,2026-02-21T12:00:00Z,wind-power-v1,2026-01-31T18:00:00Z,warning,"[""Uncertainty intervals are not calibrated"", ""Unconfirmed: all source labels use fixed UTC+5 and mark the start of a ten-minute mean; reporting delay is zero and normalization remains unresolved."", ""Source-clock and target normalization semantics remain unconfirmed."", ""Weather availability uses archive-object metadata, not original NOAA publication proof."", ""Forecast target is normalized power; no conversion to MW/MWh is justified.""]"
1.0,0a766d20d82ccc39ab2c4a2f,1,2026-02-21T18:00:00Z,turbine_1,2026-02-22T16:00:00Z,22,0.33800965321933313,normalized_power,gfs_0p25,2026-02-21T12:00:00Z,wind-power-v1,2026-01-31T18:00:00Z,warning,"[""Uncertainty intervals are not calibrated"", ""Unconfirmed: all source labels use fixed UTC+5 and mark the start of a ten-minute mean; reporting delay is zero and normalization remains unresolved."", ""Source-clock and target normalization semantics remain unconfirmed."", ""Weather availability uses archive-object metadata, not original NOAA publication proof."", ""Forecast target is normalized power; no conversion to MW/MWh is justified.""]"
1.0,0a766d20d82ccc39ab2c4a2f,1,2026-02-21T18:00:00Z,turbine_1,2026-02-22T17:00:00Z,23,0.38047473326006837,normalized_power,gfs_0p25,2026-02-21T12:00:00Z,wind-power-v1,2026-01-31T18:00:00Z,warning,"[""Uncertainty intervals are not calibrated"", ""Unconfirmed: all source labels use fixed UTC+5 and mark the start of a ten-minute mean; reporting delay is zero and normalization remains unresolved."", ""Source-clock and target normalization semantics remain unconfirmed."", ""Weather availability uses archive-object metadata, not original NOAA publication proof."", ""Forecast target is normalized power; no conversion to MW/MWh is justified.""]"
1.0,0a766d20d82ccc39ab2c4a2f,1,2026-02-21T18:00:00Z,turbine_1,2026-02-22T18:00:00Z,24,0.2600524089097454,normalized_power,gfs_0p25,2026-02-21T12:00:00Z,wind-power-v1,2026-01-31T18:00:00Z,warning,"[""Uncertainty intervals are not calibrated"", ""Unconfirmed: all source labels use fixed UTC+5 and mark the start of a ten-minute mean; reporting delay is zero and normalization remains unresolved."", ""Source-clock and target normalization semantics remain unconfirmed."", ""Weather availability uses archive-object metadata, not original NOAA publication proof."", ""Forecast target is normalized power; no conversion to MW/MWh is justified.""]"
1.0,6b9d0672915fd0b6d0e6b4e9,1,2026-02-22T18:00:00Z,turbine_1,2026-02-22T19:00:00Z,1,0.305691471781287,normalized_power,gfs_0p25,2026-02-22T12:00:00Z,wind-power-v1,2026-01-31T18:00:00Z,warning,"[""Uncertainty intervals are not calibrated"", ""Unconfirmed: all source labels use fixed UTC+5 and mark the start of a ten-minute mean; reporting delay is zero and normalization remains unresolved."", ""Source-clock and target normalization semantics remain unconfirmed."", ""Weather availability uses archive-object metadata, not original NOAA publication proof."", ""Forecast target is normalized power; no conversion to MW/MWh is justified.""]"
1.0,6b9d0672915fd0b6d0e6b4e9,1,2026-02-22T18:00:00Z,turbine_1,2026-02-22T20:00:00Z,2,0.2902764548755291,normalized_power,gfs_0p25,2026-02-22T12:00:00Z,wind-power-v1,2026-01-31T18:00:00Z,warning,"[""Uncertainty intervals are not calibrated"", ""Unconfirmed: all source labels use fixed UTC+5 and mark the start of a ten-minute mean; reporting delay is zero and normalization remains unresolved."", ""Source-clock and target normalization semantics remain unconfirmed."", ""Weather availability uses archive-object metadata, not original NOAA publication proof."", ""Forecast target is normalized power; no conversion to MW/MWh is justified.""]"
1.0,6b9d0672915fd0b6d0e6b4e9,1,2026-02-22T18:00:00Z,turbine_1,2026-02-22T21:00:00Z,3,0.2945266215753207,normalized_power,gfs_0p25,2026-02-22T12:00:00Z,wind-power-v1,2026-01-31T18:00:00Z,warning,"[""Uncertainty intervals are not calibrated"", ""Unconfirmed: all source labels use fixed UTC+5 and mark the start of a ten-minute mean; reporting delay is zero and normalization remains unresolved."", ""Source-clock and target normalization semantics remain unconfirmed."", ""Weather availability uses archive-object metadata, not original NOAA publication proof."", ""Forecast target is normalized power; no conversion to MW/MWh is justified.""]"
1.0,6b9d0672915fd0b6d0e6b4e9,1,2026-02-22T18:00:00Z,turbine_1,2026-02-22T22:00:00Z,4,0.4334094430112426,normalized_power,gfs_0p25,2026-02-22T12:00:00Z,wind-power-v1,2026-01-31T18:00:00Z,warning,"[""Uncertainty intervals are not calibrated"", ""Unconfirmed: all source labels use fixed UTC+5 and mark the start of a ten-minute mean; reporting delay is zero and normalization remains unresolved."", ""Source-clock and target normalization semantics remain unconfirmed."", ""Weather availability uses archive-object metadata, not original NOAA publication proof."", ""Forecast target is normalized power; no conversion to MW/MWh is justified.""]"
1.0,6b9d0672915fd0b6d0e6b4e9,1,2026-02-22T18:00:00Z,turbine_1,2026-02-22T23:00:00Z,5,0.2222361727146227,normalized_power,gfs_0p25,2026-02-22T12:00:00Z,wind-power-v1,2026-01-31T18:00:00Z,warning,"[""Uncertainty intervals are not calibrated"", ""Unconfirmed: all source labels use fixed UTC+5 and mark the start of a ten-minute mean; reporting delay is zero and normalization remains unresolved."", ""Source-clock and target normalization semantics remain unconfirmed."", ""Weather availability uses archive-object metadata, not original NOAA publication proof."", ""Forecast target is normalized power; no conversion to MW/MWh is justified.""]"
1.0,6b9d0672915fd0b6d0e6b4e9,1,2026-02-22T18:00:00Z,turbine_1,2026-02-23T00:00:00Z,6,0.38292577636166647,normalized_power,gfs_0p25,2026-02-22T12:00:00Z,wind-power-v1,2026-01-31T18:00:00Z,warning,"[""Uncertainty intervals are not calibrated"", ""Unconfirmed: all source labels use fixed UTC+5 and mark the start of a ten-minute mean; reporting delay is zero and normalization remains unresolved."", ""Source-clock and target normalization semantics remain unconfirmed."", ""Weather availability uses archive-object metadata, not original NOAA publication proof."", ""Forecast target is normalized power; no conversion to MW/MWh is justified.""]"
1.0,6b9d0672915fd0b6d0e6b4e9,1,2026-02-22T18:00:00Z,turbine_1,2026-02-23T01:00:00Z,7,0.10242154148886388,normalized_power,gfs_0p25,2026-02-22T12:00:00Z,wind-power-v1,2026-01-31T18:00:00Z,warning,"[""Uncertainty intervals are not calibrated"", ""Unconfirmed: all source labels use fixed UTC+5 and mark the start of a ten-minute mean; reporting delay is zero and normalization remains unresolved."", ""Source-clock and target normalization semantics remain unconfirmed."", ""Weather availability uses archive-object metadata, not original NOAA publication proof."", ""Forecast target is normalized power; no conversion to MW/MWh is justified.""]"
1.0,6b9d0672915fd0b6d0e6b4e9,1,2026-02-22T18:00:00Z,turbine_1,2026-02-23T02:00:00Z,8,0.0670891275109319,normalized_power,gfs_0p25,2026-02-22T12:00:00Z,wind-power-v1,2026-01-31T18:00:00Z,warning,"[""Uncertainty intervals are not calibrated"", ""Unconfirmed: all source labels use fixed UTC+5 and mark the start of a ten-minute mean; reporting delay is zero and normalization remains unresolved."", ""Source-clock and target normalization semantics remain unconfirmed."", ""Weather availability uses archive-object metadata, not original NOAA publication proof."", ""Forecast target is normalized power; no conversion to MW/MWh is justified.""]"
1.0,6b9d0672915fd0b6d0e6b4e9,1,2026-02-22T18:00:00Z,turbine_1,2026-02-23T03:00:00Z,9,0.0666361330358284,normalized_power,gfs_0p25,2026-02-22T12:00:00Z,wind-power-v1,2026-01-31T18:00:00Z,warning,"[""Uncertainty intervals are not calibrated"", ""Unconfirmed: all source labels use fixed UTC+5 and mark the start of a ten-minute mean; reporting delay is zero and normalization remains unresolved."", ""Source-clock and target normalization semantics remain unconfirmed."", ""Weather availability uses archive-object metadata, not original NOAA publication proof."", ""Forecast target is normalized power; no conversion to MW/MWh is justified.""]"
1.0,6b9d0672915fd0b6d0e6b4e9,1,2026-02-22T18:00:00Z,turbine_1,2026-02-23T04:00:00Z,10,0.04180685313432336,normalized_power,gfs_0p25,2026-02-22T12:00:00Z,wind-power-v1,2026-01-31T18:00:00Z,warning,"[""Uncertainty intervals are not calibrated"", ""Unconfirmed: all source labels use fixed UTC+5 and mark the start of a ten-minute mean; reporting delay is zero and normalization remains unresolved."", ""Source-clock and target normalization semantics remain unconfirmed."", ""Weather availability uses archive-object metadata, not original NOAA publication proof."", ""Forecast target is normalized power; no conversion to MW/MWh is justified.""]"
1.0,6b9d0672915fd0b6d0e6b4e9,1,2026-02-22T18:00:00Z,turbine_1,2026-02-23T05:00:00Z,11,0.04598006784774848,normalized_power,gfs_0p25,2026-02-22T12:00:00Z,wind-power-v1,2026-01-31T18:00:00Z,warning,"[""Uncertainty intervals are not calibrated"", ""Unconfirmed: all source labels use fixed UTC+5 and mark the start of a ten-minute mean; reporting delay is zero and normalization remains unresolved."", ""Source-clock and target normalization semantics remain unconfirmed."", ""Weather availability uses archive-object metadata, not original NOAA publication proof."", ""Forecast target is normalized power; no conversion to MW/MWh is justified.""]"
1.0,6b9d0672915fd0b6d0e6b4e9,1,2026-02-22T18:00:00Z,turbine_1,2026-02-23T06:00:00Z,12,0.053254128923976296,normalized_power,gfs_0p25,2026-02-22T12:00:00Z,wind-power-v1,2026-01-31T18:00:00Z,warning,"[""Uncertainty intervals are not calibrated"", ""Unconfirmed: all source labels use fixed UTC+5 and mark the start of a ten-minute mean; reporting delay is zero and normalization remains unresolved."", ""Source-clock and target normalization semantics remain unconfirmed."", ""Weather availability uses archive-object metadata, not original NOAA publication proof."", ""Forecast target is normalized power; no conversion to MW/MWh is justified.""]"
1.0,6b9d0672915fd0b6d0e6b4e9,1,2026-02-22T18:00:00Z,turbine_1,2026-02-23T07:00:00Z,13,0.03043773827929316,normalized_power,gfs_0p25,2026-02-22T12:00:00Z,wind-power-v1,2026-01-31T18:00:00Z,warning,"[""Uncertainty intervals are not calibrated"", ""Unconfirmed: all source labels use fixed UTC+5 and mark the start of a ten-minute mean; reporting delay is zero and normalization remains unresolved."", ""Source-clock and target normalization semantics remain unconfirmed."", ""Weather availability uses archive-object metadata, not original NOAA publication proof."", ""Forecast target is normalized power; no conversion to MW/MWh is justified.""]"
1.0,6b9d0672915fd0b6d0e6b4e9,1,2026-02-22T18:00:00Z,turbine_1,2026-02-23T08:00:00Z,14,0.20025468519402645,normalized_power,gfs_0p25,2026-02-22T12:00:00Z,wind-power-v1,2026-01-31T18:00:00Z,warning,"[""Uncertainty intervals are not calibrated"", ""Unconfirmed: all source labels use fixed UTC+5 and mark the start of a ten-minute mean; reporting delay is zero and normalization remains unresolved."", ""Source-clock and target normalization semantics remain unconfirmed."", ""Weather availability uses archive-object metadata, not original NOAA publication proof."", ""Forecast target is normalized power; no conversion to MW/MWh is justified.""]"
1.0,6b9d0672915fd0b6d0e6b4e9,1,2026-02-22T18:00:00Z,turbine_1,2026-02-23T09:00:00Z,15,0.3541203714691582,normalized_power,gfs_0p25,2026-02-22T12:00:00Z,wind-power-v1,2026-01-31T18:00:00Z,warning,"[""Uncertainty intervals are not calibrated"", ""Unconfirmed: all source labels use fixed UTC+5 and mark the start of a ten-minute mean; reporting delay is zero and normalization remains unresolved."", ""Source-clock and target normalization semantics remain unconfirmed."", ""Weather availability uses archive-object metadata, not original NOAA publication proof."", ""Forecast target is normalized power; no conversion to MW/MWh is justified.""]"
1.0,6b9d0672915fd0b6d0e6b4e9,1,2026-02-22T18:00:00Z,turbine_1,2026-02-23T10:00:00Z,16,0.24276758151891148,normalized_power,gfs_0p25,2026-02-22T12:00:00Z,wind-power-v1,2026-01-31T18:00:00Z,warning,"[""Uncertainty intervals are not calibrated"", ""Unconfirmed: all source labels use fixed UTC+5 and mark the start of a ten-minute mean; reporting delay is zero and normalization remains unresolved."", ""Source-clock and target normalization semantics remain unconfirmed."", ""Weather availability uses archive-object metadata, not original NOAA publication proof."", ""Forecast target is normalized power; no conversion to MW/MWh is justified.""]"
1.0,6b9d0672915fd0b6d0e6b4e9,1,2026-02-22T18:00:00Z,turbine_1,2026-02-23T11:00:00Z,17,0.3320039275882745,normalized_power,gfs_0p25,2026-02-22T12:00:00Z,wind-power-v1,2026-01-31T18:00:00Z,warning,"[""Uncertainty intervals are not calibrated"", ""Unconfirmed: all source labels use fixed UTC+5 and mark the start of a ten-minute mean; reporting delay is zero and normalization remains unresolved."", ""Source-clock and target normalization semantics remain unconfirmed."", ""Weather availability uses archive-object metadata, not original NOAA publication proof."", ""Forecast target is normalized power; no conversion to MW/MWh is justified.""]"
1.0,6b9d0672915fd0b6d0e6b4e9,1,2026-02-22T18:00:00Z,turbine_1,2026-02-23T12:00:00Z,18,0.5481766962896089,normalized_power,gfs_0p25,2026-02-22T12:00:00Z,wind-power-v1,2026-01-31T18:00:00Z,warning,"[""Uncertainty intervals are not calibrated"", ""Unconfirmed: all source labels use fixed UTC+5 and mark the start of a ten-minute mean; reporting delay is zero and normalization remains unresolved."", ""Source-clock and target normalization semantics remain unconfirmed."", ""Weather availability uses archive-object metadata, not original NOAA publication proof."", ""Forecast target is normalized power; no conversion to MW/MWh is justified.""]"
1.0,6b9d0672915fd0b6d0e6b4e9,1,2026-02-22T18:00:00Z,turbine_1,2026-02-23T13:00:00Z,19,0.4832227304540153,normalized_power,gfs_0p25,2026-02-22T12:00:00Z,wind-power-v1,2026-01-31T18:00:00Z,warning,"[""Uncertainty intervals are not calibrated"", ""Unconfirmed: all source labels use fixed UTC+5 and mark the start of a ten-minute mean; reporting delay is zero and normalization remains unresolved."", ""Source-clock and target normalization semantics remain unconfirmed."", ""Weather availability uses archive-object metadata, not original NOAA publication proof."", ""Forecast target is normalized power; no conversion to MW/MWh is justified.""]"
1.0,6b9d0672915fd0b6d0e6b4e9,1,2026-02-22T18:00:00Z,turbine_1,2026-02-23T14:00:00Z,20,0.3898694796903781,normalized_power,gfs_0p25,2026-02-22T12:00:00Z,wind-power-v1,2026-01-31T18:00:00Z,warning,"[""Uncertainty intervals are not calibrated"", ""Unconfirmed: all source labels use fixed UTC+5 and mark the start of a ten-minute mean; reporting delay is zero and normalization remains unresolved."", ""Source-clock and target normalization semantics remain unconfirmed."", ""Weather availability uses archive-object metadata, not original NOAA publication proof."", ""Forecast target is normalized power; no conversion to MW/MWh is justified.""]"
1.0,6b9d0672915fd0b6d0e6b4e9,1,2026-02-22T18:00:00Z,turbine_1,2026-02-23T15:00:00Z,21,0.4552704863206232,normalized_power,gfs_0p25,2026-02-22T12:00:00Z,wind-power-v1,2026-01-31T18:00:00Z,warning,"[""Uncertainty intervals are not calibrated"", ""Unconfirmed: all source labels use fixed UTC+5 and mark the start of a ten-minute mean; reporting delay is zero and normalization remains unresolved."", ""Source-clock and target normalization semantics remain unconfirmed."", ""Weather availability uses archive-object metadata, not original NOAA publication proof."", ""Forecast target is normalized power; no conversion to MW/MWh is justified.""]"
1.0,6b9d0672915fd0b6d0e6b4e9,1,2026-02-22T18:00:00Z,turbine_1,2026-02-23T16:00:00Z,22,0.39120787798379575,normalized_power,gfs_0p25,2026-02-22T12:00:00Z,wind-power-v1,2026-01-31T18:00:00Z,warning,"[""Uncertainty intervals are not calibrated"", ""Unconfirmed: all source labels use fixed UTC+5 and mark the start of a ten-minute mean; reporting delay is zero and normalization remains unresolved."", ""Source-clock and target normalization semantics remain unconfirmed."", ""Weather availability uses archive-object metadata, not original NOAA publication proof."", ""Forecast target is normalized power; no conversion to MW/MWh is justified.""]"
1.0,6b9d0672915fd0b6d0e6b4e9,1,2026-02-22T18:00:00Z,turbine_1,2026-02-23T17:00:00Z,23,0.2513902116677833,normalized_power,gfs_0p25,2026-02-22T12:00:00Z,wind-power-v1,2026-01-31T18:00:00Z,warning,"[""Uncertainty intervals are not calibrated"", ""Unconfirmed: all source labels use fixed UTC+5 and mark the start of a ten-minute mean; reporting delay is zero and normalization remains unresolved."", ""Source-clock and target normalization semantics remain unconfirmed."", ""Weather availability uses archive-object metadata, not original NOAA publication proof."", ""Forecast target is normalized power; no conversion to MW/MWh is justified.""]"
1.0,6b9d0672915fd0b6d0e6b4e9,1,2026-02-22T18:00:00Z,turbine_1,2026-02-23T18:00:00Z,24,0.5969999757771829,normalized_power,gfs_0p25,2026-02-22T12:00:00Z,wind-power-v1,2026-01-31T18:00:00Z,warning,"[""Uncertainty intervals are not calibrated"", ""Unconfirmed: all source labels use fixed UTC+5 and mark the start of a ten-minute mean; reporting delay is zero and normalization remains unresolved."", ""Source-clock and target normalization semantics remain unconfirmed."", ""Weather availability uses archive-object metadata, not original NOAA publication proof."", ""Forecast target is normalized power; no conversion to MW/MWh is justified.""]"
1.0,90279dcba785e533f588dc99,1,2026-02-23T18:00:00Z,turbine_1,2026-02-23T19:00:00Z,1,0.5948787054308434,normalized_power,gfs_0p25,2026-02-23T12:00:00Z,wind-power-v1,2026-01-31T18:00:00Z,warning,"[""Uncertainty intervals are not calibrated"", ""Unconfirmed: all source labels use fixed UTC+5 and mark the start of a ten-minute mean; reporting delay is zero and normalization remains unresolved."", ""Source-clock and target normalization semantics remain unconfirmed."", ""Weather availability uses archive-object metadata, not original NOAA publication proof."", ""Forecast target is normalized power; no conversion to MW/MWh is justified.""]"
1.0,90279dcba785e533f588dc99,1,2026-02-23T18:00:00Z,turbine_1,2026-02-23T20:00:00Z,2,0.6596016680690608,normalized_power,gfs_0p25,2026-02-23T12:00:00Z,wind-power-v1,2026-01-31T18:00:00Z,warning,"[""Uncertainty intervals are not calibrated"", ""Unconfirmed: all source labels use fixed UTC+5 and mark the start of a ten-minute mean; reporting delay is zero and normalization remains unresolved."", ""Source-clock and target normalization semantics remain unconfirmed."", ""Weather availability uses archive-object metadata, not original NOAA publication proof."", ""Forecast target is normalized power; no conversion to MW/MWh is justified.""]"
1.0,90279dcba785e533f588dc99,1,2026-02-23T18:00:00Z,turbine_1,2026-02-23T21:00:00Z,3,0.7035331671641444,normalized_power,gfs_0p25,2026-02-23T12:00:00Z,wind-power-v1,2026-01-31T18:00:00Z,warning,"[""Uncertainty intervals are not calibrated"", ""Unconfirmed: all source labels use fixed UTC+5 and mark the start of a ten-minute mean; reporting delay is zero and normalization remains unresolved."", ""Source-clock and target normalization semantics remain unconfirmed."", ""Weather availability uses archive-object metadata, not original NOAA publication proof."", ""Forecast target is normalized power; no conversion to MW/MWh is justified.""]"
1.0,90279dcba785e533f588dc99,1,2026-02-23T18:00:00Z,turbine_1,2026-02-23T22:00:00Z,4,0.7050427381301434,normalized_power,gfs_0p25,2026-02-23T12:00:00Z,wind-power-v1,2026-01-31T18:00:00Z,warning,"[""Uncertainty intervals are not calibrated"", ""Unconfirmed: all source labels use fixed UTC+5 and mark the start of a ten-minute mean; reporting delay is zero and normalization remains unresolved."", ""Source-clock and target normalization semantics remain unconfirmed."", ""Weather availability uses archive-object metadata, not original NOAA publication proof."", ""Forecast target is normalized power; no conversion to MW/MWh is justified.""]"
1.0,90279dcba785e533f588dc99,1,2026-02-23T18:00:00Z,turbine_1,2026-02-23T23:00:00Z,5,0.6193384698976298,normalized_power,gfs_0p25,2026-02-23T12:00:00Z,wind-power-v1,2026-01-31T18:00:00Z,warning,"[""Uncertainty intervals are not calibrated"", ""Unconfirmed: all source labels use fixed UTC+5 and mark the start of a ten-minute mean; reporting delay is zero and normalization remains unresolved."", ""Source-clock and target normalization semantics remain unconfirmed."", ""Weather availability uses archive-object metadata, not original NOAA publication proof."", ""Forecast target is normalized power; no conversion to MW/MWh is justified.""]"
1.0,90279dcba785e533f588dc99,1,2026-02-23T18:00:00Z,turbine_1,2026-02-24T00:00:00Z,6,0.6525741732782727,normalized_power,gfs_0p25,2026-02-23T12:00:00Z,wind-power-v1,2026-01-31T18:00:00Z,warning,"[""Uncertainty intervals are not calibrated"", ""Unconfirmed: all source labels use fixed UTC+5 and mark the start of a ten-minute mean; reporting delay is zero and normalization remains unresolved."", ""Source-clock and target normalization semantics remain unconfirmed."", ""Weather availability uses archive-object metadata, not original NOAA publication proof."", ""Forecast target is normalized power; no conversion to MW/MWh is justified.""]"
1.0,90279dcba785e533f588dc99,1,2026-02-23T18:00:00Z,turbine_1,2026-02-24T01:00:00Z,7,0.5399374661512694,normalized_power,gfs_0p25,2026-02-23T12:00:00Z,wind-power-v1,2026-01-31T18:00:00Z,warning,"[""Uncertainty intervals are not calibrated"", ""Unconfirmed: all source labels use fixed UTC+5 and mark the start of a ten-minute mean; reporting delay is zero and normalization remains unresolved."", ""Source-clock and target normalization semantics remain unconfirmed."", ""Weather availability uses archive-object metadata, not original NOAA publication proof."", ""Forecast target is normalized power; no conversion to MW/MWh is justified.""]"
1.0,90279dcba785e533f588dc99,1,2026-02-23T18:00:00Z,turbine_1,2026-02-24T02:00:00Z,8,0.5178935125444502,normalized_power,gfs_0p25,2026-02-23T12:00:00Z,wind-power-v1,2026-01-31T18:00:00Z,warning,"[""Uncertainty intervals are not calibrated"", ""Unconfirmed: all source labels use fixed UTC+5 and mark the start of a ten-minute mean; reporting delay is zero and normalization remains unresolved."", ""Source-clock and target normalization semantics remain unconfirmed."", ""Weather availability uses archive-object metadata, not original NOAA publication proof."", ""Forecast target is normalized power; no conversion to MW/MWh is justified.""]"
1.0,90279dcba785e533f588dc99,1,2026-02-23T18:00:00Z,turbine_1,2026-02-24T03:00:00Z,9,0.421201129133126,normalized_power,gfs_0p25,2026-02-23T12:00:00Z,wind-power-v1,2026-01-31T18:00:00Z,warning,"[""Uncertainty intervals are not calibrated"", ""Unconfirmed: all source labels use fixed UTC+5 and mark the start of a ten-minute mean; reporting delay is zero and normalization remains unresolved."", ""Source-clock and target normalization semantics remain unconfirmed."", ""Weather availability uses archive-object metadata, not original NOAA publication proof."", ""Forecast target is normalized power; no conversion to MW/MWh is justified.""]"
1.0,90279dcba785e533f588dc99,1,2026-02-23T18:00:00Z,turbine_1,2026-02-24T04:00:00Z,10,0.39392755487653963,normalized_power,gfs_0p25,2026-02-23T12:00:00Z,wind-power-v1,2026-01-31T18:00:00Z,warning,"[""Uncertainty intervals are not calibrated"", ""Unconfirmed: all source labels use fixed UTC+5 and mark the start of a ten-minute mean; reporting delay is zero and normalization remains unresolved."", ""Source-clock and target normalization semantics remain unconfirmed."", ""Weather availability uses archive-object metadata, not original NOAA publication proof."", ""Forecast target is normalized power; no conversion to MW/MWh is justified.""]"
1.0,90279dcba785e533f588dc99,1,2026-02-23T18:00:00Z,turbine_1,2026-02-24T05:00:00Z,11,0.352936273627949,normalized_power,gfs_0p25,2026-02-23T12:00:00Z,wind-power-v1,2026-01-31T18:00:00Z,warning,"[""Uncertainty intervals are not calibrated"", ""Unconfirmed: all source labels use fixed UTC+5 and mark the start of a ten-minute mean; reporting delay is zero and normalization remains unresolved."", ""Source-clock and target normalization semantics remain unconfirmed."", ""Weather availability uses archive-object metadata, not original NOAA publication proof."", ""Forecast target is normalized power; no conversion to MW/MWh is justified.""]"
1.0,90279dcba785e533f588dc99,1,2026-02-23T18:00:00Z,turbine_1,2026-02-24T06:00:00Z,12,0.3822852149699845,normalized_power,gfs_0p25,2026-02-23T12:00:00Z,wind-power-v1,2026-01-31T18:00:00Z,warning,"[""Uncertainty intervals are not calibrated"", ""Unconfirmed: all source labels use fixed UTC+5 and mark the start of a ten-minute mean; reporting delay is zero and normalization remains unresolved."", ""Source-clock and target normalization semantics remain unconfirmed."", ""Weather availability uses archive-object metadata, not original NOAA publication proof."", ""Forecast target is normalized power; no conversion to MW/MWh is justified.""]"
1.0,90279dcba785e533f588dc99,1,2026-02-23T18:00:00Z,turbine_1,2026-02-24T07:00:00Z,13,0.22853829684793417,normalized_power,gfs_0p25,2026-02-23T12:00:00Z,wind-power-v1,2026-01-31T18:00:00Z,warning,"[""Uncertainty intervals are not calibrated"", ""Unconfirmed: all source labels use fixed UTC+5 and mark the start of a ten-minute mean; reporting delay is zero and normalization remains unresolved."", ""Source-clock and target normalization semantics remain unconfirmed."", ""Weather availability uses archive-object metadata, not original NOAA publication proof."", ""Forecast target is normalized power; no conversion to MW/MWh is justified.""]"
1.0,90279dcba785e533f588dc99,1,2026-02-23T18:00:00Z,turbine_1,2026-02-24T08:00:00Z,14,0.3055050214835809,normalized_power,gfs_0p25,2026-02-23T12:00:00Z,wind-power-v1,2026-01-31T18:00:00Z,warning,"[""Uncertainty intervals are not calibrated"", ""Unconfirmed: all source labels use fixed UTC+5 and mark the start of a ten-minute mean; reporting delay is zero and normalization remains unresolved."", ""Source-clock and target normalization semantics remain unconfirmed."", ""Weather availability uses archive-object metadata, not original NOAA publication proof."", ""Forecast target is normalized power; no conversion to MW/MWh is justified.""]"
1.0,90279dcba785e533f588dc99,1,2026-02-23T18:00:00Z,turbine_1,2026-02-24T09:00:00Z,15,0.31136327728890983,normalized_power,gfs_0p25,2026-02-23T12:00:00Z,wind-power-v1,2026-01-31T18:00:00Z,warning,"[""Uncertainty intervals are not calibrated"", ""Unconfirmed: all source labels use fixed UTC+5 and mark the start of a ten-minute mean; reporting delay is zero and normalization remains unresolved."", ""Source-clock and target normalization semantics remain unconfirmed."", ""Weather availability uses archive-object metadata, not original NOAA publication proof."", ""Forecast target is normalized power; no conversion to MW/MWh is justified.""]"
1.0,90279dcba785e533f588dc99,1,2026-02-23T18:00:00Z,turbine_1,2026-02-24T10:00:00Z,16,0.4365825968217874,normalized_power,gfs_0p25,2026-02-23T12:00:00Z,wind-power-v1,2026-01-31T18:00:00Z,warning,"[""Uncertainty intervals are not calibrated"", ""Unconfirmed: all source labels use fixed UTC+5 and mark the start of a ten-minute mean; reporting delay is zero and normalization remains unresolved."", ""Source-clock and target normalization semantics remain unconfirmed."", ""Weather availability uses archive-object metadata, not original NOAA publication proof."", ""Forecast target is normalized power; no conversion to MW/MWh is justified.""]"
1.0,90279dcba785e533f588dc99,1,2026-02-23T18:00:00Z,turbine_1,2026-02-24T11:00:00Z,17,0.30433744705585,normalized_power,gfs_0p25,2026-02-23T12:00:00Z,wind-power-v1,2026-01-31T18:00:00Z,warning,"[""Uncertainty intervals are not calibrated"", ""Unconfirmed: all source labels use fixed UTC+5 and mark the start of a ten-minute mean; reporting delay is zero and normalization remains unresolved."", ""Source-clock and target normalization semantics remain unconfirmed."", ""Weather availability uses archive-object metadata, not original NOAA publication proof."", ""Forecast target is normalized power; no conversion to MW/MWh is justified.""]"
1.0,90279dcba785e533f588dc99,1,2026-02-23T18:00:00Z,turbine_1,2026-02-24T12:00:00Z,18,0.3630232815795525,normalized_power,gfs_0p25,2026-02-23T12:00:00Z,wind-power-v1,2026-01-31T18:00:00Z,warning,"[""Uncertainty intervals are not calibrated"", ""Unconfirmed: all source labels use fixed UTC+5 and mark the start of a ten-minute mean; reporting delay is zero and normalization remains unresolved."", ""Source-clock and target normalization semantics remain unconfirmed."", ""Weather availability uses archive-object metadata, not original NOAA publication proof."", ""Forecast target is normalized power; no conversion to MW/MWh is justified.""]"
1.0,90279dcba785e533f588dc99,1,2026-02-23T18:00:00Z,turbine_1,2026-02-24T13:00:00Z,19,0.228797777430981,normalized_power,gfs_0p25,2026-02-23T12:00:00Z,wind-power-v1,2026-01-31T18:00:00Z,warning,"[""Uncertainty intervals are not calibrated"", ""Unconfirmed: all source labels use fixed UTC+5 and mark the start of a ten-minute mean; reporting delay is zero and normalization remains unresolved."", ""Source-clock and target normalization semantics remain unconfirmed."", ""Weather availability uses archive-object metadata, not original NOAA publication proof."", ""Forecast target is normalized power; no conversion to MW/MWh is justified.""]"
1.0,90279dcba785e533f588dc99,1,2026-02-23T18:00:00Z,turbine_1,2026-02-24T14:00:00Z,20,0.19954620547024074,normalized_power,gfs_0p25,2026-02-23T12:00:00Z,wind-power-v1,2026-01-31T18:00:00Z,warning,"[""Uncertainty intervals are not calibrated"", ""Unconfirmed: all source labels use fixed UTC+5 and mark the start of a ten-minute mean; reporting delay is zero and normalization remains unresolved."", ""Source-clock and target normalization semantics remain unconfirmed."", ""Weather availability uses archive-object metadata, not original NOAA publication proof."", ""Forecast target is normalized power; no conversion to MW/MWh is justified.""]"
1.0,90279dcba785e533f588dc99,1,2026-02-23T18:00:00Z,turbine_1,2026-02-24T15:00:00Z,21,0.1734190157322247,normalized_power,gfs_0p25,2026-02-23T12:00:00Z,wind-power-v1,2026-01-31T18:00:00Z,warning,"[""Uncertainty intervals are not calibrated"", ""Unconfirmed: all source labels use fixed UTC+5 and mark the start of a ten-minute mean; reporting delay is zero and normalization remains unresolved."", ""Source-clock and target normalization semantics remain unconfirmed."", ""Weather availability uses archive-object metadata, not original NOAA publication proof."", ""Forecast target is normalized power; no conversion to MW/MWh is justified.""]"
1.0,90279dcba785e533f588dc99,1,2026-02-23T18:00:00Z,turbine_1,2026-02-24T16:00:00Z,22,0.11701573366513295,normalized_power,gfs_0p25,2026-02-23T12:00:00Z,wind-power-v1,2026-01-31T18:00:00Z,warning,"[""Uncertainty intervals are not calibrated"", ""Unconfirmed: all source labels use fixed UTC+5 and mark the start of a ten-minute mean; reporting delay is zero and normalization remains unresolved."", ""Source-clock and target normalization semantics remain unconfirmed."", ""Weather availability uses archive-object metadata, not original NOAA publication proof."", ""Forecast target is normalized power; no conversion to MW/MWh is justified.""]"
1.0,90279dcba785e533f588dc99,1,2026-02-23T18:00:00Z,turbine_1,2026-02-24T17:00:00Z,23,0.10117269366903181,normalized_power,gfs_0p25,2026-02-23T12:00:00Z,wind-power-v1,2026-01-31T18:00:00Z,warning,"[""Uncertainty intervals are not calibrated"", ""Unconfirmed: all source labels use fixed UTC+5 and mark the start of a ten-minute mean; reporting delay is zero and normalization remains unresolved."", ""Source-clock and target normalization semantics remain unconfirmed."", ""Weather availability uses archive-object metadata, not original NOAA publication proof."", ""Forecast target is normalized power; no conversion to MW/MWh is justified.""]"
1.0,90279dcba785e533f588dc99,1,2026-02-23T18:00:00Z,turbine_1,2026-02-24T18:00:00Z,24,0.07566518312084433,normalized_power,gfs_0p25,2026-02-23T12:00:00Z,wind-power-v1,2026-01-31T18:00:00Z,warning,"[""Uncertainty intervals are not calibrated"", ""Unconfirmed: all source labels use fixed UTC+5 and mark the start of a ten-minute mean; reporting delay is zero and normalization remains unresolved."", ""Source-clock and target normalization semantics remain unconfirmed."", ""Weather availability uses archive-object metadata, not original NOAA publication proof."", ""Forecast target is normalized power; no conversion to MW/MWh is justified.""]"
1.0,d25c6532b8f3420aa234bd80,1,2026-02-24T18:00:00Z,turbine_1,2026-02-24T19:00:00Z,1,0.07179170314346311,normalized_power,gfs_0p25,2026-02-24T12:00:00Z,wind-power-v1,2026-01-31T18:00:00Z,warning,"[""Uncertainty intervals are not calibrated"", ""Unconfirmed: all source labels use fixed UTC+5 and mark the start of a ten-minute mean; reporting delay is zero and normalization remains unresolved."", ""Source-clock and target normalization semantics remain unconfirmed."", ""Weather availability uses archive-object metadata, not original NOAA publication proof."", ""Forecast target is normalized power; no conversion to MW/MWh is justified.""]"
1.0,d25c6532b8f3420aa234bd80,1,2026-02-24T18:00:00Z,turbine_1,2026-02-24T20:00:00Z,2,0.05764712682903131,normalized_power,gfs_0p25,2026-02-24T12:00:00Z,wind-power-v1,2026-01-31T18:00:00Z,warning,"[""Uncertainty intervals are not calibrated"", ""Unconfirmed: all source labels use fixed UTC+5 and mark the start of a ten-minute mean; reporting delay is zero and normalization remains unresolved."", ""Source-clock and target normalization semantics remain unconfirmed."", ""Weather availability uses archive-object metadata, not original NOAA publication proof."", ""Forecast target is normalized power; no conversion to MW/MWh is justified.""]"
1.0,d25c6532b8f3420aa234bd80,1,2026-02-24T18:00:00Z,turbine_1,2026-02-24T21:00:00Z,3,0.058715175730906656,normalized_power,gfs_0p25,2026-02-24T12:00:00Z,wind-power-v1,2026-01-31T18:00:00Z,warning,"[""Uncertainty intervals are not calibrated"", ""Unconfirmed: all source labels use fixed UTC+5 and mark the start of a ten-minute mean; reporting delay is zero and normalization remains unresolved."", ""Source-clock and target normalization semantics remain unconfirmed."", ""Weather availability uses archive-object metadata, not original NOAA publication proof."", ""Forecast target is normalized power; no conversion to MW/MWh is justified.""]"
1.0,d25c6532b8f3420aa234bd80,1,2026-02-24T18:00:00Z,turbine_1,2026-02-24T22:00:00Z,4,0.058715175730906656,normalized_power,gfs_0p25,2026-02-24T12:00:00Z,wind-power-v1,2026-01-31T18:00:00Z,warning,"[""Uncertainty intervals are not calibrated"", ""Unconfirmed: all source labels use fixed UTC+5 and mark the start of a ten-minute mean; reporting delay is zero and normalization remains unresolved."", ""Source-clock and target normalization semantics remain unconfirmed."", ""Weather availability uses archive-object metadata, not original NOAA publication proof."", ""Forecast target is normalized power; no conversion to MW/MWh is justified.""]"
1.0,d25c6532b8f3420aa234bd80,1,2026-02-24T18:00:00Z,turbine_1,2026-02-24T23:00:00Z,5,0.06765217626187534,normalized_power,gfs_0p25,2026-02-24T12:00:00Z,wind-power-v1,2026-01-31T18:00:00Z,warning,"[""Uncertainty intervals are not calibrated"", ""Unconfirmed: all source labels use fixed UTC+5 and mark the start of a ten-minute mean; reporting delay is zero and normalization remains unresolved."", ""Source-clock and target normalization semantics remain unconfirmed."", ""Weather availability uses archive-object metadata, not original NOAA publication proof."", ""Forecast target is normalized power; no conversion to MW/MWh is justified.""]"
1.0,d25c6532b8f3420aa234bd80,1,2026-02-24T18:00:00Z,turbine_1,2026-02-25T00:00:00Z,6,0.07282023229126897,normalized_power,gfs_0p25,2026-02-24T12:00:00Z,wind-power-v1,2026-01-31T18:00:00Z,warning,"[""Uncertainty intervals are not calibrated"", ""Unconfirmed: all source labels use fixed UTC+5 and mark the start of a ten-minute mean; reporting delay is zero and normalization remains unresolved."", ""Source-clock and target normalization semantics remain unconfirmed."", ""Weather availability uses archive-object metadata, not original NOAA publication proof."", ""Forecast target is normalized power; no conversion to MW/MWh is justified.""]"
1.0,d25c6532b8f3420aa234bd80,1,2026-02-24T18:00:00Z,turbine_1,2026-02-25T01:00:00Z,7,0.06992691428370616,normalized_power,gfs_0p25,2026-02-24T12:00:00Z,wind-power-v1,2026-01-31T18:00:00Z,warning,"[""Uncertainty intervals are not calibrated"", ""Unconfirmed: all source labels use fixed UTC+5 and mark the start of a ten-minute mean; reporting delay is zero and normalization remains unresolved."", ""Source-clock and target normalization semantics remain unconfirmed."", ""Weather availability uses archive-object metadata, not original NOAA publication proof."", ""Forecast target is normalized power; no conversion to MW/MWh is justified.""]"
1.0,d25c6532b8f3420aa234bd80,1,2026-02-24T18:00:00Z,turbine_1,2026-02-25T02:00:00Z,8,0.11016150830486758,normalized_power,gfs_0p25,2026-02-24T12:00:00Z,wind-power-v1,2026-01-31T18:00:00Z,warning,"[""Uncertainty intervals are not calibrated"", ""Unconfirmed: all source labels use fixed UTC+5 and mark the start of a ten-minute mean; reporting delay is zero and normalization remains unresolved."", ""Source-clock and target normalization semantics remain unconfirmed."", ""Weather availability uses archive-object metadata, not original NOAA publication proof."", ""Forecast target is normalized power; no conversion to MW/MWh is justified.""]"
1.0,d25c6532b8f3420aa234bd80,1,2026-02-24T18:00:00Z,turbine_1,2026-02-25T03:00:00Z,9,0.13408624160849747,normalized_power,gfs_0p25,2026-02-24T12:00:00Z,wind-power-v1,2026-01-31T18:00:00Z,warning,"[""Uncertainty intervals are not calibrated"", ""Unconfirmed: all source labels use fixed UTC+5 and mark the start of a ten-minute mean; reporting delay is zero and normalization remains unresolved."", ""Source-clock and target normalization semantics remain unconfirmed."", ""Weather availability uses archive-object metadata, not original NOAA publication proof."", ""Forecast target is normalized power; no conversion to MW/MWh is justified.""]"
1.0,d25c6532b8f3420aa234bd80,1,2026-02-24T18:00:00Z,turbine_1,2026-02-25T04:00:00Z,10,0.10049126020751482,normalized_power,gfs_0p25,2026-02-24T12:00:00Z,wind-power-v1,2026-01-31T18:00:00Z,warning,"[""Uncertainty intervals are not calibrated"", ""Unconfirmed: all source labels use fixed UTC+5 and mark the start of a ten-minute mean; reporting delay is zero and normalization remains unresolved."", ""Source-clock and target normalization semantics remain unconfirmed."", ""Weather availability uses archive-object metadata, not original NOAA publication proof."", ""Forecast target is normalized power; no conversion to MW/MWh is justified.""]"
1.0,d25c6532b8f3420aa234bd80,1,2026-02-24T18:00:00Z,turbine_1,2026-02-25T05:00:00Z,11,0.16976963376068263,normalized_power,gfs_0p25,2026-02-24T12:00:00Z,wind-power-v1,2026-01-31T18:00:00Z,warning,"[""Uncertainty intervals are not calibrated"", ""Unconfirmed: all source labels use fixed UTC+5 and mark the start of a ten-minute mean; reporting delay is zero and normalization remains unresolved."", ""Source-clock and target normalization semantics remain unconfirmed."", ""Weather availability uses archive-object metadata, not original NOAA publication proof."", ""Forecast target is normalized power; no conversion to MW/MWh is justified.""]"
1.0,d25c6532b8f3420aa234bd80,1,2026-02-24T18:00:00Z,turbine_1,2026-02-25T06:00:00Z,12,0.10250767326746894,normalized_power,gfs_0p25,2026-02-24T12:00:00Z,wind-power-v1,2026-01-31T18:00:00Z,warning,"[""Uncertainty intervals are not calibrated"", ""Unconfirmed: all source labels use fixed UTC+5 and mark the start of a ten-minute mean; reporting delay is zero and normalization remains unresolved."", ""Source-clock and target normalization semantics remain unconfirmed."", ""Weather availability uses archive-object metadata, not original NOAA publication proof."", ""Forecast target is normalized power; no conversion to MW/MWh is justified.""]"
1.0,d25c6532b8f3420aa234bd80,1,2026-02-24T18:00:00Z,turbine_1,2026-02-25T07:00:00Z,13,0.17174177041430475,normalized_power,gfs_0p25,2026-02-24T12:00:00Z,wind-power-v1,2026-01-31T18:00:00Z,warning,"[""Uncertainty intervals are not calibrated"", ""Unconfirmed: all source labels use fixed UTC+5 and mark the start of a ten-minute mean; reporting delay is zero and normalization remains unresolved."", ""Source-clock and target normalization semantics remain unconfirmed."", ""Weather availability uses archive-object metadata, not original NOAA publication proof."", ""Forecast target is normalized power; no conversion to MW/MWh is justified.""]"
1.0,d25c6532b8f3420aa234bd80,1,2026-02-24T18:00:00Z,turbine_1,2026-02-25T08:00:00Z,14,0.07975982101958025,normalized_power,gfs_0p25,2026-02-24T12:00:00Z,wind-power-v1,2026-01-31T18:00:00Z,warning,"[""Uncertainty intervals are not calibrated"", ""Unconfirmed: all source labels use fixed UTC+5 and mark the start of a ten-minute mean; reporting delay is zero and normalization remains unresolved."", ""Source-clock and target normalization semantics remain unconfirmed."", ""Weather availability uses archive-object metadata, not original NOAA publication proof."", ""Forecast target is normalized power; no conversion to MW/MWh is justified.""]"
1.0,d25c6532b8f3420aa234bd80,1,2026-02-24T18:00:00Z,turbine_1,2026-02-25T09:00:00Z,15,0.1707792384636778,normalized_power,gfs_0p25,2026-02-24T12:00:00Z,wind-power-v1,2026-01-31T18:00:00Z,warning,"[""Uncertainty intervals are not calibrated"", ""Unconfirmed: all source labels use fixed UTC+5 and mark the start of a ten-minute mean; reporting delay is zero and normalization remains unresolved."", ""Source-clock and target normalization semantics remain unconfirmed."", ""Weather availability uses archive-object metadata, not original NOAA publication proof."", ""Forecast target is normalized power; no conversion to MW/MWh is justified.""]"
1.0,d25c6532b8f3420aa234bd80,1,2026-02-24T18:00:00Z,turbine_1,2026-02-25T10:00:00Z,16,0.4300909204420158,normalized_power,gfs_0p25,2026-02-24T12:00:00Z,wind-power-v1,2026-01-31T18:00:00Z,warning,"[""Uncertainty intervals are not calibrated"", ""Unconfirmed: all source labels use fixed UTC+5 and mark the start of a ten-minute mean; reporting delay is zero and normalization remains unresolved."", ""Source-clock and target normalization semantics remain unconfirmed."", ""Weather availability uses archive-object metadata, not original NOAA publication proof."", ""Forecast target is normalized power; no conversion to MW/MWh is justified.""]"
1.0,d25c6532b8f3420aa234bd80,1,2026-02-24T18:00:00Z,turbine_1,2026-02-25T11:00:00Z,17,0.25581779904236096,normalized_power,gfs_0p25,2026-02-24T12:00:00Z,wind-power-v1,2026-01-31T18:00:00Z,warning,"[""Uncertainty intervals are not calibrated"", ""Unconfirmed: all source labels use fixed UTC+5 and mark the start of a ten-minute mean; reporting delay is zero and normalization remains unresolved."", ""Source-clock and target normalization semantics remain unconfirmed."", ""Weather availability uses archive-object metadata, not original NOAA publication proof."", ""Forecast target is normalized power; no conversion to MW/MWh is justified.""]"
1.0,d25c6532b8f3420aa234bd80,1,2026-02-24T18:00:00Z,turbine_1,2026-02-25T12:00:00Z,18,0.22167093227176796,normalized_power,gfs_0p25,2026-02-24T12:00:00Z,wind-power-v1,2026-01-31T18:00:00Z,warning,"[""Uncertainty intervals are not calibrated"", ""Unconfirmed: all source labels use fixed UTC+5 and mark the start of a ten-minute mean; reporting delay is zero and normalization remains unresolved."", ""Source-clock and target normalization semantics remain unconfirmed."", ""Weather availability uses archive-object metadata, not original NOAA publication proof."", ""Forecast target is normalized power; no conversion to MW/MWh is justified.""]"
1.0,d25c6532b8f3420aa234bd80,1,2026-02-24T18:00:00Z,turbine_1,2026-02-25T13:00:00Z,19,0.33755667096127,normalized_power,gfs_0p25,2026-02-24T12:00:00Z,wind-power-v1,2026-01-31T18:00:00Z,warning,"[""Uncertainty intervals are not calibrated"", ""Unconfirmed: all source labels use fixed UTC+5 and mark the start of a ten-minute mean; reporting delay is zero and normalization remains unresolved."", ""Source-clock and target normalization semantics remain unconfirmed."", ""Weather availability uses archive-object metadata, not original NOAA publication proof."", ""Forecast target is normalized power; no conversion to MW/MWh is justified.""]"
1.0,d25c6532b8f3420aa234bd80,1,2026-02-24T18:00:00Z,turbine_1,2026-02-25T14:00:00Z,20,0.3549981218026711,normalized_power,gfs_0p25,2026-02-24T12:00:00Z,wind-power-v1,2026-01-31T18:00:00Z,warning,"[""Uncertainty intervals are not calibrated"", ""Unconfirmed: all source labels use fixed UTC+5 and mark the start of a ten-minute mean; reporting delay is zero and normalization remains unresolved."", ""Source-clock and target normalization semantics remain unconfirmed."", ""Weather availability uses archive-object metadata, not original NOAA publication proof."", ""Forecast target is normalized power; no conversion to MW/MWh is justified.""]"
1.0,d25c6532b8f3420aa234bd80,1,2026-02-24T18:00:00Z,turbine_1,2026-02-25T15:00:00Z,21,0.3573506319142782,normalized_power,gfs_0p25,2026-02-24T12:00:00Z,wind-power-v1,2026-01-31T18:00:00Z,warning,"[""Uncertainty intervals are not calibrated"", ""Unconfirmed: all source labels use fixed UTC+5 and mark the start of a ten-minute mean; reporting delay is zero and normalization remains unresolved."", ""Source-clock and target normalization semantics remain unconfirmed."", ""Weather availability uses archive-object metadata, not original NOAA publication proof."", ""Forecast target is normalized power; no conversion to MW/MWh is justified.""]"
1.0,d25c6532b8f3420aa234bd80,1,2026-02-24T18:00:00Z,turbine_1,2026-02-25T16:00:00Z,22,0.33608227931576007,normalized_power,gfs_0p25,2026-02-24T12:00:00Z,wind-power-v1,2026-01-31T18:00:00Z,warning,"[""Uncertainty intervals are not calibrated"", ""Unconfirmed: all source labels use fixed UTC+5 and mark the start of a ten-minute mean; reporting delay is zero and normalization remains unresolved."", ""Source-clock and target normalization semantics remain unconfirmed."", ""Weather availability uses archive-object metadata, not original NOAA publication proof."", ""Forecast target is normalized power; no conversion to MW/MWh is justified.""]"
1.0,d25c6532b8f3420aa234bd80,1,2026-02-24T18:00:00Z,turbine_1,2026-02-25T17:00:00Z,23,0.5155707450126448,normalized_power,gfs_0p25,2026-02-24T12:00:00Z,wind-power-v1,2026-01-31T18:00:00Z,warning,"[""Uncertainty intervals are not calibrated"", ""Unconfirmed: all source labels use fixed UTC+5 and mark the start of a ten-minute mean; reporting delay is zero and normalization remains unresolved."", ""Source-clock and target normalization semantics remain unconfirmed."", ""Weather availability uses archive-object metadata, not original NOAA publication proof."", ""Forecast target is normalized power; no conversion to MW/MWh is justified.""]"
1.0,d25c6532b8f3420aa234bd80,1,2026-02-24T18:00:00Z,turbine_1,2026-02-25T18:00:00Z,24,0.5860434052110258,normalized_power,gfs_0p25,2026-02-24T12:00:00Z,wind-power-v1,2026-01-31T18:00:00Z,warning,"[""Uncertainty intervals are not calibrated"", ""Unconfirmed: all source labels use fixed UTC+5 and mark the start of a ten-minute mean; reporting delay is zero and normalization remains unresolved."", ""Source-clock and target normalization semantics remain unconfirmed."", ""Weather availability uses archive-object metadata, not original NOAA publication proof."", ""Forecast target is normalized power; no conversion to MW/MWh is justified.""]"
1.0,e00065e446754271332fbeb8,1,2026-02-25T18:00:00Z,turbine_1,2026-02-25T19:00:00Z,1,0.6058783566985916,normalized_power,gfs_0p25,2026-02-25T12:00:00Z,wind-power-v1,2026-01-31T18:00:00Z,warning,"[""Uncertainty intervals are not calibrated"", ""Unconfirmed: all source labels use fixed UTC+5 and mark the start of a ten-minute mean; reporting delay is zero and normalization remains unresolved."", ""Source-clock and target normalization semantics remain unconfirmed."", ""Weather availability uses archive-object metadata, not original NOAA publication proof."", ""Forecast target is normalized power; no conversion to MW/MWh is justified.""]"
1.0,e00065e446754271332fbeb8,1,2026-02-25T18:00:00Z,turbine_1,2026-02-25T20:00:00Z,2,0.7622173419481777,normalized_power,gfs_0p25,2026-02-25T12:00:00Z,wind-power-v1,2026-01-31T18:00:00Z,warning,"[""Uncertainty intervals are not calibrated"", ""Unconfirmed: all source labels use fixed UTC+5 and mark the start of a ten-minute mean; reporting delay is zero and normalization remains unresolved."", ""Source-clock and target normalization semantics remain unconfirmed."", ""Weather availability uses archive-object metadata, not original NOAA publication proof."", ""Forecast target is normalized power; no conversion to MW/MWh is justified.""]"
1.0,e00065e446754271332fbeb8,1,2026-02-25T18:00:00Z,turbine_1,2026-02-25T21:00:00Z,3,0.5787394802763011,normalized_power,gfs_0p25,2026-02-25T12:00:00Z,wind-power-v1,2026-01-31T18:00:00Z,warning,"[""Uncertainty intervals are not calibrated"", ""Unconfirmed: all source labels use fixed UTC+5 and mark the start of a ten-minute mean; reporting delay is zero and normalization remains unresolved."", ""Source-clock and target normalization semantics remain unconfirmed."", ""Weather availability uses archive-object metadata, not original NOAA publication proof."", ""Forecast target is normalized power; no conversion to MW/MWh is justified.""]"
1.0,e00065e446754271332fbeb8,1,2026-02-25T18:00:00Z,turbine_1,2026-02-25T22:00:00Z,4,0.8025916283679633,normalized_power,gfs_0p25,2026-02-25T12:00:00Z,wind-power-v1,2026-01-31T18:00:00Z,warning,"[""Uncertainty intervals are not calibrated"", ""Unconfirmed: all source labels use fixed UTC+5 and mark the start of a ten-minute mean; reporting delay is zero and normalization remains unresolved."", ""Source-clock and target normalization semantics remain unconfirmed."", ""Weather availability uses archive-object metadata, not original NOAA publication proof."", ""Forecast target is normalized power; no conversion to MW/MWh is justified.""]"
1.0,e00065e446754271332fbeb8,1,2026-02-25T18:00:00Z,turbine_1,2026-02-25T23:00:00Z,5,0.636333195083606,normalized_power,gfs_0p25,2026-02-25T12:00:00Z,wind-power-v1,2026-01-31T18:00:00Z,warning,"[""Uncertainty intervals are not calibrated"", ""Unconfirmed: all source labels use fixed UTC+5 and mark the start of a ten-minute mean; reporting delay is zero and normalization remains unresolved."", ""Source-clock and target normalization semantics remain unconfirmed."", ""Weather availability uses archive-object metadata, not original NOAA publication proof."", ""Forecast target is normalized power; no conversion to MW/MWh is justified.""]"
1.0,e00065e446754271332fbeb8,1,2026-02-25T18:00:00Z,turbine_1,2026-02-26T00:00:00Z,6,0.4677737355538841,normalized_power,gfs_0p25,2026-02-25T12:00:00Z,wind-power-v1,2026-01-31T18:00:00Z,warning,"[""Uncertainty intervals are not calibrated"", ""Unconfirmed: all source labels use fixed UTC+5 and mark the start of a ten-minute mean; reporting delay is zero and normalization remains unresolved."", ""Source-clock and target normalization semantics remain unconfirmed."", ""Weather availability uses archive-object metadata, not original NOAA publication proof."", ""Forecast target is normalized power; no conversion to MW/MWh is justified.""]"
1.0,e00065e446754271332fbeb8,1,2026-02-25T18:00:00Z,turbine_1,2026-02-26T01:00:00Z,7,0.512551783041995,normalized_power,gfs_0p25,2026-02-25T12:00:00Z,wind-power-v1,2026-01-31T18:00:00Z,warning,"[""Uncertainty intervals are not calibrated"", ""Unconfirmed: all source labels use fixed UTC+5 and mark the start of a ten-minute mean; reporting delay is zero and normalization remains unresolved."", ""Source-clock and target normalization semantics remain unconfirmed."", ""Weather availability uses archive-object metadata, not original NOAA publication proof."", ""Forecast target is normalized power; no conversion to MW/MWh is justified.""]"
1.0,e00065e446754271332fbeb8,1,2026-02-25T18:00:00Z,turbine_1,2026-02-26T02:00:00Z,8,0.2650410851027525,normalized_power,gfs_0p25,2026-02-25T12:00:00Z,wind-power-v1,2026-01-31T18:00:00Z,warning,"[""Uncertainty intervals are not calibrated"", ""Unconfirmed: all source labels use fixed UTC+5 and mark the start of a ten-minute mean; reporting delay is zero and normalization remains unresolved."", ""Source-clock and target normalization semantics remain unconfirmed."", ""Weather availability uses archive-object metadata, not original NOAA publication proof."", ""Forecast target is normalized power; no conversion to MW/MWh is justified.""]"
1.0,e00065e446754271332fbeb8,1,2026-02-25T18:00:00Z,turbine_1,2026-02-26T03:00:00Z,9,0.24996419608381432,normalized_power,gfs_0p25,2026-02-25T12:00:00Z,wind-power-v1,2026-01-31T18:00:00Z,warning,"[""Uncertainty intervals are not calibrated"", ""Unconfirmed: all source labels use fixed UTC+5 and mark the start of a ten-minute mean; reporting delay is zero and normalization remains unresolved."", ""Source-clock and target normalization semantics remain unconfirmed."", ""Weather availability uses archive-object metadata, not original NOAA publication proof."", ""Forecast target is normalized power; no conversion to MW/MWh is justified.""]"
1.0,e00065e446754271332fbeb8,1,2026-02-25T18:00:00Z,turbine_1,2026-02-26T04:00:00Z,10,0.32140862501350115,normalized_power,gfs_0p25,2026-02-25T12:00:00Z,wind-power-v1,2026-01-31T18:00:00Z,warning,"[""Uncertainty intervals are not calibrated"", ""Unconfirmed: all source labels use fixed UTC+5 and mark the start of a ten-minute mean; reporting delay is zero and normalization remains unresolved."", ""Source-clock and target normalization semantics remain unconfirmed."", ""Weather availability uses archive-object metadata, not original NOAA publication proof."", ""Forecast target is normalized power; no conversion to MW/MWh is justified.""]"
1.0,e00065e446754271332fbeb8,1,2026-02-25T18:00:00Z,turbine_1,2026-02-26T05:00:00Z,11,0.06118128594330059,normalized_power,gfs_0p25,2026-02-25T12:00:00Z,wind-power-v1,2026-01-31T18:00:00Z,warning,"[""Uncertainty intervals are not calibrated"", ""Unconfirmed: all source labels use fixed UTC+5 and mark the start of a ten-minute mean; reporting delay is zero and normalization remains unresolved."", ""Source-clock and target normalization semantics remain unconfirmed."", ""Weather availability uses archive-object metadata, not original NOAA publication proof."", ""Forecast target is normalized power; no conversion to MW/MWh is justified.""]"
1.0,e00065e446754271332fbeb8,1,2026-02-25T18:00:00Z,turbine_1,2026-02-26T06:00:00Z,12,0.3142562805221921,normalized_power,gfs_0p25,2026-02-25T12:00:00Z,wind-power-v1,2026-01-31T18:00:00Z,warning,"[""Uncertainty intervals are not calibrated"", ""Unconfirmed: all source labels use fixed UTC+5 and mark the start of a ten-minute mean; reporting delay is zero and normalization remains unresolved."", ""Source-clock and target normalization semantics remain unconfirmed."", ""Weather availability uses archive-object metadata, not original NOAA publication proof."", ""Forecast target is normalized power; no conversion to MW/MWh is justified.""]"
1.0,e00065e446754271332fbeb8,1,2026-02-25T18:00:00Z,turbine_1,2026-02-26T07:00:00Z,13,0.2856828019841709,normalized_power,gfs_0p25,2026-02-25T12:00:00Z,wind-power-v1,2026-01-31T18:00:00Z,warning,"[""Uncertainty intervals are not calibrated"", ""Unconfirmed: all source labels use fixed UTC+5 and mark the start of a ten-minute mean; reporting delay is zero and normalization remains unresolved."", ""Source-clock and target normalization semantics remain unconfirmed."", ""Weather availability uses archive-object metadata, not original NOAA publication proof."", ""Forecast target is normalized power; no conversion to MW/MWh is justified.""]"
1.0,e00065e446754271332fbeb8,1,2026-02-25T18:00:00Z,turbine_1,2026-02-26T08:00:00Z,14,0.5668580115684329,normalized_power,gfs_0p25,2026-02-25T12:00:00Z,wind-power-v1,2026-01-31T18:00:00Z,warning,"[""Uncertainty intervals are not calibrated"", ""Unconfirmed: all source labels use fixed UTC+5 and mark the start of a ten-minute mean; reporting delay is zero and normalization remains unresolved."", ""Source-clock and target normalization semantics remain unconfirmed."", ""Weather availability uses archive-object metadata, not original NOAA publication proof."", ""Forecast target is normalized power; no conversion to MW/MWh is justified.""]"
1.0,e00065e446754271332fbeb8,1,2026-02-25T18:00:00Z,turbine_1,2026-02-26T09:00:00Z,15,0.3008895276152076,normalized_power,gfs_0p25,2026-02-25T12:00:00Z,wind-power-v1,2026-01-31T18:00:00Z,warning,"[""Uncertainty intervals are not calibrated"", ""Unconfirmed: all source labels use fixed UTC+5 and mark the start of a ten-minute mean; reporting delay is zero and normalization remains unresolved."", ""Source-clock and target normalization semantics remain unconfirmed."", ""Weather availability uses archive-object metadata, not original NOAA publication proof."", ""Forecast target is normalized power; no conversion to MW/MWh is justified.""]"
1.0,e00065e446754271332fbeb8,1,2026-02-25T18:00:00Z,turbine_1,2026-02-26T10:00:00Z,16,0.304026441267222,normalized_power,gfs_0p25,2026-02-25T12:00:00Z,wind-power-v1,2026-01-31T18:00:00Z,warning,"[""Uncertainty intervals are not calibrated"", ""Unconfirmed: all source labels use fixed UTC+5 and mark the start of a ten-minute mean; reporting delay is zero and normalization remains unresolved."", ""Source-clock and target normalization semantics remain unconfirmed."", ""Weather availability uses archive-object metadata, not original NOAA publication proof."", ""Forecast target is normalized power; no conversion to MW/MWh is justified.""]"
1.0,e00065e446754271332fbeb8,1,2026-02-25T18:00:00Z,turbine_1,2026-02-26T11:00:00Z,17,0.3396786054775978,normalized_power,gfs_0p25,2026-02-25T12:00:00Z,wind-power-v1,2026-01-31T18:00:00Z,warning,"[""Uncertainty intervals are not calibrated"", ""Unconfirmed: all source labels use fixed UTC+5 and mark the start of a ten-minute mean; reporting delay is zero and normalization remains unresolved."", ""Source-clock and target normalization semantics remain unconfirmed."", ""Weather availability uses archive-object metadata, not original NOAA publication proof."", ""Forecast target is normalized power; no conversion to MW/MWh is justified.""]"
1.0,e00065e446754271332fbeb8,1,2026-02-25T18:00:00Z,turbine_1,2026-02-26T12:00:00Z,18,0.2973097546241752,normalized_power,gfs_0p25,2026-02-25T12:00:00Z,wind-power-v1,2026-01-31T18:00:00Z,warning,"[""Uncertainty intervals are not calibrated"", ""Unconfirmed: all source labels use fixed UTC+5 and mark the start of a ten-minute mean; reporting delay is zero and normalization remains unresolved."", ""Source-clock and target normalization semantics remain unconfirmed."", ""Weather availability uses archive-object metadata, not original NOAA publication proof."", ""Forecast target is normalized power; no conversion to MW/MWh is justified.""]"
1.0,e00065e446754271332fbeb8,1,2026-02-25T18:00:00Z,turbine_1,2026-02-26T13:00:00Z,19,0.45277564419640354,normalized_power,gfs_0p25,2026-02-25T12:00:00Z,wind-power-v1,2026-01-31T18:00:00Z,warning,"[""Uncertainty intervals are not calibrated"", ""Unconfirmed: all source labels use fixed UTC+5 and mark the start of a ten-minute mean; reporting delay is zero and normalization remains unresolved."", ""Source-clock and target normalization semantics remain unconfirmed."", ""Weather availability uses archive-object metadata, not original NOAA publication proof."", ""Forecast target is normalized power; no conversion to MW/MWh is justified.""]"
1.0,e00065e446754271332fbeb8,1,2026-02-25T18:00:00Z,turbine_1,2026-02-26T14:00:00Z,20,0.33991931423198884,normalized_power,gfs_0p25,2026-02-25T12:00:00Z,wind-power-v1,2026-01-31T18:00:00Z,warning,"[""Uncertainty intervals are not calibrated"", ""Unconfirmed: all source labels use fixed UTC+5 and mark the start of a ten-minute mean; reporting delay is zero and normalization remains unresolved."", ""Source-clock and target normalization semantics remain unconfirmed."", ""Weather availability uses archive-object metadata, not original NOAA publication proof."", ""Forecast target is normalized power; no conversion to MW/MWh is justified.""]"
1.0,e00065e446754271332fbeb8,1,2026-02-25T18:00:00Z,turbine_1,2026-02-26T15:00:00Z,21,0.296092569854633,normalized_power,gfs_0p25,2026-02-25T12:00:00Z,wind-power-v1,2026-01-31T18:00:00Z,warning,"[""Uncertainty intervals are not calibrated"", ""Unconfirmed: all source labels use fixed UTC+5 and mark the start of a ten-minute mean; reporting delay is zero and normalization remains unresolved."", ""Source-clock and target normalization semantics remain unconfirmed."", ""Weather availability uses archive-object metadata, not original NOAA publication proof."", ""Forecast target is normalized power; no conversion to MW/MWh is justified.""]"
1.0,e00065e446754271332fbeb8,1,2026-02-25T18:00:00Z,turbine_1,2026-02-26T16:00:00Z,22,0.7294367015859512,normalized_power,gfs_0p25,2026-02-25T12:00:00Z,wind-power-v1,2026-01-31T18:00:00Z,warning,"[""Uncertainty intervals are not calibrated"", ""Unconfirmed: all source labels use fixed UTC+5 and mark the start of a ten-minute mean; reporting delay is zero and normalization remains unresolved."", ""Source-clock and target normalization semantics remain unconfirmed."", ""Weather availability uses archive-object metadata, not original NOAA publication proof."", ""Forecast target is normalized power; no conversion to MW/MWh is justified.""]"
1.0,e00065e446754271332fbeb8,1,2026-02-25T18:00:00Z,turbine_1,2026-02-26T17:00:00Z,23,0.6339427111648303,normalized_power,gfs_0p25,2026-02-25T12:00:00Z,wind-power-v1,2026-01-31T18:00:00Z,warning,"[""Uncertainty intervals are not calibrated"", ""Unconfirmed: all source labels use fixed UTC+5 and mark the start of a ten-minute mean; reporting delay is zero and normalization remains unresolved."", ""Source-clock and target normalization semantics remain unconfirmed."", ""Weather availability uses archive-object metadata, not original NOAA publication proof."", ""Forecast target is normalized power; no conversion to MW/MWh is justified.""]"
1.0,e00065e446754271332fbeb8,1,2026-02-25T18:00:00Z,turbine_1,2026-02-26T18:00:00Z,24,0.6272892905201902,normalized_power,gfs_0p25,2026-02-25T12:00:00Z,wind-power-v1,2026-01-31T18:00:00Z,warning,"[""Uncertainty intervals are not calibrated"", ""Unconfirmed: all source labels use fixed UTC+5 and mark the start of a ten-minute mean; reporting delay is zero and normalization remains unresolved."", ""Source-clock and target normalization semantics remain unconfirmed."", ""Weather availability uses archive-object metadata, not original NOAA publication proof."", ""Forecast target is normalized power; no conversion to MW/MWh is justified.""]"
1.0,e13728d3538b82a523989f63,1,2026-02-26T18:00:00Z,turbine_1,2026-02-26T19:00:00Z,1,0.6000156742139703,normalized_power,gfs_0p25,2026-02-26T12:00:00Z,wind-power-v1,2026-01-31T18:00:00Z,warning,"[""Uncertainty intervals are not calibrated"", ""Unconfirmed: all source labels use fixed UTC+5 and mark the start of a ten-minute mean; reporting delay is zero and normalization remains unresolved."", ""Source-clock and target normalization semantics remain unconfirmed."", ""Weather availability uses archive-object metadata, not original NOAA publication proof."", ""Forecast target is normalized power; no conversion to MW/MWh is justified.""]"
1.0,e13728d3538b82a523989f63,1,2026-02-26T18:00:00Z,turbine_1,2026-02-26T20:00:00Z,2,0.4656137423705486,normalized_power,gfs_0p25,2026-02-26T12:00:00Z,wind-power-v1,2026-01-31T18:00:00Z,warning,"[""Uncertainty intervals are not calibrated"", ""Unconfirmed: all source labels use fixed UTC+5 and mark the start of a ten-minute mean; reporting delay is zero and normalization remains unresolved."", ""Source-clock and target normalization semantics remain unconfirmed."", ""Weather availability uses archive-object metadata, not original NOAA publication proof."", ""Forecast target is normalized power; no conversion to MW/MWh is justified.""]"
1.0,e13728d3538b82a523989f63,1,2026-02-26T18:00:00Z,turbine_1,2026-02-26T21:00:00Z,3,0.3862056149479203,normalized_power,gfs_0p25,2026-02-26T12:00:00Z,wind-power-v1,2026-01-31T18:00:00Z,warning,"[""Uncertainty intervals are not calibrated"", ""Unconfirmed: all source labels use fixed UTC+5 and mark the start of a ten-minute mean; reporting delay is zero and normalization remains unresolved."", ""Source-clock and target normalization semantics remain unconfirmed."", ""Weather availability uses archive-object metadata, not original NOAA publication proof."", ""Forecast target is normalized power; no conversion to MW/MWh is justified.""]"
1.0,e13728d3538b82a523989f63,1,2026-02-26T18:00:00Z,turbine_1,2026-02-26T22:00:00Z,4,0.3327541497492351,normalized_power,gfs_0p25,2026-02-26T12:00:00Z,wind-power-v1,2026-01-31T18:00:00Z,warning,"[""Uncertainty intervals are not calibrated"", ""Unconfirmed: all source labels use fixed UTC+5 and mark the start of a ten-minute mean; reporting delay is zero and normalization remains unresolved."", ""Source-clock and target normalization semantics remain unconfirmed."", ""Weather availability uses archive-object metadata, not original NOAA publication proof."", ""Forecast target is normalized power; no conversion to MW/MWh is justified.""]"
1.0,e13728d3538b82a523989f63,1,2026-02-26T18:00:00Z,turbine_1,2026-02-26T23:00:00Z,5,0.3106430439408263,normalized_power,gfs_0p25,2026-02-26T12:00:00Z,wind-power-v1,2026-01-31T18:00:00Z,warning,"[""Uncertainty intervals are not calibrated"", ""Unconfirmed: all source labels use fixed UTC+5 and mark the start of a ten-minute mean; reporting delay is zero and normalization remains unresolved."", ""Source-clock and target normalization semantics remain unconfirmed."", ""Weather availability uses archive-object metadata, not original NOAA publication proof."", ""Forecast target is normalized power; no conversion to MW/MWh is justified.""]"
1.0,e13728d3538b82a523989f63,1,2026-02-26T18:00:00Z,turbine_1,2026-02-27T00:00:00Z,6,0.20249349726692786,normalized_power,gfs_0p25,2026-02-26T12:00:00Z,wind-power-v1,2026-01-31T18:00:00Z,warning,"[""Uncertainty intervals are not calibrated"", ""Unconfirmed: all source labels use fixed UTC+5 and mark the start of a ten-minute mean; reporting delay is zero and normalization remains unresolved."", ""Source-clock and target normalization semantics remain unconfirmed."", ""Weather availability uses archive-object metadata, not original NOAA publication proof."", ""Forecast target is normalized power; no conversion to MW/MWh is justified.""]"
1.0,e13728d3538b82a523989f63,1,2026-02-26T18:00:00Z,turbine_1,2026-02-27T01:00:00Z,7,0.24515291231508127,normalized_power,gfs_0p25,2026-02-26T12:00:00Z,wind-power-v1,2026-01-31T18:00:00Z,warning,"[""Uncertainty intervals are not calibrated"", ""Unconfirmed: all source labels use fixed UTC+5 and mark the start of a ten-minute mean; reporting delay is zero and normalization remains unresolved."", ""Source-clock and target normalization semantics remain unconfirmed."", ""Weather availability uses archive-object metadata, not original NOAA publication proof."", ""Forecast target is normalized power; no conversion to MW/MWh is justified.""]"
1.0,e13728d3538b82a523989f63,1,2026-02-26T18:00:00Z,turbine_1,2026-02-27T02:00:00Z,8,0.14240795972383255,normalized_power,gfs_0p25,2026-02-26T12:00:00Z,wind-power-v1,2026-01-31T18:00:00Z,warning,"[""Uncertainty intervals are not calibrated"", ""Unconfirmed: all source labels use fixed UTC+5 and mark the start of a ten-minute mean; reporting delay is zero and normalization remains unresolved."", ""Source-clock and target normalization semantics remain unconfirmed."", ""Weather availability uses archive-object metadata, not original NOAA publication proof."", ""Forecast target is normalized power; no conversion to MW/MWh is justified.""]"
1.0,e13728d3538b82a523989f63,1,2026-02-26T18:00:00Z,turbine_1,2026-02-27T03:00:00Z,9,0.10890555170993149,normalized_power,gfs_0p25,2026-02-26T12:00:00Z,wind-power-v1,2026-01-31T18:00:00Z,warning,"[""Uncertainty intervals are not calibrated"", ""Unconfirmed: all source labels use fixed UTC+5 and mark the start of a ten-minute mean; reporting delay is zero and normalization remains unresolved."", ""Source-clock and target normalization semantics remain unconfirmed."", ""Weather availability uses archive-object metadata, not original NOAA publication proof."", ""Forecast target is normalized power; no conversion to MW/MWh is justified.""]"
1.0,e13728d3538b82a523989f63,1,2026-02-26T18:00:00Z,turbine_1,2026-02-27T04:00:00Z,10,0.14871664837163842,normalized_power,gfs_0p25,2026-02-26T12:00:00Z,wind-power-v1,2026-01-31T18:00:00Z,warning,"[""Uncertainty intervals are not calibrated"", ""Unconfirmed: all source labels use fixed UTC+5 and mark the start of a ten-minute mean; reporting delay is zero and normalization remains unresolved."", ""Source-clock and target normalization semantics remain unconfirmed."", ""Weather availability uses archive-object metadata, not original NOAA publication proof."", ""Forecast target is normalized power; no conversion to MW/MWh is justified.""]"
1.0,e13728d3538b82a523989f63,1,2026-02-26T18:00:00Z,turbine_1,2026-02-27T05:00:00Z,11,0.3167185106776428,normalized_power,gfs_0p25,2026-02-26T12:00:00Z,wind-power-v1,2026-01-31T18:00:00Z,warning,"[""Uncertainty intervals are not calibrated"", ""Unconfirmed: all source labels use fixed UTC+5 and mark the start of a ten-minute mean; reporting delay is zero and normalization remains unresolved."", ""Source-clock and target normalization semantics remain unconfirmed."", ""Weather availability uses archive-object metadata, not original NOAA publication proof."", ""Forecast target is normalized power; no conversion to MW/MWh is justified.""]"
1.0,e13728d3538b82a523989f63,1,2026-02-26T18:00:00Z,turbine_1,2026-02-27T06:00:00Z,12,0.27855822965184845,normalized_power,gfs_0p25,2026-02-26T12:00:00Z,wind-power-v1,2026-01-31T18:00:00Z,warning,"[""Uncertainty intervals are not calibrated"", ""Unconfirmed: all source labels use fixed UTC+5 and mark the start of a ten-minute mean; reporting delay is zero and normalization remains unresolved."", ""Source-clock and target normalization semantics remain unconfirmed."", ""Weather availability uses archive-object metadata, not original NOAA publication proof."", ""Forecast target is normalized power; no conversion to MW/MWh is justified.""]"
1.0,e13728d3538b82a523989f63,1,2026-02-26T18:00:00Z,turbine_1,2026-02-27T07:00:00Z,13,0.4661657352028684,normalized_power,gfs_0p25,2026-02-26T12:00:00Z,wind-power-v1,2026-01-31T18:00:00Z,warning,"[""Uncertainty intervals are not calibrated"", ""Unconfirmed: all source labels use fixed UTC+5 and mark the start of a ten-minute mean; reporting delay is zero and normalization remains unresolved."", ""Source-clock and target normalization semantics remain unconfirmed."", ""Weather availability uses archive-object metadata, not original NOAA publication proof."", ""Forecast target is normalized power; no conversion to MW/MWh is justified.""]"
1.0,e13728d3538b82a523989f63,1,2026-02-26T18:00:00Z,turbine_1,2026-02-27T08:00:00Z,14,0.5175909495442317,normalized_power,gfs_0p25,2026-02-26T12:00:00Z,wind-power-v1,2026-01-31T18:00:00Z,warning,"[""Uncertainty intervals are not calibrated"", ""Unconfirmed: all source labels use fixed UTC+5 and mark the start of a ten-minute mean; reporting delay is zero and normalization remains unresolved."", ""Source-clock and target normalization semantics remain unconfirmed."", ""Weather availability uses archive-object metadata, not original NOAA publication proof."", ""Forecast target is normalized power; no conversion to MW/MWh is justified.""]"
1.0,e13728d3538b82a523989f63,1,2026-02-26T18:00:00Z,turbine_1,2026-02-27T09:00:00Z,15,0.47242496020406205,normalized_power,gfs_0p25,2026-02-26T12:00:00Z,wind-power-v1,2026-01-31T18:00:00Z,warning,"[""Uncertainty intervals are not calibrated"", ""Unconfirmed: all source labels use fixed UTC+5 and mark the start of a ten-minute mean; reporting delay is zero and normalization remains unresolved."", ""Source-clock and target normalization semantics remain unconfirmed."", ""Weather availability uses archive-object metadata, not original NOAA publication proof."", ""Forecast target is normalized power; no conversion to MW/MWh is justified.""]"
1.0,e13728d3538b82a523989f63,1,2026-02-26T18:00:00Z,turbine_1,2026-02-27T10:00:00Z,16,0.578901348332897,normalized_power,gfs_0p25,2026-02-26T12:00:00Z,wind-power-v1,2026-01-31T18:00:00Z,warning,"[""Uncertainty intervals are not calibrated"", ""Unconfirmed: all source labels use fixed UTC+5 and mark the start of a ten-minute mean; reporting delay is zero and normalization remains unresolved."", ""Source-clock and target normalization semantics remain unconfirmed."", ""Weather availability uses archive-object metadata, not original NOAA publication proof."", ""Forecast target is normalized power; no conversion to MW/MWh is justified.""]"
1.0,e13728d3538b82a523989f63,1,2026-02-26T18:00:00Z,turbine_1,2026-02-27T11:00:00Z,17,0.7480084337717169,normalized_power,gfs_0p25,2026-02-26T12:00:00Z,wind-power-v1,2026-01-31T18:00:00Z,warning,"[""Uncertainty intervals are not calibrated"", ""Unconfirmed: all source labels use fixed UTC+5 and mark the start of a ten-minute mean; reporting delay is zero and normalization remains unresolved."", ""Source-clock and target normalization semantics remain unconfirmed."", ""Weather availability uses archive-object metadata, not original NOAA publication proof."", ""Forecast target is normalized power; no conversion to MW/MWh is justified.""]"
1.0,e13728d3538b82a523989f63,1,2026-02-26T18:00:00Z,turbine_1,2026-02-27T12:00:00Z,18,0.7830827571827619,normalized_power,gfs_0p25,2026-02-26T12:00:00Z,wind-power-v1,2026-01-31T18:00:00Z,warning,"[""Uncertainty intervals are not calibrated"", ""Unconfirmed: all source labels use fixed UTC+5 and mark the start of a ten-minute mean; reporting delay is zero and normalization remains unresolved."", ""Source-clock and target normalization semantics remain unconfirmed."", ""Weather availability uses archive-object metadata, not original NOAA publication proof."", ""Forecast target is normalized power; no conversion to MW/MWh is justified.""]"
1.0,e13728d3538b82a523989f63,1,2026-02-26T18:00:00Z,turbine_1,2026-02-27T13:00:00Z,19,0.714173193720287,normalized_power,gfs_0p25,2026-02-26T12:00:00Z,wind-power-v1,2026-01-31T18:00:00Z,warning,"[""Uncertainty intervals are not calibrated"", ""Unconfirmed: all source labels use fixed UTC+5 and mark the start of a ten-minute mean; reporting delay is zero and normalization remains unresolved."", ""Source-clock and target normalization semantics remain unconfirmed."", ""Weather availability uses archive-object metadata, not original NOAA publication proof."", ""Forecast target is normalized power; no conversion to MW/MWh is justified.""]"
1.0,e13728d3538b82a523989f63,1,2026-02-26T18:00:00Z,turbine_1,2026-02-27T14:00:00Z,20,0.7014682589306335,normalized_power,gfs_0p25,2026-02-26T12:00:00Z,wind-power-v1,2026-01-31T18:00:00Z,warning,"[""Uncertainty intervals are not calibrated"", ""Unconfirmed: all source labels use fixed UTC+5 and mark the start of a ten-minute mean; reporting delay is zero and normalization remains unresolved."", ""Source-clock and target normalization semantics remain unconfirmed."", ""Weather availability uses archive-object metadata, not original NOAA publication proof."", ""Forecast target is normalized power; no conversion to MW/MWh is justified.""]"
1.0,e13728d3538b82a523989f63,1,2026-02-26T18:00:00Z,turbine_1,2026-02-27T15:00:00Z,21,0.7021350711487404,normalized_power,gfs_0p25,2026-02-26T12:00:00Z,wind-power-v1,2026-01-31T18:00:00Z,warning,"[""Uncertainty intervals are not calibrated"", ""Unconfirmed: all source labels use fixed UTC+5 and mark the start of a ten-minute mean; reporting delay is zero and normalization remains unresolved."", ""Source-clock and target normalization semantics remain unconfirmed."", ""Weather availability uses archive-object metadata, not original NOAA publication proof."", ""Forecast target is normalized power; no conversion to MW/MWh is justified.""]"
1.0,e13728d3538b82a523989f63,1,2026-02-26T18:00:00Z,turbine_1,2026-02-27T16:00:00Z,22,0.766099977914508,normalized_power,gfs_0p25,2026-02-26T12:00:00Z,wind-power-v1,2026-01-31T18:00:00Z,warning,"[""Uncertainty intervals are not calibrated"", ""Unconfirmed: all source labels use fixed UTC+5 and mark the start of a ten-minute mean; reporting delay is zero and normalization remains unresolved."", ""Source-clock and target normalization semantics remain unconfirmed."", ""Weather availability uses archive-object metadata, not original NOAA publication proof."", ""Forecast target is normalized power; no conversion to MW/MWh is justified.""]"
1.0,e13728d3538b82a523989f63,1,2026-02-26T18:00:00Z,turbine_1,2026-02-27T17:00:00Z,23,0.8020700652642071,normalized_power,gfs_0p25,2026-02-26T12:00:00Z,wind-power-v1,2026-01-31T18:00:00Z,warning,"[""Uncertainty intervals are not calibrated"", ""Unconfirmed: all source labels use fixed UTC+5 and mark the start of a ten-minute mean; reporting delay is zero and normalization remains unresolved."", ""Source-clock and target normalization semantics remain unconfirmed."", ""Weather availability uses archive-object metadata, not original NOAA publication proof."", ""Forecast target is normalized power; no conversion to MW/MWh is justified.""]"
1.0,e13728d3538b82a523989f63,1,2026-02-26T18:00:00Z,turbine_1,2026-02-27T18:00:00Z,24,0.7632848046864132,normalized_power,gfs_0p25,2026-02-26T12:00:00Z,wind-power-v1,2026-01-31T18:00:00Z,warning,"[""Uncertainty intervals are not calibrated"", ""Unconfirmed: all source labels use fixed UTC+5 and mark the start of a ten-minute mean; reporting delay is zero and normalization remains unresolved."", ""Source-clock and target normalization semantics remain unconfirmed."", ""Weather availability uses archive-object metadata, not original NOAA publication proof."", ""Forecast target is normalized power; no conversion to MW/MWh is justified.""]"
1.0,e5217a5508f5b81c1d54f970,1,2026-02-27T18:00:00Z,turbine_1,2026-02-27T19:00:00Z,1,0.7597599929379556,normalized_power,gfs_0p25,2026-02-27T12:00:00Z,wind-power-v1,2026-01-31T18:00:00Z,warning,"[""Uncertainty intervals are not calibrated"", ""Unconfirmed: all source labels use fixed UTC+5 and mark the start of a ten-minute mean; reporting delay is zero and normalization remains unresolved."", ""Source-clock and target normalization semantics remain unconfirmed."", ""Weather availability uses archive-object metadata, not original NOAA publication proof."", ""Forecast target is normalized power; no conversion to MW/MWh is justified.""]"
1.0,e5217a5508f5b81c1d54f970,1,2026-02-27T18:00:00Z,turbine_1,2026-02-27T20:00:00Z,2,0.7811935727899696,normalized_power,gfs_0p25,2026-02-27T12:00:00Z,wind-power-v1,2026-01-31T18:00:00Z,warning,"[""Uncertainty intervals are not calibrated"", ""Unconfirmed: all source labels use fixed UTC+5 and mark the start of a ten-minute mean; reporting delay is zero and normalization remains unresolved."", ""Source-clock and target normalization semantics remain unconfirmed."", ""Weather availability uses archive-object metadata, not original NOAA publication proof."", ""Forecast target is normalized power; no conversion to MW/MWh is justified.""]"
1.0,e5217a5508f5b81c1d54f970,1,2026-02-27T18:00:00Z,turbine_1,2026-02-27T21:00:00Z,3,0.7655000181202439,normalized_power,gfs_0p25,2026-02-27T12:00:00Z,wind-power-v1,2026-01-31T18:00:00Z,warning,"[""Uncertainty intervals are not calibrated"", ""Unconfirmed: all source labels use fixed UTC+5 and mark the start of a ten-minute mean; reporting delay is zero and normalization remains unresolved."", ""Source-clock and target normalization semantics remain unconfirmed."", ""Weather availability uses archive-object metadata, not original NOAA publication proof."", ""Forecast target is normalized power; no conversion to MW/MWh is justified.""]"
1.0,e5217a5508f5b81c1d54f970,1,2026-02-27T18:00:00Z,turbine_1,2026-02-27T22:00:00Z,4,0.7179024137931802,normalized_power,gfs_0p25,2026-02-27T12:00:00Z,wind-power-v1,2026-01-31T18:00:00Z,warning,"[""Uncertainty intervals are not calibrated"", ""Unconfirmed: all source labels use fixed UTC+5 and mark the start of a ten-minute mean; reporting delay is zero and normalization remains unresolved."", ""Source-clock and target normalization semantics remain unconfirmed."", ""Weather availability uses archive-object metadata, not original NOAA publication proof."", ""Forecast target is normalized power; no conversion to MW/MWh is justified.""]"
1.0,e5217a5508f5b81c1d54f970,1,2026-02-27T18:00:00Z,turbine_1,2026-02-27T23:00:00Z,5,0.2749141985924865,normalized_power,gfs_0p25,2026-02-27T12:00:00Z,wind-power-v1,2026-01-31T18:00:00Z,warning,"[""Uncertainty intervals are not calibrated"", ""Unconfirmed: all source labels use fixed UTC+5 and mark the start of a ten-minute mean; reporting delay is zero and normalization remains unresolved."", ""Source-clock and target normalization semantics remain unconfirmed."", ""Weather availability uses archive-object metadata, not original NOAA publication proof."", ""Forecast target is normalized power; no conversion to MW/MWh is justified.""]"
1.0,e5217a5508f5b81c1d54f970,1,2026-02-27T18:00:00Z,turbine_1,2026-02-28T00:00:00Z,6,0.5733234953255628,normalized_power,gfs_0p25,2026-02-27T12:00:00Z,wind-power-v1,2026-01-31T18:00:00Z,warning,"[""Uncertainty intervals are not calibrated"", ""Unconfirmed: all source labels use fixed UTC+5 and mark the start of a ten-minute mean; reporting delay is zero and normalization remains unresolved."", ""Source-clock and target normalization semantics remain unconfirmed."", ""Weather availability uses archive-object metadata, not original NOAA publication proof."", ""Forecast target is normalized power; no conversion to MW/MWh is justified.""]"
1.0,e5217a5508f5b81c1d54f970,1,2026-02-27T18:00:00Z,turbine_1,2026-02-28T01:00:00Z,7,0.625482111897476,normalized_power,gfs_0p25,2026-02-27T12:00:00Z,wind-power-v1,2026-01-31T18:00:00Z,warning,"[""Uncertainty intervals are not calibrated"", ""Unconfirmed: all source labels use fixed UTC+5 and mark the start of a ten-minute mean; reporting delay is zero and normalization remains unresolved."", ""Source-clock and target normalization semantics remain unconfirmed."", ""Weather availability uses archive-object metadata, not original NOAA publication proof."", ""Forecast target is normalized power; no conversion to MW/MWh is justified.""]"
1.0,e5217a5508f5b81c1d54f970,1,2026-02-27T18:00:00Z,turbine_1,2026-02-28T02:00:00Z,8,0.5606121997722007,normalized_power,gfs_0p25,2026-02-27T12:00:00Z,wind-power-v1,2026-01-31T18:00:00Z,warning,"[""Uncertainty intervals are not calibrated"", ""Unconfirmed: all source labels use fixed UTC+5 and mark the start of a ten-minute mean; reporting delay is zero and normalization remains unresolved."", ""Source-clock and target normalization semantics remain unconfirmed."", ""Weather availability uses archive-object metadata, not original NOAA publication proof."", ""Forecast target is normalized power; no conversion to MW/MWh is justified.""]"
1.0,e5217a5508f5b81c1d54f970,1,2026-02-27T18:00:00Z,turbine_1,2026-02-28T03:00:00Z,9,0.5430199382605447,normalized_power,gfs_0p25,2026-02-27T12:00:00Z,wind-power-v1,2026-01-31T18:00:00Z,warning,"[""Uncertainty intervals are not calibrated"", ""Unconfirmed: all source labels use fixed UTC+5 and mark the start of a ten-minute mean; reporting delay is zero and normalization remains unresolved."", ""Source-clock and target normalization semantics remain unconfirmed."", ""Weather availability uses archive-object metadata, not original NOAA publication proof."", ""Forecast target is normalized power; no conversion to MW/MWh is justified.""]"
1.0,e5217a5508f5b81c1d54f970,1,2026-02-27T18:00:00Z,turbine_1,2026-02-28T04:00:00Z,10,0.589894419048982,normalized_power,gfs_0p25,2026-02-27T12:00:00Z,wind-power-v1,2026-01-31T18:00:00Z,warning,"[""Uncertainty intervals are not calibrated"", ""Unconfirmed: all source labels use fixed UTC+5 and mark the start of a ten-minute mean; reporting delay is zero and normalization remains unresolved."", ""Source-clock and target normalization semantics remain unconfirmed."", ""Weather availability uses archive-object metadata, not original NOAA publication proof."", ""Forecast target is normalized power; no conversion to MW/MWh is justified.""]"
1.0,e5217a5508f5b81c1d54f970,1,2026-02-27T18:00:00Z,turbine_1,2026-02-28T05:00:00Z,11,0.625482111897476,normalized_power,gfs_0p25,2026-02-27T12:00:00Z,wind-power-v1,2026-01-31T18:00:00Z,warning,"[""Uncertainty intervals are not calibrated"", ""Unconfirmed: all source labels use fixed UTC+5 and mark the start of a ten-minute mean; reporting delay is zero and normalization remains unresolved."", ""Source-clock and target normalization semantics remain unconfirmed."", ""Weather availability uses archive-object metadata, not original NOAA publication proof."", ""Forecast target is normalized power; no conversion to MW/MWh is justified.""]"
1.0,e5217a5508f5b81c1d54f970,1,2026-02-27T18:00:00Z,turbine_1,2026-02-28T06:00:00Z,12,0.7917314486035922,normalized_power,gfs_0p25,2026-02-27T12:00:00Z,wind-power-v1,2026-01-31T18:00:00Z,warning,"[""Uncertainty intervals are not calibrated"", ""Unconfirmed: all source labels use fixed UTC+5 and mark the start of a ten-minute mean; reporting delay is zero and normalization remains unresolved."", ""Source-clock and target normalization semantics remain unconfirmed."", ""Weather availability uses archive-object metadata, not original NOAA publication proof."", ""Forecast target is normalized power; no conversion to MW/MWh is justified.""]"
1.0,e5217a5508f5b81c1d54f970,1,2026-02-27T18:00:00Z,turbine_1,2026-02-28T07:00:00Z,13,0.852766904436528,normalized_power,gfs_0p25,2026-02-27T12:00:00Z,wind-power-v1,2026-01-31T18:00:00Z,warning,"[""Uncertainty intervals are not calibrated"", ""Unconfirmed: all source labels use fixed UTC+5 and mark the start of a ten-minute mean; reporting delay is zero and normalization remains unresolved."", ""Source-clock and target normalization semantics remain unconfirmed."", ""Weather availability uses archive-object metadata, not original NOAA publication proof."", ""Forecast target is normalized power; no conversion to MW/MWh is justified.""]"
1.0,e5217a5508f5b81c1d54f970,1,2026-02-27T18:00:00Z,turbine_1,2026-02-28T08:00:00Z,14,0.8074722472886924,normalized_power,gfs_0p25,2026-02-27T12:00:00Z,wind-power-v1,2026-01-31T18:00:00Z,warning,"[""Uncertainty intervals are not calibrated"", ""Unconfirmed: all source labels use fixed UTC+5 and mark the start of a ten-minute mean; reporting delay is zero and normalization remains unresolved."", ""Source-clock and target normalization semantics remain unconfirmed."", ""Weather availability uses archive-object metadata, not original NOAA publication proof."", ""Forecast target is normalized power; no conversion to MW/MWh is justified.""]"
1.0,e5217a5508f5b81c1d54f970,1,2026-02-27T18:00:00Z,turbine_1,2026-02-28T09:00:00Z,15,0.8074722472886924,normalized_power,gfs_0p25,2026-02-27T12:00:00Z,wind-power-v1,2026-01-31T18:00:00Z,warning,"[""Uncertainty intervals are not calibrated"", ""Unconfirmed: all source labels use fixed UTC+5 and mark the start of a ten-minute mean; reporting delay is zero and normalization remains unresolved."", ""Source-clock and target normalization semantics remain unconfirmed."", ""Weather availability uses archive-object metadata, not original NOAA publication proof."", ""Forecast target is normalized power; no conversion to MW/MWh is justified.""]"
1.0,e5217a5508f5b81c1d54f970,1,2026-02-27T18:00:00Z,turbine_1,2026-02-28T10:00:00Z,16,0.8176623478375836,normalized_power,gfs_0p25,2026-02-27T12:00:00Z,wind-power-v1,2026-01-31T18:00:00Z,warning,"[""Uncertainty intervals are not calibrated"", ""Unconfirmed: all source labels use fixed UTC+5 and mark the start of a ten-minute mean; reporting delay is zero and normalization remains unresolved."", ""Source-clock and target normalization semantics remain unconfirmed."", ""Weather availability uses archive-object metadata, not original NOAA publication proof."", ""Forecast target is normalized power; no conversion to MW/MWh is justified.""]"
1.0,e5217a5508f5b81c1d54f970,1,2026-02-27T18:00:00Z,turbine_1,2026-02-28T11:00:00Z,17,0.7845739139411189,normalized_power,gfs_0p25,2026-02-27T12:00:00Z,wind-power-v1,2026-01-31T18:00:00Z,warning,"[""Uncertainty intervals are not calibrated"", ""Unconfirmed: all source labels use fixed UTC+5 and mark the start of a ten-minute mean; reporting delay is zero and normalization remains unresolved."", ""Source-clock and target normalization semantics remain unconfirmed."", ""Weather availability uses archive-object metadata, not original NOAA publication proof."", ""Forecast target is normalized power; no conversion to MW/MWh is justified.""]"
1.0,e5217a5508f5b81c1d54f970,1,2026-02-27T18:00:00Z,turbine_1,2026-02-28T12:00:00Z,18,0.6595938302551552,normalized_power,gfs_0p25,2026-02-27T12:00:00Z,wind-power-v1,2026-01-31T18:00:00Z,warning,"[""Uncertainty intervals are not calibrated"", ""Unconfirmed: all source labels use fixed UTC+5 and mark the start of a ten-minute mean; reporting delay is zero and normalization remains unresolved."", ""Source-clock and target normalization semantics remain unconfirmed."", ""Weather availability uses archive-object metadata, not original NOAA publication proof."", ""Forecast target is normalized power; no conversion to MW/MWh is justified.""]"
1.0,e5217a5508f5b81c1d54f970,1,2026-02-27T18:00:00Z,turbine_1,2026-02-28T13:00:00Z,19,0.14389711833095228,normalized_power,gfs_0p25,2026-02-27T12:00:00Z,wind-power-v1,2026-01-31T18:00:00Z,warning,"[""Uncertainty intervals are not calibrated"", ""Unconfirmed: all source labels use fixed UTC+5 and mark the start of a ten-minute mean; reporting delay is zero and normalization remains unresolved."", ""Source-clock and target normalization semantics remain unconfirmed."", ""Weather availability uses archive-object metadata, not original NOAA publication proof."", ""Forecast target is normalized power; no conversion to MW/MWh is justified.""]"
1.0,e5217a5508f5b81c1d54f970,1,2026-02-27T18:00:00Z,turbine_1,2026-02-28T14:00:00Z,20,0.12739346613330915,normalized_power,gfs_0p25,2026-02-27T12:00:00Z,wind-power-v1,2026-01-31T18:00:00Z,warning,"[""Uncertainty intervals are not calibrated"", ""Unconfirmed: all source labels use fixed UTC+5 and mark the start of a ten-minute mean; reporting delay is zero and normalization remains unresolved."", ""Source-clock and target normalization semantics remain unconfirmed."", ""Weather availability uses archive-object metadata, not original NOAA publication proof."", ""Forecast target is normalized power; no conversion to MW/MWh is justified.""]"
1.0,e5217a5508f5b81c1d54f970,1,2026-02-27T18:00:00Z,turbine_1,2026-02-28T15:00:00Z,21,0.23300984376975317,normalized_power,gfs_0p25,2026-02-27T12:00:00Z,wind-power-v1,2026-01-31T18:00:00Z,warning,"[""Uncertainty intervals are not calibrated"", ""Unconfirmed: all source labels use fixed UTC+5 and mark the start of a ten-minute mean; reporting delay is zero and normalization remains unresolved."", ""Source-clock and target normalization semantics remain unconfirmed."", ""Weather availability uses archive-object metadata, not original NOAA publication proof."", ""Forecast target is normalized power; no conversion to MW/MWh is justified.""]"
1.0,e5217a5508f5b81c1d54f970,1,2026-02-27T18:00:00Z,turbine_1,2026-02-28T16:00:00Z,22,0.2969607174276422,normalized_power,gfs_0p25,2026-02-27T12:00:00Z,wind-power-v1,2026-01-31T18:00:00Z,warning,"[""Uncertainty intervals are not calibrated"", ""Unconfirmed: all source labels use fixed UTC+5 and mark the start of a ten-minute mean; reporting delay is zero and normalization remains unresolved."", ""Source-clock and target normalization semantics remain unconfirmed."", ""Weather availability uses archive-object metadata, not original NOAA publication proof."", ""Forecast target is normalized power; no conversion to MW/MWh is justified.""]"
1.0,e5217a5508f5b81c1d54f970,1,2026-02-27T18:00:00Z,turbine_1,2026-02-28T17:00:00Z,23,0.29745420632629394,normalized_power,gfs_0p25,2026-02-27T12:00:00Z,wind-power-v1,2026-01-31T18:00:00Z,warning,"[""Uncertainty intervals are not calibrated"", ""Unconfirmed: all source labels use fixed UTC+5 and mark the start of a ten-minute mean; reporting delay is zero and normalization remains unresolved."", ""Source-clock and target normalization semantics remain unconfirmed."", ""Weather availability uses archive-object metadata, not original NOAA publication proof."", ""Forecast target is normalized power; no conversion to MW/MWh is justified.""]"
1.0,e5217a5508f5b81c1d54f970,1,2026-02-27T18:00:00Z,turbine_1,2026-02-28T18:00:00Z,24,0.4096071400727577,normalized_power,gfs_0p25,2026-02-27T12:00:00Z,wind-power-v1,2026-01-31T18:00:00Z,warning,"[""Uncertainty intervals are not calibrated"", ""Unconfirmed: all source labels use fixed UTC+5 and mark the start of a ten-minute mean; reporting delay is zero and normalization remains unresolved."", ""Source-clock and target normalization semantics remain unconfirmed."", ""Weather availability uses archive-object metadata, not original NOAA publication proof."", ""Forecast target is normalized power; no conversion to MW/MWh is justified.""]"
1.0,b75b00eb815ceb8886dbb2af,1,2026-02-28T18:00:00Z,turbine_1,2026-02-28T19:00:00Z,1,0.0809884089028005,normalized_power,gfs_0p25,2026-02-28T12:00:00Z,wind-power-v1,2026-01-31T18:00:00Z,warning,"[""Uncertainty intervals are not calibrated"", ""Unconfirmed: all source labels use fixed UTC+5 and mark the start of a ten-minute mean; reporting delay is zero and normalization remains unresolved."", ""Source-clock and target normalization semantics remain unconfirmed."", ""Weather availability uses archive-object metadata, not original NOAA publication proof."", ""Forecast target is normalized power; no conversion to MW/MWh is justified.""]"
1.0,3a6186ffff1b1dc52a5cf2cd,1,2026-01-31T18:00:00Z,turbine_2,2026-01-31T20:00:00Z,2,0.1005296566260191,normalized_power,gfs_0p25,2026-01-31T12:00:00Z,wind-power-v1,2026-01-31T18:00:00Z,warning,"[""Uncertainty intervals are not calibrated"", ""Unconfirmed: all source labels use fixed UTC+5 and mark the start of a ten-minute mean; reporting delay is zero and normalization remains unresolved."", ""Source-clock and target normalization semantics remain unconfirmed."", ""Weather availability uses archive-object metadata, not original NOAA publication proof."", ""Forecast target is normalized power; no conversion to MW/MWh is justified.""]"
1.0,3a6186ffff1b1dc52a5cf2cd,1,2026-01-31T18:00:00Z,turbine_2,2026-01-31T21:00:00Z,3,0.09505219062399622,normalized_power,gfs_0p25,2026-01-31T12:00:00Z,wind-power-v1,2026-01-31T18:00:00Z,warning,"[""Uncertainty intervals are not calibrated"", ""Unconfirmed: all source labels use fixed UTC+5 and mark the start of a ten-minute mean; reporting delay is zero and normalization remains unresolved."", ""Source-clock and target normalization semantics remain unconfirmed."", ""Weather availability uses archive-object metadata, not original NOAA publication proof."", ""Forecast target is normalized power; no conversion to MW/MWh is justified.""]"
1.0,3a6186ffff1b1dc52a5cf2cd,1,2026-01-31T18:00:00Z,turbine_2,2026-01-31T22:00:00Z,4,0.1162653601820434,normalized_power,gfs_0p25,2026-01-31T12:00:00Z,wind-power-v1,2026-01-31T18:00:00Z,warning,"[""Uncertainty intervals are not calibrated"", ""Unconfirmed: all source labels use fixed UTC+5 and mark the start of a ten-minute mean; reporting delay is zero and normalization remains unresolved."", ""Source-clock and target normalization semantics remain unconfirmed."", ""Weather availability uses archive-object metadata, not original NOAA publication proof."", ""Forecast target is normalized power; no conversion to MW/MWh is justified.""]"
1.0,3a6186ffff1b1dc52a5cf2cd,1,2026-01-31T18:00:00Z,turbine_2,2026-01-31T23:00:00Z,5,0.08548130810670561,normalized_power,gfs_0p25,2026-01-31T12:00:00Z,wind-power-v1,2026-01-31T18:00:00Z,warning,"[""Uncertainty intervals are not calibrated"", ""Unconfirmed: all source labels use fixed UTC+5 and mark the start of a ten-minute mean; reporting delay is zero and normalization remains unresolved."", ""Source-clock and target normalization semantics remain unconfirmed."", ""Weather availability uses archive-object metadata, not original NOAA publication proof."", ""Forecast target is normalized power; no conversion to MW/MWh is justified.""]"
1.0,3a6186ffff1b1dc52a5cf2cd,1,2026-01-31T18:00:00Z,turbine_2,2026-02-01T00:00:00Z,6,0.20726158968947714,normalized_power,gfs_0p25,2026-01-31T12:00:00Z,wind-power-v1,2026-01-31T18:00:00Z,warning,"[""Uncertainty intervals are not calibrated"", ""Unconfirmed: all source labels use fixed UTC+5 and mark the start of a ten-minute mean; reporting delay is zero and normalization remains unresolved."", ""Source-clock and target normalization semantics remain unconfirmed."", ""Weather availability uses archive-object metadata, not original NOAA publication proof."", ""Forecast target is normalized power; no conversion to MW/MWh is justified.""]"
1.0,3a6186ffff1b1dc52a5cf2cd,1,2026-01-31T18:00:00Z,turbine_2,2026-02-01T01:00:00Z,7,0.2282024088927663,normalized_power,gfs_0p25,2026-01-31T12:00:00Z,wind-power-v1,2026-01-31T18:00:00Z,warning,"[""Uncertainty intervals are not calibrated"", ""Unconfirmed: all source labels use fixed UTC+5 and mark the start of a ten-minute mean; reporting delay is zero and normalization remains unresolved."", ""Source-clock and target normalization semantics remain unconfirmed."", ""Weather availability uses archive-object metadata, not original NOAA publication proof."", ""Forecast target is normalized power; no conversion to MW/MWh is justified.""]"
1.0,3a6186ffff1b1dc52a5cf2cd,1,2026-01-31T18:00:00Z,turbine_2,2026-02-01T02:00:00Z,8,0.32253646204746245,normalized_power,gfs_0p25,2026-01-31T12:00:00Z,wind-power-v1,2026-01-31T18:00:00Z,warning,"[""Uncertainty intervals are not calibrated"", ""Unconfirmed: all source labels use fixed UTC+5 and mark the start of a ten-minute mean; reporting delay is zero and normalization remains unresolved."", ""Source-clock and target normalization semantics remain unconfirmed."", ""Weather availability uses archive-object metadata, not original NOAA publication proof."", ""Forecast target is normalized power; no conversion to MW/MWh is justified.""]"
1.0,3a6186ffff1b1dc52a5cf2cd,1,2026-01-31T18:00:00Z,turbine_2,2026-02-01T03:00:00Z,9,0.13644809509884867,normalized_power,gfs_0p25,2026-01-31T12:00:00Z,wind-power-v1,2026-01-31T18:00:00Z,warning,"[""Uncertainty intervals are not calibrated"", ""Unconfirmed: all source labels use fixed UTC+5 and mark the start of a ten-minute mean; reporting delay is zero and normalization remains unresolved."", ""Source-clock and target normalization semantics remain unconfirmed."", ""Weather availability uses archive-object metadata, not original NOAA publication proof."", ""Forecast target is normalized power; no conversion to MW/MWh is justified.""]"
1.0,3a6186ffff1b1dc52a5cf2cd,1,2026-01-31T18:00:00Z,turbine_2,2026-02-01T04:00:00Z,10,0.27476223194656507,normalized_power,gfs_0p25,2026-01-31T12:00:00Z,wind-power-v1,2026-01-31T18:00:00Z,warning,"[""Uncertainty intervals are not calibrated"", ""Unconfirmed: all source labels use fixed UTC+5 and mark the start of a ten-minute mean; reporting delay is zero and normalization remains unresolved."", ""Source-clock and target normalization semantics remain unconfirmed."", ""Weather availability uses archive-object metadata, not original NOAA publication proof."", ""Forecast target is normalized power; no conversion to MW/MWh is justified.""]"
1.0,3a6186ffff1b1dc52a5cf2cd,1,2026-01-31T18:00:00Z,turbine_2,2026-02-01T05:00:00Z,11,0.3571169049384566,normalized_power,gfs_0p25,2026-01-31T12:00:00Z,wind-power-v1,2026-01-31T18:00:00Z,warning,"[""Uncertainty intervals are not calibrated"", ""Unconfirmed: all source labels use fixed UTC+5 and mark the start of a ten-minute mean; reporting delay is zero and normalization remains unresolved."", ""Source-clock and target normalization semantics remain unconfirmed."", ""Weather availability uses archive-object metadata, not original NOAA publication proof."", ""Forecast target is normalized power; no conversion to MW/MWh is justified.""]"
1.0,3a6186ffff1b1dc52a5cf2cd,1,2026-01-31T18:00:00Z,turbine_2,2026-02-01T06:00:00Z,12,0.24979455338674375,normalized_power,gfs_0p25,2026-01-31T12:00:00Z,wind-power-v1,2026-01-31T18:00:00Z,warning,"[""Uncertainty intervals are not calibrated"", ""Unconfirmed: all source labels use fixed UTC+5 and mark the start of a ten-minute mean; reporting delay is zero and normalization remains unresolved."", ""Source-clock and target normalization semantics remain unconfirmed."", ""Weather availability uses archive-object metadata, not original NOAA publication proof."", ""Forecast target is normalized power; no conversion to MW/MWh is justified.""]"
1.0,3a6186ffff1b1dc52a5cf2cd,1,2026-01-31T18:00:00Z,turbine_2,2026-02-01T07:00:00Z,13,0.17563314840165417,normalized_power,gfs_0p25,2026-01-31T12:00:00Z,wind-power-v1,2026-01-31T18:00:00Z,warning,"[""Uncertainty intervals are not calibrated"", ""Unconfirmed: all source labels use fixed UTC+5 and mark the start of a ten-minute mean; reporting delay is zero and normalization remains unresolved."", ""Source-clock and target normalization semantics remain unconfirmed."", ""Weather availability uses archive-object metadata, not original NOAA publication proof."", ""Forecast target is normalized power; no conversion to MW/MWh is justified.""]"
1.0,3a6186ffff1b1dc52a5cf2cd,1,2026-01-31T18:00:00Z,turbine_2,2026-02-01T08:00:00Z,14,0.40145967684387657,normalized_power,gfs_0p25,2026-01-31T12:00:00Z,wind-power-v1,2026-01-31T18:00:00Z,warning,"[""Uncertainty intervals are not calibrated"", ""Unconfirmed: all source labels use fixed UTC+5 and mark the start of a ten-minute mean; reporting delay is zero and normalization remains unresolved."", ""Source-clock and target normalization semantics remain unconfirmed."", ""Weather availability uses archive-object metadata, not original NOAA publication proof."", ""Forecast target is normalized power; no conversion to MW/MWh is justified.""]"
1.0,3a6186ffff1b1dc52a5cf2cd,1,2026-01-31T18:00:00Z,turbine_2,2026-02-01T09:00:00Z,15,0.5173279310110739,normalized_power,gfs_0p25,2026-01-31T12:00:00Z,wind-power-v1,2026-01-31T18:00:00Z,warning,"[""Uncertainty intervals are not calibrated"", ""Unconfirmed: all source labels use fixed UTC+5 and mark the start of a ten-minute mean; reporting delay is zero and normalization remains unresolved."", ""Source-clock and target normalization semantics remain unconfirmed."", ""Weather availability uses archive-object metadata, not original NOAA publication proof."", ""Forecast target is normalized power; no conversion to MW/MWh is justified.""]"
1.0,3a6186ffff1b1dc52a5cf2cd,1,2026-01-31T18:00:00Z,turbine_2,2026-02-01T10:00:00Z,16,0.48834292336863566,normalized_power,gfs_0p25,2026-01-31T12:00:00Z,wind-power-v1,2026-01-31T18:00:00Z,warning,"[""Uncertainty intervals are not calibrated"", ""Unconfirmed: all source labels use fixed UTC+5 and mark the start of a ten-minute mean; reporting delay is zero and normalization remains unresolved."", ""Source-clock and target normalization semantics remain unconfirmed."", ""Weather availability uses archive-object metadata, not original NOAA publication proof."", ""Forecast target is normalized power; no conversion to MW/MWh is justified.""]"
1.0,3a6186ffff1b1dc52a5cf2cd,1,2026-01-31T18:00:00Z,turbine_2,2026-02-01T11:00:00Z,17,0.27000142505163843,normalized_power,gfs_0p25,2026-01-31T12:00:00Z,wind-power-v1,2026-01-31T18:00:00Z,warning,"[""Uncertainty intervals are not calibrated"", ""Unconfirmed: all source labels use fixed UTC+5 and mark the start of a ten-minute mean; reporting delay is zero and normalization remains unresolved."", ""Source-clock and target normalization semantics remain unconfirmed."", ""Weather availability uses archive-object metadata, not original NOAA publication proof."", ""Forecast target is normalized power; no conversion to MW/MWh is justified.""]"
1.0,3a6186ffff1b1dc52a5cf2cd,1,2026-01-31T18:00:00Z,turbine_2,2026-02-01T12:00:00Z,18,0.2396083008203577,normalized_power,gfs_0p25,2026-01-31T12:00:00Z,wind-power-v1,2026-01-31T18:00:00Z,warning,"[""Uncertainty intervals are not calibrated"", ""Unconfirmed: all source labels use fixed UTC+5 and mark the start of a ten-minute mean; reporting delay is zero and normalization remains unresolved."", ""Source-clock and target normalization semantics remain unconfirmed."", ""Weather availability uses archive-object metadata, not original NOAA publication proof."", ""Forecast target is normalized power; no conversion to MW/MWh is justified.""]"
1.0,3a6186ffff1b1dc52a5cf2cd,1,2026-01-31T18:00:00Z,turbine_2,2026-02-01T13:00:00Z,19,0.383927317446977,normalized_power,gfs_0p25,2026-01-31T12:00:00Z,wind-power-v1,2026-01-31T18:00:00Z,warning,"[""Uncertainty intervals are not calibrated"", ""Unconfirmed: all source labels use fixed UTC+5 and mark the start of a ten-minute mean; reporting delay is zero and normalization remains unresolved."", ""Source-clock and target normalization semantics remain unconfirmed."", ""Weather availability uses archive-object metadata, not original NOAA publication proof."", ""Forecast target is normalized power; no conversion to MW/MWh is justified.""]"
1.0,3a6186ffff1b1dc52a5cf2cd,1,2026-01-31T18:00:00Z,turbine_2,2026-02-01T14:00:00Z,20,0.40534068725601213,normalized_power,gfs_0p25,2026-01-31T12:00:00Z,wind-power-v1,2026-01-31T18:00:00Z,warning,"[""Uncertainty intervals are not calibrated"", ""Unconfirmed: all source labels use fixed UTC+5 and mark the start of a ten-minute mean; reporting delay is zero and normalization remains unresolved."", ""Source-clock and target normalization semantics remain unconfirmed."", ""Weather availability uses archive-object metadata, not original NOAA publication proof."", ""Forecast target is normalized power; no conversion to MW/MWh is justified.""]"
1.0,3a6186ffff1b1dc52a5cf2cd,1,2026-01-31T18:00:00Z,turbine_2,2026-02-01T15:00:00Z,21,0.3557950241387083,normalized_power,gfs_0p25,2026-01-31T12:00:00Z,wind-power-v1,2026-01-31T18:00:00Z,warning,"[""Uncertainty intervals are not calibrated"", ""Unconfirmed: all source labels use fixed UTC+5 and mark the start of a ten-minute mean; reporting delay is zero and normalization remains unresolved."", ""Source-clock and target normalization semantics remain unconfirmed."", ""Weather availability uses archive-object metadata, not original NOAA publication proof."", ""Forecast target is normalized power; no conversion to MW/MWh is justified.""]"
1.0,3a6186ffff1b1dc52a5cf2cd,1,2026-01-31T18:00:00Z,turbine_2,2026-02-01T16:00:00Z,22,0.32814412039665863,normalized_power,gfs_0p25,2026-01-31T12:00:00Z,wind-power-v1,2026-01-31T18:00:00Z,warning,"[""Uncertainty intervals are not calibrated"", ""Unconfirmed: all source labels use fixed UTC+5 and mark the start of a ten-minute mean; reporting delay is zero and normalization remains unresolved."", ""Source-clock and target normalization semantics remain unconfirmed."", ""Weather availability uses archive-object metadata, not original NOAA publication proof."", ""Forecast target is normalized power; no conversion to MW/MWh is justified.""]"
1.0,3a6186ffff1b1dc52a5cf2cd,1,2026-01-31T18:00:00Z,turbine_2,2026-02-01T17:00:00Z,23,0.38299517103622277,normalized_power,gfs_0p25,2026-01-31T12:00:00Z,wind-power-v1,2026-01-31T18:00:00Z,warning,"[""Uncertainty intervals are not calibrated"", ""Unconfirmed: all source labels use fixed UTC+5 and mark the start of a ten-minute mean; reporting delay is zero and normalization remains unresolved."", ""Source-clock and target normalization semantics remain unconfirmed."", ""Weather availability uses archive-object metadata, not original NOAA publication proof."", ""Forecast target is normalized power; no conversion to MW/MWh is justified.""]"
1.0,3a6186ffff1b1dc52a5cf2cd,1,2026-01-31T18:00:00Z,turbine_2,2026-02-01T18:00:00Z,24,0.6092919557856522,normalized_power,gfs_0p25,2026-01-31T12:00:00Z,wind-power-v1,2026-01-31T18:00:00Z,warning,"[""Uncertainty intervals are not calibrated"", ""Unconfirmed: all source labels use fixed UTC+5 and mark the start of a ten-minute mean; reporting delay is zero and normalization remains unresolved."", ""Source-clock and target normalization semantics remain unconfirmed."", ""Weather availability uses archive-object metadata, not original NOAA publication proof."", ""Forecast target is normalized power; no conversion to MW/MWh is justified.""]"
1.0,9a0819dda5b0f21797c1ea29,1,2026-02-01T18:00:00Z,turbine_2,2026-02-01T19:00:00Z,1,0.27476223194656507,normalized_power,gfs_0p25,2026-02-01T12:00:00Z,wind-power-v1,2026-01-31T18:00:00Z,warning,"[""Uncertainty intervals are not calibrated"", ""Unconfirmed: all source labels use fixed UTC+5 and mark the start of a ten-minute mean; reporting delay is zero and normalization remains unresolved."", ""Source-clock and target normalization semantics remain unconfirmed."", ""Weather availability uses archive-object metadata, not original NOAA publication proof."", ""Forecast target is normalized power; no conversion to MW/MWh is justified.""]"
1.0,9a0819dda5b0f21797c1ea29,1,2026-02-01T18:00:00Z,turbine_2,2026-02-01T20:00:00Z,2,0.35799906886775335,normalized_power,gfs_0p25,2026-02-01T12:00:00Z,wind-power-v1,2026-01-31T18:00:00Z,warning,"[""Uncertainty intervals are not calibrated"", ""Unconfirmed: all source labels use fixed UTC+5 and mark the start of a ten-minute mean; reporting delay is zero and normalization remains unresolved."", ""Source-clock and target normalization semantics remain unconfirmed."", ""Weather availability uses archive-object metadata, not original NOAA publication proof."", ""Forecast target is normalized power; no conversion to MW/MWh is justified.""]"
1.0,9a0819dda5b0f21797c1ea29,1,2026-02-01T18:00:00Z,turbine_2,2026-02-01T21:00:00Z,3,0.29032917203590736,normalized_power,gfs_0p25,2026-02-01T12:00:00Z,wind-power-v1,2026-01-31T18:00:00Z,warning,"[""Uncertainty intervals are not calibrated"", ""Unconfirmed: all source labels use fixed UTC+5 and mark the start of a ten-minute mean; reporting delay is zero and normalization remains unresolved."", ""Source-clock and target normalization semantics remain unconfirmed."", ""Weather availability uses archive-object metadata, not original NOAA publication proof."", ""Forecast target is normalized power; no conversion to MW/MWh is justified.""]"
1.0,9a0819dda5b0f21797c1ea29,1,2026-02-01T18:00:00Z,turbine_2,2026-02-01T22:00:00Z,4,0.34753142229513495,normalized_power,gfs_0p25,2026-02-01T12:00:00Z,wind-power-v1,2026-01-31T18:00:00Z,warning,"[""Uncertainty intervals are not calibrated"", ""Unconfirmed: all source labels use fixed UTC+5 and mark the start of a ten-minute mean; reporting delay is zero and normalization remains unresolved."", ""Source-clock and target normalization semantics remain unconfirmed."", ""Weather availability uses archive-object metadata, not original NOAA publication proof."", ""Forecast target is normalized power; no conversion to MW/MWh is justified.""]"
1.0,9a0819dda5b0f21797c1ea29,1,2026-02-01T18:00:00Z,turbine_2,2026-02-01T23:00:00Z,5,0.47149820967441736,normalized_power,gfs_0p25,2026-02-01T12:00:00Z,wind-power-v1,2026-01-31T18:00:00Z,warning,"[""Uncertainty intervals are not calibrated"", ""Unconfirmed: all source labels use fixed UTC+5 and mark the start of a ten-minute mean; reporting delay is zero and normalization remains unresolved."", ""Source-clock and target normalization semantics remain unconfirmed."", ""Weather availability uses archive-object metadata, not original NOAA publication proof."", ""Forecast target is normalized power; no conversion to MW/MWh is justified.""]"
1.0,9a0819dda5b0f21797c1ea29,1,2026-02-01T18:00:00Z,turbine_2,2026-02-02T00:00:00Z,6,0.5205021538489687,normalized_power,gfs_0p25,2026-02-01T12:00:00Z,wind-power-v1,2026-01-31T18:00:00Z,warning,"[""Uncertainty intervals are not calibrated"", ""Unconfirmed: all source labels use fixed UTC+5 and mark the start of a ten-minute mean; reporting delay is zero and normalization remains unresolved."", ""Source-clock and target normalization semantics remain unconfirmed."", ""Weather availability uses archive-object metadata, not original NOAA publication proof."", ""Forecast target is normalized power; no conversion to MW/MWh is justified.""]"
1.0,9a0819dda5b0f21797c1ea29,1,2026-02-01T18:00:00Z,turbine_2,2026-02-02T01:00:00Z,7,0.29850777289726865,normalized_power,gfs_0p25,2026-02-01T12:00:00Z,wind-power-v1,2026-01-31T18:00:00Z,warning,"[""Uncertainty intervals are not calibrated"", ""Unconfirmed: all source labels use fixed UTC+5 and mark the start of a ten-minute mean; reporting delay is zero and normalization remains unresolved."", ""Source-clock and target normalization semantics remain unconfirmed."", ""Weather availability uses archive-object metadata, not original NOAA publication proof."", ""Forecast target is normalized power; no conversion to MW/MWh is justified.""]"
1.0,9a0819dda5b0f21797c1ea29,1,2026-02-01T18:00:00Z,turbine_2,2026-02-02T02:00:00Z,8,0.23537845211459757,normalized_power,gfs_0p25,2026-02-01T12:00:00Z,wind-power-v1,2026-01-31T18:00:00Z,warning,"[""Uncertainty intervals are not calibrated"", ""Unconfirmed: all source labels use fixed UTC+5 and mark the start of a ten-minute mean; reporting delay is zero and normalization remains unresolved."", ""Source-clock and target normalization semantics remain unconfirmed."", ""Weather availability uses archive-object metadata, not original NOAA publication proof."", ""Forecast target is normalized power; no conversion to MW/MWh is justified.""]"
1.0,9a0819dda5b0f21797c1ea29,1,2026-02-01T18:00:00Z,turbine_2,2026-02-02T03:00:00Z,9,0.48310223548825076,normalized_power,gfs_0p25,2026-02-01T12:00:00Z,wind-power-v1,2026-01-31T18:00:00Z,warning,"[""Uncertainty intervals are not calibrated"", ""Unconfirmed: all source labels use fixed UTC+5 and mark the start of a ten-minute mean; reporting delay is zero and normalization remains unresolved."", ""Source-clock and target normalization semantics remain unconfirmed."", ""Weather availability uses archive-object metadata, not original NOAA publication proof."", ""Forecast target is normalized power; no conversion to MW/MWh is justified.""]"
1.0,9a0819dda5b0f21797c1ea29,1,2026-02-01T18:00:00Z,turbine_2,2026-02-02T04:00:00Z,10,0.6938295532294763,normalized_power,gfs_0p25,2026-02-01T12:00:00Z,wind-power-v1,2026-01-31T18:00:00Z,warning,"[""Uncertainty intervals are not calibrated"", ""Unconfirmed: all source labels use fixed UTC+5 and mark the start of a ten-minute mean; reporting delay is zero and normalization remains unresolved."", ""Source-clock and target normalization semantics remain unconfirmed."", ""Weather availability uses archive-object metadata, not original NOAA publication proof."", ""Forecast target is normalized power; no conversion to MW/MWh is justified.""]"
1.0,9a0819dda5b0f21797c1ea29,1,2026-02-01T18:00:00Z,turbine_2,2026-02-02T05:00:00Z,11,0.7483032671184338,normalized_power,gfs_0p25,2026-02-01T12:00:00Z,wind-power-v1,2026-01-31T18:00:00Z,warning,"[""Uncertainty intervals are not calibrated"", ""Unconfirmed: all source labels use fixed UTC+5 and mark the start of a ten-minute mean; reporting delay is zero and normalization remains unresolved."", ""Source-clock and target normalization semantics remain unconfirmed."", ""Weather availability uses archive-object metadata, not original NOAA publication proof."", ""Forecast target is normalized power; no conversion to MW/MWh is justified.""]"
1.0,9a0819dda5b0f21797c1ea29,1,2026-02-01T18:00:00Z,turbine_2,2026-02-02T06:00:00Z,12,0.7740790805815995,normalized_power,gfs_0p25,2026-02-01T12:00:00Z,wind-power-v1,2026-01-31T18:00:00Z,warning,"[""Uncertainty intervals are not calibrated"", ""Unconfirmed: all source labels use fixed UTC+5 and mark the start of a ten-minute mean; reporting delay is zero and normalization remains unresolved."", ""Source-clock and target normalization semantics remain unconfirmed."", ""Weather availability uses archive-object metadata, not original NOAA publication proof."", ""Forecast target is normalized power; no conversion to MW/MWh is justified.""]"
1.0,9a0819dda5b0f21797c1ea29,1,2026-02-01T18:00:00Z,turbine_2,2026-02-02T07:00:00Z,13,0.7495787681636933,normalized_power,gfs_0p25,2026-02-01T12:00:00Z,wind-power-v1,2026-01-31T18:00:00Z,warning,"[""Uncertainty intervals are not calibrated"", ""Unconfirmed: all source labels use fixed UTC+5 and mark the start of a ten-minute mean; reporting delay is zero and normalization remains unresolved."", ""Source-clock and target normalization semantics remain unconfirmed."", ""Weather availability uses archive-object metadata, not original NOAA publication proof."", ""Forecast target is normalized power; no conversion to MW/MWh is justified.""]"
1.0,9a0819dda5b0f21797c1ea29,1,2026-02-01T18:00:00Z,turbine_2,2026-02-02T08:00:00Z,14,0.819294705098652,normalized_power,gfs_0p25,2026-02-01T12:00:00Z,wind-power-v1,2026-01-31T18:00:00Z,warning,"[""Uncertainty intervals are not calibrated"", ""Unconfirmed: all source labels use fixed UTC+5 and mark the start of a ten-minute mean; reporting delay is zero and normalization remains unresolved."", ""Source-clock and target normalization semantics remain unconfirmed."", ""Weather availability uses archive-object metadata, not original NOAA publication proof."", ""Forecast target is normalized power; no conversion to MW/MWh is justified.""]"
1.0,9a0819dda5b0f21797c1ea29,1,2026-02-01T18:00:00Z,turbine_2,2026-02-02T09:00:00Z,15,0.9265613147554129,normalized_power,gfs_0p25,2026-02-01T12:00:00Z,wind-power-v1,2026-01-31T18:00:00Z,warning,"[""Uncertainty intervals are not calibrated"", ""Unconfirmed: all source labels use fixed UTC+5 and mark the start of a ten-minute mean; reporting delay is zero and normalization remains unresolved."", ""Source-clock and target normalization semantics remain unconfirmed."", ""Weather availability uses archive-object metadata, not original NOAA publication proof."", ""Forecast target is normalized power; no conversion to MW/MWh is justified.""]"
1.0,9a0819dda5b0f21797c1ea29,1,2026-02-01T18:00:00Z,turbine_2,2026-02-02T10:00:00Z,16,0.7425114669134786,normalized_power,gfs_0p25,2026-02-01T12:00:00Z,wind-power-v1,2026-01-31T18:00:00Z,warning,"[""Uncertainty intervals are not calibrated"", ""Unconfirmed: all source labels use fixed UTC+5 and mark the start of a ten-minute mean; reporting delay is zero and normalization remains unresolved."", ""Source-clock and target normalization semantics remain unconfirmed."", ""Weather availability uses archive-object metadata, not original NOAA publication proof."", ""Forecast target is normalized power; no conversion to MW/MWh is justified.""]"
1.0,9a0819dda5b0f21797c1ea29,1,2026-02-01T18:00:00Z,turbine_2,2026-02-02T11:00:00Z,17,0.6766287453858071,normalized_power,gfs_0p25,2026-02-01T12:00:00Z,wind-power-v1,2026-01-31T18:00:00Z,warning,"[""Uncertainty intervals are not calibrated"", ""Unconfirmed: all source labels use fixed UTC+5 and mark the start of a ten-minute mean; reporting delay is zero and normalization remains unresolved."", ""Source-clock and target normalization semantics remain unconfirmed."", ""Weather availability uses archive-object metadata, not original NOAA publication proof."", ""Forecast target is normalized power; no conversion to MW/MWh is justified.""]"
1.0,9a0819dda5b0f21797c1ea29,1,2026-02-01T18:00:00Z,turbine_2,2026-02-02T12:00:00Z,18,0.5202251277556266,normalized_power,gfs_0p25,2026-02-01T12:00:00Z,wind-power-v1,2026-01-31T18:00:00Z,warning,"[""Uncertainty intervals are not calibrated"", ""Unconfirmed: all source labels use fixed UTC+5 and mark the start of a ten-minute mean; reporting delay is zero and normalization remains unresolved."", ""Source-clock and target normalization semantics remain unconfirmed."", ""Weather availability uses archive-object metadata, not original NOAA publication proof."", ""Forecast target is normalized power; no conversion to MW/MWh is justified.""]"
1.0,9a0819dda5b0f21797c1ea29,1,2026-02-01T18:00:00Z,turbine_2,2026-02-02T13:00:00Z,19,0.37476852164604757,normalized_power,gfs_0p25,2026-02-01T12:00:00Z,wind-power-v1,2026-01-31T18:00:00Z,warning,"[""Uncertainty intervals are not calibrated"", ""Unconfirmed: all source labels use fixed UTC+5 and mark the start of a ten-minute mean; reporting delay is zero and normalization remains unresolved."", ""Source-clock and target normalization semantics remain unconfirmed."", ""Weather availability uses archive-object metadata, not original NOAA publication proof."", ""Forecast target is normalized power; no conversion to MW/MWh is justified.""]"
1.0,9a0819dda5b0f21797c1ea29,1,2026-02-01T18:00:00Z,turbine_2,2026-02-02T14:00:00Z,20,0.20705039812577541,normalized_power,gfs_0p25,2026-02-01T12:00:00Z,wind-power-v1,2026-01-31T18:00:00Z,warning,"[""Uncertainty intervals are not calibrated"", ""Unconfirmed: all source labels use fixed UTC+5 and mark the start of a ten-minute mean; reporting delay is zero and normalization remains unresolved."", ""Source-clock and target normalization semantics remain unconfirmed."", ""Weather availability uses archive-object metadata, not original NOAA publication proof."", ""Forecast target is normalized power; no conversion to MW/MWh is justified.""]"
1.0,9a0819dda5b0f21797c1ea29,1,2026-02-01T18:00:00Z,turbine_2,2026-02-02T15:00:00Z,21,0.18198190105980147,normalized_power,gfs_0p25,2026-02-01T12:00:00Z,wind-power-v1,2026-01-31T18:00:00Z,warning,"[""Uncertainty intervals are not calibrated"", ""Unconfirmed: all source labels use fixed UTC+5 and mark the start of a ten-minute mean; reporting delay is zero and normalization remains unresolved."", ""Source-clock and target normalization semantics remain unconfirmed."", ""Weather availability uses archive-object metadata, not original NOAA publication proof."", ""Forecast target is normalized power; no conversion to MW/MWh is justified.""]"
1.0,9a0819dda5b0f21797c1ea29,1,2026-02-01T18:00:00Z,turbine_2,2026-02-02T16:00:00Z,22,0.21074742325459817,normalized_power,gfs_0p25,2026-02-01T12:00:00Z,wind-power-v1,2026-01-31T18:00:00Z,warning,"[""Uncertainty intervals are not calibrated"", ""Unconfirmed: all source labels use fixed UTC+5 and mark the start of a ten-minute mean; reporting delay is zero and normalization remains unresolved."", ""Source-clock and target normalization semantics remain unconfirmed."", ""Weather availability uses archive-object metadata, not original NOAA publication proof."", ""Forecast target is normalized power; no conversion to MW/MWh is justified.""]"
1.0,9a0819dda5b0f21797c1ea29,1,2026-02-01T18:00:00Z,turbine_2,2026-02-02T17:00:00Z,23,0.21074742325459817,normalized_power,gfs_0p25,2026-02-01T12:00:00Z,wind-power-v1,2026-01-31T18:00:00Z,warning,"[""Uncertainty intervals are not calibrated"", ""Unconfirmed: all source labels use fixed UTC+5 and mark the start of a ten-minute mean; reporting delay is zero and normalization remains unresolved."", ""Source-clock and target normalization semantics remain unconfirmed."", ""Weather availability uses archive-object metadata, not original NOAA publication proof."", ""Forecast target is normalized power; no conversion to MW/MWh is justified.""]"
1.0,9a0819dda5b0f21797c1ea29,1,2026-02-01T18:00:00Z,turbine_2,2026-02-02T18:00:00Z,24,0.2349799954156682,normalized_power,gfs_0p25,2026-02-01T12:00:00Z,wind-power-v1,2026-01-31T18:00:00Z,warning,"[""Uncertainty intervals are not calibrated"", ""Unconfirmed: all source labels use fixed UTC+5 and mark the start of a ten-minute mean; reporting delay is zero and normalization remains unresolved."", ""Source-clock and target normalization semantics remain unconfirmed."", ""Weather availability uses archive-object metadata, not original NOAA publication proof."", ""Forecast target is normalized power; no conversion to MW/MWh is justified.""]"
1.0,5f00321a3fa2ae3c24678f57,1,2026-02-02T18:00:00Z,turbine_2,2026-02-02T19:00:00Z,1,0.3604904494215451,normalized_power,gfs_0p25,2026-02-02T12:00:00Z,wind-power-v1,2026-01-31T18:00:00Z,warning,"[""Uncertainty intervals are not calibrated"", ""Unconfirmed: all source labels use fixed UTC+5 and mark the start of a ten-minute mean; reporting delay is zero and normalization remains unresolved."", ""Source-clock and target normalization semantics remain unconfirmed."", ""Weather availability uses archive-object metadata, not original NOAA publication proof."", ""Forecast target is normalized power; no conversion to MW/MWh is justified.""]"
1.0,5f00321a3fa2ae3c24678f57,1,2026-02-02T18:00:00Z,turbine_2,2026-02-02T20:00:00Z,2,0.3718405696968691,normalized_power,gfs_0p25,2026-02-02T12:00:00Z,wind-power-v1,2026-01-31T18:00:00Z,warning,"[""Uncertainty intervals are not calibrated"", ""Unconfirmed: all source labels use fixed UTC+5 and mark the start of a ten-minute mean; reporting delay is zero and normalization remains unresolved."", ""Source-clock and target normalization semantics remain unconfirmed."", ""Weather availability uses archive-object metadata, not original NOAA publication proof."", ""Forecast target is normalized power; no conversion to MW/MWh is justified.""]"
1.0,5f00321a3fa2ae3c24678f57,1,2026-02-02T18:00:00Z,turbine_2,2026-02-02T21:00:00Z,3,0.4018302401555582,normalized_power,gfs_0p25,2026-02-02T12:00:00Z,wind-power-v1,2026-01-31T18:00:00Z,warning,"[""Uncertainty intervals are not calibrated"", ""Unconfirmed: all source labels use fixed UTC+5 and mark the start of a ten-minute mean; reporting delay is zero and normalization remains unresolved."", ""Source-clock and target normalization semantics remain unconfirmed."", ""Weather availability uses archive-object metadata, not original NOAA publication proof."", ""Forecast target is normalized power; no conversion to MW/MWh is justified.""]"
1.0,5f00321a3fa2ae3c24678f57,1,2026-02-02T18:00:00Z,turbine_2,2026-02-02T22:00:00Z,4,0.7263398593087556,normalized_power,gfs_0p25,2026-02-02T12:00:00Z,wind-power-v1,2026-01-31T18:00:00Z,warning,"[""Uncertainty intervals are not calibrated"", ""Unconfirmed: all source labels use fixed UTC+5 and mark the start of a ten-minute mean; reporting delay is zero and normalization remains unresolved."", ""Source-clock and target normalization semantics remain unconfirmed."", ""Weather availability uses archive-object metadata, not original NOAA publication proof."", ""Forecast target is normalized power; no conversion to MW/MWh is justified.""]"
1.0,5f00321a3fa2ae3c24678f57,1,2026-02-02T18:00:00Z,turbine_2,2026-02-02T23:00:00Z,5,0.627896112168148,normalized_power,gfs_0p25,2026-02-02T12:00:00Z,wind-power-v1,2026-01-31T18:00:00Z,warning,"[""Uncertainty intervals are not calibrated"", ""Unconfirmed: all source labels use fixed UTC+5 and mark the start of a ten-minute mean; reporting delay is zero and normalization remains unresolved."", ""Source-clock and target normalization semantics remain unconfirmed."", ""Weather availability uses archive-object metadata, not original NOAA publication proof."", ""Forecast target is normalized power; no conversion to MW/MWh is justified.""]"
1.0,5f00321a3fa2ae3c24678f57,1,2026-02-02T18:00:00Z,turbine_2,2026-02-03T00:00:00Z,6,0.4293161936700377,normalized_power,gfs_0p25,2026-02-02T12:00:00Z,wind-power-v1,2026-01-31T18:00:00Z,warning,"[""Uncertainty intervals are not calibrated"", ""Unconfirmed: all source labels use fixed UTC+5 and mark the start of a ten-minute mean; reporting delay is zero and normalization remains unresolved."", ""Source-clock and target normalization semantics remain unconfirmed."", ""Weather availability uses archive-object metadata, not original NOAA publication proof."", ""Forecast target is normalized power; no conversion to MW/MWh is justified.""]"
1.0,5f00321a3fa2ae3c24678f57,1,2026-02-02T18:00:00Z,turbine_2,2026-02-03T01:00:00Z,7,0.2801583707291167,normalized_power,gfs_0p25,2026-02-02T12:00:00Z,wind-power-v1,2026-01-31T18:00:00Z,warning,"[""Uncertainty intervals are not calibrated"", ""Unconfirmed: all source labels use fixed UTC+5 and mark the start of a ten-minute mean; reporting delay is zero and normalization remains unresolved."", ""Source-clock and target normalization semantics remain unconfirmed."", ""Weather availability uses archive-object metadata, not original NOAA publication proof."", ""Forecast target is normalized power; no conversion to MW/MWh is justified.""]"
1.0,5f00321a3fa2ae3c24678f57,1,2026-02-02T18:00:00Z,turbine_2,2026-02-03T02:00:00Z,8,0.20107960292637395,normalized_power,gfs_0p25,2026-02-02T12:00:00Z,wind-power-v1,2026-01-31T18:00:00Z,warning,"[""Uncertainty intervals are not calibrated"", ""Unconfirmed: all source labels use fixed UTC+5 and mark the start of a ten-minute mean; reporting delay is zero and normalization remains unresolved."", ""Source-clock and target normalization semantics remain unconfirmed."", ""Weather availability uses archive-object metadata, not original NOAA publication proof."", ""Forecast target is normalized power; no conversion to MW/MWh is justified.""]"
1.0,5f00321a3fa2ae3c24678f57,1,2026-02-02T18:00:00Z,turbine_2,2026-02-03T03:00:00Z,9,0.2563445043423445,normalized_power,gfs_0p25,2026-02-02T12:00:00Z,wind-power-v1,2026-01-31T18:00:00Z,warning,"[""Uncertainty intervals are not calibrated"", ""Unconfirmed: all source labels use fixed UTC+5 and mark the start of a ten-minute mean; reporting delay is zero and normalization remains unresolved."", ""Source-clock and target normalization semantics remain unconfirmed."", ""Weather availability uses archive-object metadata, not original NOAA publication proof."", ""Forecast target is normalized power; no conversion to MW/MWh is justified.""]"
1.0,5f00321a3fa2ae3c24678f57,1,2026-02-02T18:00:00Z,turbine_2,2026-02-03T04:00:00Z,10,0.21074742325459817,normalized_power,gfs_0p25,2026-02-02T12:00:00Z,wind-power-v1,2026-01-31T18:00:00Z,warning,"[""Uncertainty intervals are not calibrated"", ""Unconfirmed: all source labels use fixed UTC+5 and mark the start of a ten-minute mean; reporting delay is zero and normalization remains unresolved."", ""Source-clock and target normalization semantics remain unconfirmed."", ""Weather availability uses archive-object metadata, not original NOAA publication proof."", ""Forecast target is normalized power; no conversion to MW/MWh is justified.""]"
1.0,5f00321a3fa2ae3c24678f57,1,2026-02-02T18:00:00Z,turbine_2,2026-02-03T05:00:00Z,11,0.2689471450034764,normalized_power,gfs_0p25,2026-02-02T12:00:00Z,wind-power-v1,2026-01-31T18:00:00Z,warning,"[""Uncertainty intervals are not calibrated"", ""Unconfirmed: all source labels use fixed UTC+5 and mark the start of a ten-minute mean; reporting delay is zero and normalization remains unresolved."", ""Source-clock and target normalization semantics remain unconfirmed."", ""Weather availability uses archive-object metadata, not original NOAA publication proof."", ""Forecast target is normalized power; no conversion to MW/MWh is justified.""]"
1.0,5f00321a3fa2ae3c24678f57,1,2026-02-02T18:00:00Z,turbine_2,2026-02-03T06:00:00Z,12,0.2980121139163372,normalized_power,gfs_0p25,2026-02-02T12:00:00Z,wind-power-v1,2026-01-31T18:00:00Z,warning,"[""Uncertainty intervals are not calibrated"", ""Unconfirmed: all source labels use fixed UTC+5 and mark the start of a ten-minute mean; reporting delay is zero and normalization remains unresolved."", ""Source-clock and target normalization semantics remain unconfirmed."", ""Weather availability uses archive-object metadata, not original NOAA publication proof."", ""Forecast target is normalized power; no conversion to MW/MWh is justified.""]"
1.0,5f00321a3fa2ae3c24678f57,1,2026-02-02T18:00:00Z,turbine_2,2026-02-03T07:00:00Z,13,0.3763021745342509,normalized_power,gfs_0p25,2026-02-02T12:00:00Z,wind-power-v1,2026-01-31T18:00:00Z,warning,"[""Uncertainty intervals are not calibrated"", ""Unconfirmed: all source labels use fixed UTC+5 and mark the start of a ten-minute mean; reporting delay is zero and normalization remains unresolved."", ""Source-clock and target normalization semantics remain unconfirmed."", ""Weather availability uses archive-object metadata, not original NOAA publication proof."", ""Forecast target is normalized power; no conversion to MW/MWh is justified.""]"
1.0,5f00321a3fa2ae3c24678f57,1,2026-02-02T18:00:00Z,turbine_2,2026-02-03T08:00:00Z,14,0.05830000230006098,normalized_power,gfs_0p25,2026-02-02T12:00:00Z,wind-power-v1,2026-01-31T18:00:00Z,warning,"[""Uncertainty intervals are not calibrated"", ""Unconfirmed: all source labels use fixed UTC+5 and mark the start of a ten-minute mean; reporting delay is zero and normalization remains unresolved."", ""Source-clock and target normalization semantics remain unconfirmed."", ""Weather availability uses archive-object metadata, not original NOAA publication proof."", ""Forecast target is normalized power; no conversion to MW/MWh is justified.""]"
1.0,5f00321a3fa2ae3c24678f57,1,2026-02-02T18:00:00Z,turbine_2,2026-02-03T09:00:00Z,15,0.02560559946969337,normalized_power,gfs_0p25,2026-02-02T12:00:00Z,wind-power-v1,2026-01-31T18:00:00Z,warning,"[""Uncertainty intervals are not calibrated"", ""Unconfirmed: all source labels use fixed UTC+5 and mark the start of a ten-minute mean; reporting delay is zero and normalization remains unresolved."", ""Source-clock and target normalization semantics remain unconfirmed."", ""Weather availability uses archive-object metadata, not original NOAA publication proof."", ""Forecast target is normalized power; no conversion to MW/MWh is justified.""]"
1.0,5f00321a3fa2ae3c24678f57,1,2026-02-02T18:00:00Z,turbine_2,2026-02-03T10:00:00Z,16,0.026890060004990404,normalized_power,gfs_0p25,2026-02-02T12:00:00Z,wind-power-v1,2026-01-31T18:00:00Z,warning,"[""Uncertainty intervals are not calibrated"", ""Unconfirmed: all source labels use fixed UTC+5 and mark the start of a ten-minute mean; reporting delay is zero and normalization remains unresolved."", ""Source-clock and target normalization semantics remain unconfirmed."", ""Weather availability uses archive-object metadata, not original NOAA publication proof."", ""Forecast target is normalized power; no conversion to MW/MWh is justified.""]"
1.0,5f00321a3fa2ae3c24678f57,1,2026-02-02T18:00:00Z,turbine_2,2026-02-03T11:00:00Z,17,0.05373364640914738,normalized_power,gfs_0p25,2026-02-02T12:00:00Z,wind-power-v1,2026-01-31T18:00:00Z,warning,"[""Uncertainty intervals are not calibrated"", ""Unconfirmed: all source labels use fixed UTC+5 and mark the start of a ten-minute mean; reporting delay is zero and normalization remains unresolved."", ""Source-clock and target normalization semantics remain unconfirmed."", ""Weather availability uses archive-object metadata, not original NOAA publication proof."", ""Forecast target is normalized power; no conversion to MW/MWh is justified.""]"
1.0,5f00321a3fa2ae3c24678f57,1,2026-02-02T18:00:00Z,turbine_2,2026-02-03T12:00:00Z,18,0.10782673482001078,normalized_power,gfs_0p25,2026-02-02T12:00:00Z,wind-power-v1,2026-01-31T18:00:00Z,warning,"[""Uncertainty intervals are not calibrated"", ""Unconfirmed: all source labels use fixed UTC+5 and mark the start of a ten-minute mean; reporting delay is zero and normalization remains unresolved."", ""Source-clock and target normalization semantics remain unconfirmed."", ""Weather availability uses archive-object metadata, not original NOAA publication proof."", ""Forecast target is normalized power; no conversion to MW/MWh is justified.""]"
1.0,5f00321a3fa2ae3c24678f57,1,2026-02-02T18:00:00Z,turbine_2,2026-02-03T13:00:00Z,19,0.40517516074579946,normalized_power,gfs_0p25,2026-02-02T12:00:00Z,wind-power-v1,2026-01-31T18:00:00Z,warning,"[""Uncertainty intervals are not calibrated"", ""Unconfirmed: all source labels use fixed UTC+5 and mark the start of a ten-minute mean; reporting delay is zero and normalization remains unresolved."", ""Source-clock and target normalization semantics remain unconfirmed."", ""Weather availability uses archive-object metadata, not original NOAA publication proof."", ""Forecast target is normalized power; no conversion to MW/MWh is justified.""]"
1.0,5f00321a3fa2ae3c24678f57,1,2026-02-02T18:00:00Z,turbine_2,2026-02-03T14:00:00Z,20,0.3934117805868291,normalized_power,gfs_0p25,2026-02-02T12:00:00Z,wind-power-v1,2026-01-31T18:00:00Z,warning,"[""Uncertainty intervals are not calibrated"", ""Unconfirmed: all source labels use fixed UTC+5 and mark the start of a ten-minute mean; reporting delay is zero and normalization remains unresolved."", ""Source-clock and target normalization semantics remain unconfirmed."", ""Weather availability uses archive-object metadata, not original NOAA publication proof."", ""Forecast target is normalized power; no conversion to MW/MWh is justified.""]"
1.0,5f00321a3fa2ae3c24678f57,1,2026-02-02T18:00:00Z,turbine_2,2026-02-03T15:00:00Z,21,0.3466186791468385,normalized_power,gfs_0p25,2026-02-02T12:00:00Z,wind-power-v1,2026-01-31T18:00:00Z,warning,"[""Uncertainty intervals are not calibrated"", ""Unconfirmed: all source labels use fixed UTC+5 and mark the start of a ten-minute mean; reporting delay is zero and normalization remains unresolved."", ""Source-clock and target normalization semantics remain unconfirmed."", ""Weather availability uses archive-object metadata, not original NOAA publication proof."", ""Forecast target is normalized power; no conversion to MW/MWh is justified.""]"
1.0,5f00321a3fa2ae3c24678f57,1,2026-02-02T18:00:00Z,turbine_2,2026-02-03T16:00:00Z,22,0.3351762243009049,normalized_power,gfs_0p25,2026-02-02T12:00:00Z,wind-power-v1,2026-01-31T18:00:00Z,warning,"[""Uncertainty intervals are not calibrated"", ""Unconfirmed: all source labels use fixed UTC+5 and mark the start of a ten-minute mean; reporting delay is zero and normalization remains unresolved."", ""Source-clock and target normalization semantics remain unconfirmed."", ""Weather availability uses archive-object metadata, not original NOAA publication proof."", ""Forecast target is normalized power; no conversion to MW/MWh is justified.""]"
1.0,5f00321a3fa2ae3c24678f57,1,2026-02-02T18:00:00Z,turbine_2,2026-02-03T17:00:00Z,23,0.34305553594128735,normalized_power,gfs_0p25,2026-02-02T12:00:00Z,wind-power-v1,2026-01-31T18:00:00Z,warning,"[""Uncertainty intervals are not calibrated"", ""Unconfirmed: all source labels use fixed UTC+5 and mark the start of a ten-minute mean; reporting delay is zero and normalization remains unresolved."", ""Source-clock and target normalization semantics remain unconfirmed."", ""Weather availability uses archive-object metadata, not original NOAA publication proof."", ""Forecast target is normalized power; no conversion to MW/MWh is justified.""]"
1.0,5f00321a3fa2ae3c24678f57,1,2026-02-02T18:00:00Z,turbine_2,2026-02-03T18:00:00Z,24,0.39111827223559853,normalized_power,gfs_0p25,2026-02-02T12:00:00Z,wind-power-v1,2026-01-31T18:00:00Z,warning,"[""Uncertainty intervals are not calibrated"", ""Unconfirmed: all source labels use fixed UTC+5 and mark the start of a ten-minute mean; reporting delay is zero and normalization remains unresolved."", ""Source-clock and target normalization semantics remain unconfirmed."", ""Weather availability uses archive-object metadata, not original NOAA publication proof."", ""Forecast target is normalized power; no conversion to MW/MWh is justified.""]"
1.0,2894cd1ac880434acb439edd,1,2026-02-03T18:00:00Z,turbine_2,2026-02-03T19:00:00Z,1,0.22918122911253963,normalized_power,gfs_0p25,2026-02-03T12:00:00Z,wind-power-v1,2026-01-31T18:00:00Z,warning,"[""Uncertainty intervals are not calibrated"", ""Unconfirmed: all source labels use fixed UTC+5 and mark the start of a ten-minute mean; reporting delay is zero and normalization remains unresolved."", ""Source-clock and target normalization semantics remain unconfirmed."", ""Weather availability uses archive-object metadata, not original NOAA publication proof."", ""Forecast target is normalized power; no conversion to MW/MWh is justified.""]"
1.0,2894cd1ac880434acb439edd,1,2026-02-03T18:00:00Z,turbine_2,2026-02-03T20:00:00Z,2,0.3461023455483123,normalized_power,gfs_0p25,2026-02-03T12:00:00Z,wind-power-v1,2026-01-31T18:00:00Z,warning,"[""Uncertainty intervals are not calibrated"", ""Unconfirmed: all source labels use fixed UTC+5 and mark the start of a ten-minute mean; reporting delay is zero and normalization remains unresolved."", ""Source-clock and target normalization semantics remain unconfirmed."", ""Weather availability uses archive-object metadata, not original NOAA publication proof."", ""Forecast target is normalized power; no conversion to MW/MWh is justified.""]"
1.0,2894cd1ac880434acb439edd,1,2026-02-03T18:00:00Z,turbine_2,2026-02-03T21:00:00Z,3,0.3461023455483123,normalized_power,gfs_0p25,2026-02-03T12:00:00Z,wind-power-v1,2026-01-31T18:00:00Z,warning,"[""Uncertainty intervals are not calibrated"", ""Unconfirmed: all source labels use fixed UTC+5 and mark the start of a ten-minute mean; reporting delay is zero and normalization remains unresolved."", ""Source-clock and target normalization semantics remain unconfirmed."", ""Weather availability uses archive-object metadata, not original NOAA publication proof."", ""Forecast target is normalized power; no conversion to MW/MWh is justified.""]"
1.0,2894cd1ac880434acb439edd,1,2026-02-03T18:00:00Z,turbine_2,2026-02-03T22:00:00Z,4,0.17563314840165417,normalized_power,gfs_0p25,2026-02-03T12:00:00Z,wind-power-v1,2026-01-31T18:00:00Z,warning,"[""Uncertainty intervals are not calibrated"", ""Unconfirmed: all source labels use fixed UTC+5 and mark the start of a ten-minute mean; reporting delay is zero and normalization remains unresolved."", ""Source-clock and target normalization semantics remain unconfirmed."", ""Weather availability uses archive-object metadata, not original NOAA publication proof."", ""Forecast target is normalized power; no conversion to MW/MWh is justified.""]"
1.0,2894cd1ac880434acb439edd,1,2026-02-03T18:00:00Z,turbine_2,2026-02-03T23:00:00Z,5,0.3461023455483123,normalized_power,gfs_0p25,2026-02-03T12:00:00Z,wind-power-v1,2026-01-31T18:00:00Z,warning,"[""Uncertainty intervals are not calibrated"", ""Unconfirmed: all source labels use fixed UTC+5 and mark the start of a ten-minute mean; reporting delay is zero and normalization remains unresolved."", ""Source-clock and target normalization semantics remain unconfirmed."", ""Weather availability uses archive-object metadata, not original NOAA publication proof."", ""Forecast target is normalized power; no conversion to MW/MWh is justified.""]"
1.0,2894cd1ac880434acb439edd,1,2026-02-03T18:00:00Z,turbine_2,2026-02-04T00:00:00Z,6,0.37068341124256304,normalized_power,gfs_0p25,2026-02-03T12:00:00Z,wind-power-v1,2026-01-31T18:00:00Z,warning,"[""Uncertainty intervals are not calibrated"", ""Unconfirmed: all source labels use fixed UTC+5 and mark the start of a ten-minute mean; reporting delay is zero and normalization remains unresolved."", ""Source-clock and target normalization semantics remain unconfirmed."", ""Weather availability uses archive-object metadata, not original NOAA publication proof."", ""Forecast target is normalized power; no conversion to MW/MWh is justified.""]"
1.0,2894cd1ac880434acb439edd,1,2026-02-03T18:00:00Z,turbine_2,2026-02-04T01:00:00Z,7,0.3422521228553639,normalized_power,gfs_0p25,2026-02-03T12:00:00Z,wind-power-v1,2026-01-31T18:00:00Z,warning,"[""Uncertainty intervals are not calibrated"", ""Unconfirmed: all source labels use fixed UTC+5 and mark the start of a ten-minute mean; reporting delay is zero and normalization remains unresolved."", ""Source-clock and target normalization semantics remain unconfirmed."", ""Weather availability uses archive-object metadata, not original NOAA publication proof."", ""Forecast target is normalized power; no conversion to MW/MWh is justified.""]"
1.0,2894cd1ac880434acb439edd,1,2026-02-03T18:00:00Z,turbine_2,2026-02-04T02:00:00Z,8,0.30809357709760754,normalized_power,gfs_0p25,2026-02-03T12:00:00Z,wind-power-v1,2026-01-31T18:00:00Z,warning,"[""Uncertainty intervals are not calibrated"", ""Unconfirmed: all source labels use fixed UTC+5 and mark the start of a ten-minute mean; reporting delay is zero and normalization remains unresolved."", ""Source-clock and target normalization semantics remain unconfirmed."", ""Weather availability uses archive-object metadata, not original NOAA publication proof."", ""Forecast target is normalized power; no conversion to MW/MWh is justified.""]"
1.0,2894cd1ac880434acb439edd,1,2026-02-03T18:00:00Z,turbine_2,2026-02-04T03:00:00Z,9,0.20737188673105827,normalized_power,gfs_0p25,2026-02-03T12:00:00Z,wind-power-v1,2026-01-31T18:00:00Z,warning,"[""Uncertainty intervals are not calibrated"", ""Unconfirmed: all source labels use fixed UTC+5 and mark the start of a ten-minute mean; reporting delay is zero and normalization remains unresolved."", ""Source-clock and target normalization semantics remain unconfirmed."", ""Weather availability uses archive-object metadata, not original NOAA publication proof."", ""Forecast target is normalized power; no conversion to MW/MWh is justified.""]"
1.0,2894cd1ac880434acb439edd,1,2026-02-03T18:00:00Z,turbine_2,2026-02-04T04:00:00Z,10,0.24303213087258385,normalized_power,gfs_0p25,2026-02-03T12:00:00Z,wind-power-v1,2026-01-31T18:00:00Z,warning,"[""Uncertainty intervals are not calibrated"", ""Unconfirmed: all source labels use fixed UTC+5 and mark the start of a ten-minute mean; reporting delay is zero and normalization remains unresolved."", ""Source-clock and target normalization semantics remain unconfirmed."", ""Weather availability uses archive-object metadata, not original NOAA publication proof."", ""Forecast target is normalized power; no conversion to MW/MWh is justified.""]"
1.0,2894cd1ac880434acb439edd,1,2026-02-03T18:00:00Z,turbine_2,2026-02-04T05:00:00Z,11,0.24728030220262126,normalized_power,gfs_0p25,2026-02-03T12:00:00Z,wind-power-v1,2026-01-31T18:00:00Z,warning,"[""Uncertainty intervals are not calibrated"", ""Unconfirmed: all source labels use fixed UTC+5 and mark the start of a ten-minute mean; reporting delay is zero and normalization remains unresolved."", ""Source-clock and target normalization semantics remain unconfirmed."", ""Weather availability uses archive-object metadata, not original NOAA publication proof."", ""Forecast target is normalized power; no conversion to MW/MWh is justified.""]"
1.0,2894cd1ac880434acb439edd,1,2026-02-03T18:00:00Z,turbine_2,2026-02-04T06:00:00Z,12,0.28222632006457704,normalized_power,gfs_0p25,2026-02-03T12:00:00Z,wind-power-v1,2026-01-31T18:00:00Z,warning,"[""Uncertainty intervals are not calibrated"", ""Unconfirmed: all source labels use fixed UTC+5 and mark the start of a ten-minute mean; reporting delay is zero and normalization remains unresolved."", ""Source-clock and target normalization semantics remain unconfirmed."", ""Weather availability uses archive-object metadata, not original NOAA publication proof."", ""Forecast target is normalized power; no conversion to MW/MWh is justified.""]"
1.0,2894cd1ac880434acb439edd,1,2026-02-03T18:00:00Z,turbine_2,2026-02-04T07:00:00Z,13,0.21795174330339898,normalized_power,gfs_0p25,2026-02-03T12:00:00Z,wind-power-v1,2026-01-31T18:00:00Z,warning,"[""Uncertainty intervals are not calibrated"", ""Unconfirmed: all source labels use fixed UTC+5 and mark the start of a ten-minute mean; reporting delay is zero and normalization remains unresolved."", ""Source-clock and target normalization semantics remain unconfirmed."", ""Weather availability uses archive-object metadata, not original NOAA publication proof."", ""Forecast target is normalized power; no conversion to MW/MWh is justified.""]"
1.0,2894cd1ac880434acb439edd,1,2026-02-03T18:00:00Z,turbine_2,2026-02-04T08:00:00Z,14,0.08064833920919433,normalized_power,gfs_0p25,2026-02-03T12:00:00Z,wind-power-v1,2026-01-31T18:00:00Z,warning,"[""Uncertainty intervals are not calibrated"", ""Unconfirmed: all source labels use fixed UTC+5 and mark the start of a ten-minute mean; reporting delay is zero and normalization remains unresolved."", ""Source-clock and target normalization semantics remain unconfirmed."", ""Weather availability uses archive-object metadata, not original NOAA publication proof."", ""Forecast target is normalized power; no conversion to MW/MWh is justified.""]"
1.0,2894cd1ac880434acb439edd,1,2026-02-03T18:00:00Z,turbine_2,2026-02-04T09:00:00Z,15,0.029801930673851517,normalized_power,gfs_0p25,2026-02-03T12:00:00Z,wind-power-v1,2026-01-31T18:00:00Z,warning,"[""Uncertainty intervals are not calibrated"", ""Unconfirmed: all source labels use fixed UTC+5 and mark the start of a ten-minute mean; reporting delay is zero and normalization remains unresolved."", ""Source-clock and target normalization semantics remain unconfirmed."", ""Weather availability uses archive-object metadata, not original NOAA publication proof."", ""Forecast target is normalized power; no conversion to MW/MWh is justified.""]"
1.0,2894cd1ac880434acb439edd,1,2026-02-03T18:00:00Z,turbine_2,2026-02-04T10:00:00Z,16,0.034022754589969305,normalized_power,gfs_0p25,2026-02-03T12:00:00Z,wind-power-v1,2026-01-31T18:00:00Z,warning,"[""Uncertainty intervals are not calibrated"", ""Unconfirmed: all source labels use fixed UTC+5 and mark the start of a ten-minute mean; reporting delay is zero and normalization remains unresolved."", ""Source-clock and target normalization semantics remain unconfirmed."", ""Weather availability uses archive-object metadata, not original NOAA publication proof."", ""Forecast target is normalized power; no conversion to MW/MWh is justified.""]"
1.0,2894cd1ac880434acb439edd,1,2026-02-03T18:00:00Z,turbine_2,2026-02-04T11:00:00Z,17,0.015098209578540876,normalized_power,gfs_0p25,2026-02-03T12:00:00Z,wind-power-v1,2026-01-31T18:00:00Z,warning,"[""Uncertainty intervals are not calibrated"", ""Unconfirmed: all source labels use fixed UTC+5 and mark the start of a ten-minute mean; reporting delay is zero and normalization remains unresolved."", ""Source-clock and target normalization semantics remain unconfirmed."", ""Weather availability uses archive-object metadata, not original NOAA publication proof."", ""Forecast target is normalized power; no conversion to MW/MWh is justified.""]"
1.0,2894cd1ac880434acb439edd,1,2026-02-03T18:00:00Z,turbine_2,2026-02-04T12:00:00Z,18,0.2562620826337528,normalized_power,gfs_0p25,2026-02-03T12:00:00Z,wind-power-v1,2026-01-31T18:00:00Z,warning,"[""Uncertainty intervals are not calibrated"", ""Unconfirmed: all source labels use fixed UTC+5 and mark the start of a ten-minute mean; reporting delay is zero and normalization remains unresolved."", ""Source-clock and target normalization semantics remain unconfirmed."", ""Weather availability uses archive-object metadata, not original NOAA publication proof."", ""Forecast target is normalized power; no conversion to MW/MWh is justified.""]"
1.0,2894cd1ac880434acb439edd,1,2026-02-03T18:00:00Z,turbine_2,2026-02-04T13:00:00Z,19,0.4420268487753738,normalized_power,gfs_0p25,2026-02-03T12:00:00Z,wind-power-v1,2026-01-31T18:00:00Z,warning,"[""Uncertainty intervals are not calibrated"", ""Unconfirmed: all source labels use fixed UTC+5 and mark the start of a ten-minute mean; reporting delay is zero and normalization remains unresolved."", ""Source-clock and target normalization semantics remain unconfirmed."", ""Weather availability uses archive-object metadata, not original NOAA publication proof."", ""Forecast target is normalized power; no conversion to MW/MWh is justified.""]"
1.0,2894cd1ac880434acb439edd,1,2026-02-03T18:00:00Z,turbine_2,2026-02-04T14:00:00Z,20,0.44716253276722145,normalized_power,gfs_0p25,2026-02-03T12:00:00Z,wind-power-v1,2026-01-31T18:00:00Z,warning,"[""Uncertainty intervals are not calibrated"", ""Unconfirmed: all source labels use fixed UTC+5 and mark the start of a ten-minute mean; reporting delay is zero and normalization remains unresolved."", ""Source-clock and target normalization semantics remain unconfirmed."", ""Weather availability uses archive-object metadata, not original NOAA publication proof."", ""Forecast target is normalized power; no conversion to MW/MWh is justified.""]"
1.0,2894cd1ac880434acb439edd,1,2026-02-03T18:00:00Z,turbine_2,2026-02-04T15:00:00Z,21,0.4871146310297511,normalized_power,gfs_0p25,2026-02-03T12:00:00Z,wind-power-v1,2026-01-31T18:00:00Z,warning,"[""Uncertainty intervals are not calibrated"", ""Unconfirmed: all source labels use fixed UTC+5 and mark the start of a ten-minute mean; reporting delay is zero and normalization remains unresolved."", ""Source-clock and target normalization semantics remain unconfirmed."", ""Weather availability uses archive-object metadata, not original NOAA publication proof."", ""Forecast target is normalized power; no conversion to MW/MWh is justified.""]"
1.0,2894cd1ac880434acb439edd,1,2026-02-03T18:00:00Z,turbine_2,2026-02-04T16:00:00Z,22,0.6596053484060334,normalized_power,gfs_0p25,2026-02-03T12:00:00Z,wind-power-v1,2026-01-31T18:00:00Z,warning,"[""Uncertainty intervals are not calibrated"", ""Unconfirmed: all source labels use fixed UTC+5 and mark the start of a ten-minute mean; reporting delay is zero and normalization remains unresolved."", ""Source-clock and target normalization semantics remain unconfirmed."", ""Weather availability uses archive-object metadata, not original NOAA publication proof."", ""Forecast target is normalized power; no conversion to MW/MWh is justified.""]"
1.0,2894cd1ac880434acb439edd,1,2026-02-03T18:00:00Z,turbine_2,2026-02-04T17:00:00Z,23,0.6717872807779471,normalized_power,gfs_0p25,2026-02-03T12:00:00Z,wind-power-v1,2026-01-31T18:00:00Z,warning,"[""Uncertainty intervals are not calibrated"", ""Unconfirmed: all source labels use fixed UTC+5 and mark the start of a ten-minute mean; reporting delay is zero and normalization remains unresolved."", ""Source-clock and target normalization semantics remain unconfirmed."", ""Weather availability uses archive-object metadata, not original NOAA publication proof."", ""Forecast target is normalized power; no conversion to MW/MWh is justified.""]"
1.0,2894cd1ac880434acb439edd,1,2026-02-03T18:00:00Z,turbine_2,2026-02-04T18:00:00Z,24,0.8056408464551292,normalized_power,gfs_0p25,2026-02-03T12:00:00Z,wind-power-v1,2026-01-31T18:00:00Z,warning,"[""Uncertainty intervals are not calibrated"", ""Unconfirmed: all source labels use fixed UTC+5 and mark the start of a ten-minute mean; reporting delay is zero and normalization remains unresolved."", ""Source-clock and target normalization semantics remain unconfirmed."", ""Weather availability uses archive-object metadata, not original NOAA publication proof."", ""Forecast target is normalized power; no conversion to MW/MWh is justified.""]"
1.0,ce2082f89b5e78df11593109,1,2026-02-04T18:00:00Z,turbine_2,2026-02-04T19:00:00Z,1,0.7234651736165801,normalized_power,gfs_0p25,2026-02-04T12:00:00Z,wind-power-v1,2026-01-31T18:00:00Z,warning,"[""Uncertainty intervals are not calibrated"", ""Unconfirmed: all source labels use fixed UTC+5 and mark the start of a ten-minute mean; reporting delay is zero and normalization remains unresolved."", ""Source-clock and target normalization semantics remain unconfirmed."", ""Weather availability uses archive-object metadata, not original NOAA publication proof."", ""Forecast target is normalized power; no conversion to MW/MWh is justified.""]"
1.0,ce2082f89b5e78df11593109,1,2026-02-04T18:00:00Z,turbine_2,2026-02-04T20:00:00Z,2,0.8071029040446533,normalized_power,gfs_0p25,2026-02-04T12:00:00Z,wind-power-v1,2026-01-31T18:00:00Z,warning,"[""Uncertainty intervals are not calibrated"", ""Unconfirmed: all source labels use fixed UTC+5 and mark the start of a ten-minute mean; reporting delay is zero and normalization remains unresolved."", ""Source-clock and target normalization semantics remain unconfirmed."", ""Weather availability uses archive-object metadata, not original NOAA publication proof."", ""Forecast target is normalized power; no conversion to MW/MWh is justified.""]"
1.0,ce2082f89b5e78df11593109,1,2026-02-04T18:00:00Z,turbine_2,2026-02-04T21:00:00Z,3,0.9551457910203208,normalized_power,gfs_0p25,2026-02-04T12:00:00Z,wind-power-v1,2026-01-31T18:00:00Z,warning,"[""Uncertainty intervals are not calibrated"", ""Unconfirmed: all source labels use fixed UTC+5 and mark the start of a ten-minute mean; reporting delay is zero and normalization remains unresolved."", ""Source-clock and target normalization semantics remain unconfirmed."", ""Weather availability uses archive-object metadata, not original NOAA publication proof."", ""Forecast target is normalized power; no conversion to MW/MWh is justified.""]"
1.0,ce2082f89b5e78df11593109,1,2026-02-04T18:00:00Z,turbine_2,2026-02-04T22:00:00Z,4,0.9714543396425586,normalized_power,gfs_0p25,2026-02-04T12:00:00Z,wind-power-v1,2026-01-31T18:00:00Z,warning,"[""Uncertainty intervals are not calibrated"", ""Unconfirmed: all source labels use fixed UTC+5 and mark the start of a ten-minute mean; reporting delay is zero and normalization remains unresolved."", ""Source-clock and target normalization semantics remain unconfirmed."", ""Weather availability uses archive-object metadata, not original NOAA publication proof."", ""Forecast target is normalized power; no conversion to MW/MWh is justified.""]"
1.0,ce2082f89b5e78df11593109,1,2026-02-04T18:00:00Z,turbine_2,2026-02-04T23:00:00Z,5,0.9190267116569356,normalized_power,gfs_0p25,2026-02-04T12:00:00Z,wind-power-v1,2026-01-31T18:00:00Z,warning,"[""Uncertainty intervals are not calibrated"", ""Unconfirmed: all source labels use fixed UTC+5 and mark the start of a ten-minute mean; reporting delay is zero and normalization remains unresolved."", ""Source-clock and target normalization semantics remain unconfirmed."", ""Weather availability uses archive-object metadata, not original NOAA publication proof."", ""Forecast target is normalized power; no conversion to MW/MWh is justified.""]"
1.0,ce2082f89b5e78df11593109,1,2026-02-04T18:00:00Z,turbine_2,2026-02-05T00:00:00Z,6,0.9483972817138681,normalized_power,gfs_0p25,2026-02-04T12:00:00Z,wind-power-v1,2026-01-31T18:00:00Z,warning,"[""Uncertainty intervals are not calibrated"", ""Unconfirmed: all source labels use fixed UTC+5 and mark the start of a ten-minute mean; reporting delay is zero and normalization remains unresolved."", ""Source-clock and target normalization semantics remain unconfirmed."", ""Weather availability uses archive-object metadata, not original NOAA publication proof."", ""Forecast target is normalized power; no conversion to MW/MWh is justified.""]"
1.0,ce2082f89b5e78df11593109,1,2026-02-04T18:00:00Z,turbine_2,2026-02-05T01:00:00Z,7,0.9343884513986481,normalized_power,gfs_0p25,2026-02-04T12:00:00Z,wind-power-v1,2026-01-31T18:00:00Z,warning,"[""Uncertainty intervals are not calibrated"", ""Unconfirmed: all source labels use fixed UTC+5 and mark the start of a ten-minute mean; reporting delay is zero and normalization remains unresolved."", ""Source-clock and target normalization semantics remain unconfirmed."", ""Weather availability uses archive-object metadata, not original NOAA publication proof."", ""Forecast target is normalized power; no conversion to MW/MWh is justified.""]"
1.0,ce2082f89b5e78df11593109,1,2026-02-04T18:00:00Z,turbine_2,2026-02-05T02:00:00Z,8,0.9664389238718633,normalized_power,gfs_0p25,2026-02-04T12:00:00Z,wind-power-v1,2026-01-31T18:00:00Z,warning,"[""Uncertainty intervals are not calibrated"", ""Unconfirmed: all source labels use fixed UTC+5 and mark the start of a ten-minute mean; reporting delay is zero and normalization remains unresolved."", ""Source-clock and target normalization semantics remain unconfirmed."", ""Weather availability uses archive-object metadata, not original NOAA publication proof."", ""Forecast target is normalized power; no conversion to MW/MWh is justified.""]"
1.0,ce2082f89b5e78df11593109,1,2026-02-04T18:00:00Z,turbine_2,2026-02-05T03:00:00Z,9,0.979612342248265,normalized_power,gfs_0p25,2026-02-04T12:00:00Z,wind-power-v1,2026-01-31T18:00:00Z,warning,"[""Uncertainty intervals are not calibrated"", ""Unconfirmed: all source labels use fixed UTC+5 and mark the start of a ten-minute mean; reporting delay is zero and normalization remains unresolved."", ""Source-clock and target normalization semantics remain unconfirmed."", ""Weather availability uses archive-object metadata, not original NOAA publication proof."", ""Forecast target is normalized power; no conversion to MW/MWh is justified.""]"
1.0,ce2082f89b5e78df11593109,1,2026-02-04T18:00:00Z,turbine_2,2026-02-05T04:00:00Z,10,0.9612484959706336,normalized_power,gfs_0p25,2026-02-04T12:00:00Z,wind-power-v1,2026-01-31T18:00:00Z,warning,"[""Uncertainty intervals are not calibrated"", ""Unconfirmed: all source labels use fixed UTC+5 and mark the start of a ten-minute mean; reporting delay is zero and normalization remains unresolved."", ""Source-clock and target normalization semantics remain unconfirmed."", ""Weather availability uses archive-object metadata, not original NOAA publication proof."", ""Forecast target is normalized power; no conversion to MW/MWh is justified.""]"
1.0,ce2082f89b5e78df11593109,1,2026-02-04T18:00:00Z,turbine_2,2026-02-05T05:00:00Z,11,0.8849112421059506,normalized_power,gfs_0p25,2026-02-04T12:00:00Z,wind-power-v1,2026-01-31T18:00:00Z,warning,"[""Uncertainty intervals are not calibrated"", ""Unconfirmed: all source labels use fixed UTC+5 and mark the start of a ten-minute mean; reporting delay is zero and normalization remains unresolved."", ""Source-clock and target normalization semantics remain unconfirmed."", ""Weather availability uses archive-object metadata, not original NOAA publication proof."", ""Forecast target is normalized power; no conversion to MW/MWh is justified.""]"
1.0,ce2082f89b5e78df11593109,1,2026-02-04T18:00:00Z,turbine_2,2026-02-05T06:00:00Z,12,0.8216567766015952,normalized_power,gfs_0p25,2026-02-04T12:00:00Z,wind-power-v1,2026-01-31T18:00:00Z,warning,"[""Uncertainty intervals are not calibrated"", ""Unconfirmed: all source labels use fixed UTC+5 and mark the start of a ten-minute mean; reporting delay is zero and normalization remains unresolved."", ""Source-clock and target normalization semantics remain unconfirmed."", ""Weather availability uses archive-object metadata, not original NOAA publication proof."", ""Forecast target is normalized power; no conversion to MW/MWh is justified.""]"
1.0,ce2082f89b5e78df11593109,1,2026-02-04T18:00:00Z,turbine_2,2026-02-05T07:00:00Z,13,0.6792879315201388,normalized_power,gfs_0p25,2026-02-04T12:00:00Z,wind-power-v1,2026-01-31T18:00:00Z,warning,"[""Uncertainty intervals are not calibrated"", ""Unconfirmed: all source labels use fixed UTC+5 and mark the start of a ten-minute mean; reporting delay is zero and normalization remains unresolved."", ""Source-clock and target normalization semantics remain unconfirmed."", ""Weather availability uses archive-object metadata, not original NOAA publication proof."", ""Forecast target is normalized power; no conversion to MW/MWh is justified.""]"
1.0,ce2082f89b5e78df11593109,1,2026-02-04T18:00:00Z,turbine_2,2026-02-05T08:00:00Z,14,0.9168922516674111,normalized_power,gfs_0p25,2026-02-04T12:00:00Z,wind-power-v1,2026-01-31T18:00:00Z,warning,"[""Uncertainty intervals are not calibrated"", ""Unconfirmed: all source labels use fixed UTC+5 and mark the start of a ten-minute mean; reporting delay is zero and normalization remains unresolved."", ""Source-clock and target normalization semantics remain unconfirmed."", ""Weather availability uses archive-object metadata, not original NOAA publication proof."", ""Forecast target is normalized power; no conversion to MW/MWh is justified.""]"
1.0,ce2082f89b5e78df11593109,1,2026-02-04T18:00:00Z,turbine_2,2026-02-05T09:00:00Z,15,0.9265613147554129,normalized_power,gfs_0p25,2026-02-04T12:00:00Z,wind-power-v1,2026-01-31T18:00:00Z,warning,"[""Uncertainty intervals are not calibrated"", ""Unconfirmed: all source labels use fixed UTC+5 and mark the start of a ten-minute mean; reporting delay is zero and normalization remains unresolved."", ""Source-clock and target normalization semantics remain unconfirmed."", ""Weather availability uses archive-object metadata, not original NOAA publication proof."", ""Forecast target is normalized power; no conversion to MW/MWh is justified.""]"
1.0,ce2082f89b5e78df11593109,1,2026-02-04T18:00:00Z,turbine_2,2026-02-05T10:00:00Z,16,0.8907862206739035,normalized_power,gfs_0p25,2026-02-04T12:00:00Z,wind-power-v1,2026-01-31T18:00:00Z,warning,"[""Uncertainty intervals are not calibrated"", ""Unconfirmed: all source labels use fixed UTC+5 and mark the start of a ten-minute mean; reporting delay is zero and normalization remains unresolved."", ""Source-clock and target normalization semantics remain unconfirmed."", ""Weather availability uses archive-object metadata, not original NOAA publication proof."", ""Forecast target is normalized power; no conversion to MW/MWh is justified.""]"
1.0,ce2082f89b5e78df11593109,1,2026-02-04T18:00:00Z,turbine_2,2026-02-05T11:00:00Z,17,0.45502424206995995,normalized_power,gfs_0p25,2026-02-04T12:00:00Z,wind-power-v1,2026-01-31T18:00:00Z,warning,"[""Uncertainty intervals are not calibrated"", ""Unconfirmed: all source labels use fixed UTC+5 and mark the start of a ten-minute mean; reporting delay is zero and normalization remains unresolved."", ""Source-clock and target normalization semantics remain unconfirmed."", ""Weather availability uses archive-object metadata, not original NOAA publication proof."", ""Forecast target is normalized power; no conversion to MW/MWh is justified.""]"
1.0,ce2082f89b5e78df11593109,1,2026-02-04T18:00:00Z,turbine_2,2026-02-05T12:00:00Z,18,0.619982331656929,normalized_power,gfs_0p25,2026-02-04T12:00:00Z,wind-power-v1,2026-01-31T18:00:00Z,warning,"[""Uncertainty intervals are not calibrated"", ""Unconfirmed: all source labels use fixed UTC+5 and mark the start of a ten-minute mean; reporting delay is zero and normalization remains unresolved."", ""Source-clock and target normalization semantics remain unconfirmed."", ""Weather availability uses archive-object metadata, not original NOAA publication proof."", ""Forecast target is normalized power; no conversion to MW/MWh is justified.""]"
1.0,ce2082f89b5e78df11593109,1,2026-02-04T18:00:00Z,turbine_2,2026-02-05T13:00:00Z,19,0.6863599493314769,normalized_power,gfs_0p25,2026-02-04T12:00:00Z,wind-power-v1,2026-01-31T18:00:00Z,warning,"[""Uncertainty intervals are not calibrated"", ""Unconfirmed: all source labels use fixed UTC+5 and mark the start of a ten-minute mean; reporting delay is zero and normalization remains unresolved."", ""Source-clock and target normalization semantics remain unconfirmed."", ""Weather availability uses archive-object metadata, not original NOAA publication proof."", ""Forecast target is normalized power; no conversion to MW/MWh is justified.""]"
1.0,ce2082f89b5e78df11593109,1,2026-02-04T18:00:00Z,turbine_2,2026-02-05T14:00:00Z,20,0.5299482029038249,normalized_power,gfs_0p25,2026-02-04T12:00:00Z,wind-power-v1,2026-01-31T18:00:00Z,warning,"[""Uncertainty intervals are not calibrated"", ""Unconfirmed: all source labels use fixed UTC+5 and mark the start of a ten-minute mean; reporting delay is zero and normalization remains unresolved."", ""Source-clock and target normalization semantics remain unconfirmed."", ""Weather availability uses archive-object metadata, not original NOAA publication proof."", ""Forecast target is normalized power; no conversion to MW/MWh is justified.""]"
1.0,ce2082f89b5e78df11593109,1,2026-02-04T18:00:00Z,turbine_2,2026-02-05T15:00:00Z,21,0.688178462810135,normalized_power,gfs_0p25,2026-02-04T12:00:00Z,wind-power-v1,2026-01-31T18:00:00Z,warning,"[""Uncertainty intervals are not calibrated"", ""Unconfirmed: all source labels use fixed UTC+5 and mark the start of a ten-minute mean; reporting delay is zero and normalization remains unresolved."", ""Source-clock and target normalization semantics remain unconfirmed."", ""Weather availability uses archive-object metadata, not original NOAA publication proof."", ""Forecast target is normalized power; no conversion to MW/MWh is justified.""]"
1.0,ce2082f89b5e78df11593109,1,2026-02-04T18:00:00Z,turbine_2,2026-02-05T16:00:00Z,22,0.6717557897932327,normalized_power,gfs_0p25,2026-02-04T12:00:00Z,wind-power-v1,2026-01-31T18:00:00Z,warning,"[""Uncertainty intervals are not calibrated"", ""Unconfirmed: all source labels use fixed UTC+5 and mark the start of a ten-minute mean; reporting delay is zero and normalization remains unresolved."", ""Source-clock and target normalization semantics remain unconfirmed."", ""Weather availability uses archive-object metadata, not original NOAA publication proof."", ""Forecast target is normalized power; no conversion to MW/MWh is justified.""]"
1.0,ce2082f89b5e78df11593109,1,2026-02-04T18:00:00Z,turbine_2,2026-02-05T17:00:00Z,23,0.6612944359067688,normalized_power,gfs_0p25,2026-02-04T12:00:00Z,wind-power-v1,2026-01-31T18:00:00Z,warning,"[""Uncertainty intervals are not calibrated"", ""Unconfirmed: all source labels use fixed UTC+5 and mark the start of a ten-minute mean; reporting delay is zero and normalization remains unresolved."", ""Source-clock and target normalization semantics remain unconfirmed."", ""Weather availability uses archive-object metadata, not original NOAA publication proof."", ""Forecast target is normalized power; no conversion to MW/MWh is justified.""]"
1.0,ce2082f89b5e78df11593109,1,2026-02-04T18:00:00Z,turbine_2,2026-02-05T18:00:00Z,24,0.571053974089105,normalized_power,gfs_0p25,2026-02-04T12:00:00Z,wind-power-v1,2026-01-31T18:00:00Z,warning,"[""Uncertainty intervals are not calibrated"", ""Unconfirmed: all source labels use fixed UTC+5 and mark the start of a ten-minute mean; reporting delay is zero and normalization remains unresolved."", ""Source-clock and target normalization semantics remain unconfirmed."", ""Weather availability uses archive-object metadata, not original NOAA publication proof."", ""Forecast target is normalized power; no conversion to MW/MWh is justified.""]"
1.0,70d7a28a1c4cbc56e906574f,1,2026-02-05T18:00:00Z,turbine_2,2026-02-05T19:00:00Z,1,0.6793931343502183,normalized_power,gfs_0p25,2026-02-05T12:00:00Z,wind-power-v1,2026-01-31T18:00:00Z,warning,"[""Uncertainty intervals are not calibrated"", ""Unconfirmed: all source labels use fixed UTC+5 and mark the start of a ten-minute mean; reporting delay is zero and normalization remains unresolved."", ""Source-clock and target normalization semantics remain unconfirmed."", ""Weather availability uses archive-object metadata, not original NOAA publication proof."", ""Forecast target is normalized power; no conversion to MW/MWh is justified.""]"
1.0,70d7a28a1c4cbc56e906574f,1,2026-02-05T18:00:00Z,turbine_2,2026-02-05T20:00:00Z,2,0.39639074358850057,normalized_power,gfs_0p25,2026-02-05T12:00:00Z,wind-power-v1,2026-01-31T18:00:00Z,warning,"[""Uncertainty intervals are not calibrated"", ""Unconfirmed: all source labels use fixed UTC+5 and mark the start of a ten-minute mean; reporting delay is zero and normalization remains unresolved."", ""Source-clock and target normalization semantics remain unconfirmed."", ""Weather availability uses archive-object metadata, not original NOAA publication proof."", ""Forecast target is normalized power; no conversion to MW/MWh is justified.""]"
1.0,70d7a28a1c4cbc56e906574f,1,2026-02-05T18:00:00Z,turbine_2,2026-02-05T21:00:00Z,3,0.31497431349390265,normalized_power,gfs_0p25,2026-02-05T12:00:00Z,wind-power-v1,2026-01-31T18:00:00Z,warning,"[""Uncertainty intervals are not calibrated"", ""Unconfirmed: all source labels use fixed UTC+5 and mark the start of a ten-minute mean; reporting delay is zero and normalization remains unresolved."", ""Source-clock and target normalization semantics remain unconfirmed."", ""Weather availability uses archive-object metadata, not original NOAA publication proof."", ""Forecast target is normalized power; no conversion to MW/MWh is justified.""]"
1.0,70d7a28a1c4cbc56e906574f,1,2026-02-05T18:00:00Z,turbine_2,2026-02-05T22:00:00Z,4,0.35079118412749205,normalized_power,gfs_0p25,2026-02-05T12:00:00Z,wind-power-v1,2026-01-31T18:00:00Z,warning,"[""Uncertainty intervals are not calibrated"", ""Unconfirmed: all source labels use fixed UTC+5 and mark the start of a ten-minute mean; reporting delay is zero and normalization remains unresolved."", ""Source-clock and target normalization semantics remain unconfirmed."", ""Weather availability uses archive-object metadata, not original NOAA publication proof."", ""Forecast target is normalized power; no conversion to MW/MWh is justified.""]"
1.0,70d7a28a1c4cbc56e906574f,1,2026-02-05T18:00:00Z,turbine_2,2026-02-05T23:00:00Z,5,0.3763676844785828,normalized_power,gfs_0p25,2026-02-05T12:00:00Z,wind-power-v1,2026-01-31T18:00:00Z,warning,"[""Uncertainty intervals are not calibrated"", ""Unconfirmed: all source labels use fixed UTC+5 and mark the start of a ten-minute mean; reporting delay is zero and normalization remains unresolved."", ""Source-clock and target normalization semantics remain unconfirmed."", ""Weather availability uses archive-object metadata, not original NOAA publication proof."", ""Forecast target is normalized power; no conversion to MW/MWh is justified.""]"
1.0,70d7a28a1c4cbc56e906574f,1,2026-02-05T18:00:00Z,turbine_2,2026-02-06T00:00:00Z,6,0.3716436824912196,normalized_power,gfs_0p25,2026-02-05T12:00:00Z,wind-power-v1,2026-01-31T18:00:00Z,warning,"[""Uncertainty intervals are not calibrated"", ""Unconfirmed: all source labels use fixed UTC+5 and mark the start of a ten-minute mean; reporting delay is zero and normalization remains unresolved."", ""Source-clock and target normalization semantics remain unconfirmed."", ""Weather availability uses archive-object metadata, not original NOAA publication proof."", ""Forecast target is normalized power; no conversion to MW/MWh is justified.""]"
1.0,70d7a28a1c4cbc56e906574f,1,2026-02-05T18:00:00Z,turbine_2,2026-02-06T01:00:00Z,7,0.2490449374928558,normalized_power,gfs_0p25,2026-02-05T12:00:00Z,wind-power-v1,2026-01-31T18:00:00Z,warning,"[""Uncertainty intervals are not calibrated"", ""Unconfirmed: all source labels use fixed UTC+5 and mark the start of a ten-minute mean; reporting delay is zero and normalization remains unresolved."", ""Source-clock and target normalization semantics remain unconfirmed."", ""Weather availability uses archive-object metadata, not original NOAA publication proof."", ""Forecast target is normalized power; no conversion to MW/MWh is justified.""]"
1.0,70d7a28a1c4cbc56e906574f,1,2026-02-05T18:00:00Z,turbine_2,2026-02-06T02:00:00Z,8,0.12117999093014219,normalized_power,gfs_0p25,2026-02-05T12:00:00Z,wind-power-v1,2026-01-31T18:00:00Z,warning,"[""Uncertainty intervals are not calibrated"", ""Unconfirmed: all source labels use fixed UTC+5 and mark the start of a ten-minute mean; reporting delay is zero and normalization remains unresolved."", ""Source-clock and target normalization semantics remain unconfirmed."", ""Weather availability uses archive-object metadata, not original NOAA publication proof."", ""Forecast target is normalized power; no conversion to MW/MWh is justified.""]"
1.0,70d7a28a1c4cbc56e906574f,1,2026-02-05T18:00:00Z,turbine_2,2026-02-06T03:00:00Z,9,0.07723950721920401,normalized_power,gfs_0p25,2026-02-05T12:00:00Z,wind-power-v1,2026-01-31T18:00:00Z,warning,"[""Uncertainty intervals are not calibrated"", ""Unconfirmed: all source labels use fixed UTC+5 and mark the start of a ten-minute mean; reporting delay is zero and normalization remains unresolved."", ""Source-clock and target normalization semantics remain unconfirmed."", ""Weather availability uses archive-object metadata, not original NOAA publication proof."", ""Forecast target is normalized power; no conversion to MW/MWh is justified.""]"
1.0,70d7a28a1c4cbc56e906574f,1,2026-02-05T18:00:00Z,turbine_2,2026-02-06T04:00:00Z,10,0.0575238302986891,normalized_power,gfs_0p25,2026-02-05T12:00:00Z,wind-power-v1,2026-01-31T18:00:00Z,warning,"[""Uncertainty intervals are not calibrated"", ""Unconfirmed: all source labels use fixed UTC+5 and mark the start of a ten-minute mean; reporting delay is zero and normalization remains unresolved."", ""Source-clock and target normalization semantics remain unconfirmed."", ""Weather availability uses archive-object metadata, not original NOAA publication proof."", ""Forecast target is normalized power; no conversion to MW/MWh is justified.""]"
1.0,70d7a28a1c4cbc56e906574f,1,2026-02-05T18:00:00Z,turbine_2,2026-02-06T05:00:00Z,11,0.4291329279644963,normalized_power,gfs_0p25,2026-02-05T12:00:00Z,wind-power-v1,2026-01-31T18:00:00Z,warning,"[""Uncertainty intervals are not calibrated"", ""Unconfirmed: all source labels use fixed UTC+5 and mark the start of a ten-minute mean; reporting delay is zero and normalization remains unresolved."", ""Source-clock and target normalization semantics remain unconfirmed."", ""Weather availability uses archive-object metadata, not original NOAA publication proof."", ""Forecast target is normalized power; no conversion to MW/MWh is justified.""]"
1.0,70d7a28a1c4cbc56e906574f,1,2026-02-05T18:00:00Z,turbine_2,2026-02-06T06:00:00Z,12,0.25542687777776313,normalized_power,gfs_0p25,2026-02-05T12:00:00Z,wind-power-v1,2026-01-31T18:00:00Z,warning,"[""Uncertainty intervals are not calibrated"", ""Unconfirmed: all source labels use fixed UTC+5 and mark the start of a ten-minute mean; reporting delay is zero and normalization remains unresolved."", ""Source-clock and target normalization semantics remain unconfirmed."", ""Weather availability uses archive-object metadata, not original NOAA publication proof."", ""Forecast target is normalized power; no conversion to MW/MWh is justified.""]"
1.0,70d7a28a1c4cbc56e906574f,1,2026-02-05T18:00:00Z,turbine_2,2026-02-06T07:00:00Z,13,0.5460456725754903,normalized_power,gfs_0p25,2026-02-05T12:00:00Z,wind-power-v1,2026-01-31T18:00:00Z,warning,"[""Uncertainty intervals are not calibrated"", ""Unconfirmed: all source labels use fixed UTC+5 and mark the start of a ten-minute mean; reporting delay is zero and normalization remains unresolved."", ""Source-clock and target normalization semantics remain unconfirmed."", ""Weather availability uses archive-object metadata, not original NOAA publication proof."", ""Forecast target is normalized power; no conversion to MW/MWh is justified.""]"
1.0,70d7a28a1c4cbc56e906574f,1,2026-02-05T18:00:00Z,turbine_2,2026-02-06T08:00:00Z,14,0.9598258937186883,normalized_power,gfs_0p25,2026-02-05T12:00:00Z,wind-power-v1,2026-01-31T18:00:00Z,warning,"[""Uncertainty intervals are not calibrated"", ""Unconfirmed: all source labels use fixed UTC+5 and mark the start of a ten-minute mean; reporting delay is zero and normalization remains unresolved."", ""Source-clock and target normalization semantics remain unconfirmed."", ""Weather availability uses archive-object metadata, not original NOAA publication proof."", ""Forecast target is normalized power; no conversion to MW/MWh is justified.""]"
1.0,70d7a28a1c4cbc56e906574f,1,2026-02-05T18:00:00Z,turbine_2,2026-02-06T09:00:00Z,15,0.9839911288851287,normalized_power,gfs_0p25,2026-02-05T12:00:00Z,wind-power-v1,2026-01-31T18:00:00Z,warning,"[""Uncertainty intervals are not calibrated"", ""Unconfirmed: all source labels use fixed UTC+5 and mark the start of a ten-minute mean; reporting delay is zero and normalization remains unresolved."", ""Source-clock and target normalization semantics remain unconfirmed."", ""Weather availability uses archive-object metadata, not original NOAA publication proof."", ""Forecast target is normalized power; no conversion to MW/MWh is justified.""]"
1.0,70d7a28a1c4cbc56e906574f,1,2026-02-05T18:00:00Z,turbine_2,2026-02-06T10:00:00Z,16,0.9370624069033666,normalized_power,gfs_0p25,2026-02-05T12:00:00Z,wind-power-v1,2026-01-31T18:00:00Z,warning,"[""Uncertainty intervals are not calibrated"", ""Unconfirmed: all source labels use fixed UTC+5 and mark the start of a ten-minute mean; reporting delay is zero and normalization remains unresolved."", ""Source-clock and target normalization semantics remain unconfirmed."", ""Weather availability uses archive-object metadata, not original NOAA publication proof."", ""Forecast target is normalized power; no conversion to MW/MWh is justified.""]"
1.0,70d7a28a1c4cbc56e906574f,1,2026-02-05T18:00:00Z,turbine_2,2026-02-06T11:00:00Z,17,0.9573122634353018,normalized_power,gfs_0p25,2026-02-05T12:00:00Z,wind-power-v1,2026-01-31T18:00:00Z,warning,"[""Uncertainty intervals are not calibrated"", ""Unconfirmed: all source labels use fixed UTC+5 and mark the start of a ten-minute mean; reporting delay is zero and normalization remains unresolved."", ""Source-clock and target normalization semantics remain unconfirmed."", ""Weather availability uses archive-object metadata, not original NOAA publication proof."", ""Forecast target is normalized power; no conversion to MW/MWh is justified.""]"
1.0,70d7a28a1c4cbc56e906574f,1,2026-02-05T18:00:00Z,turbine_2,2026-02-06T12:00:00Z,18,1.0039443757102844,normalized_power,gfs_0p25,2026-02-05T12:00:00Z,wind-power-v1,2026-01-31T18:00:00Z,warning,"[""Uncertainty intervals are not calibrated"", ""Unconfirmed: all source labels use fixed UTC+5 and mark the start of a ten-minute mean; reporting delay is zero and normalization remains unresolved."", ""Source-clock and target normalization semantics remain unconfirmed."", ""Weather availability uses archive-object metadata, not original NOAA publication proof."", ""Forecast target is normalized power; no conversion to MW/MWh is justified.""]"
1.0,70d7a28a1c4cbc56e906574f,1,2026-02-05T18:00:00Z,turbine_2,2026-02-06T13:00:00Z,19,0.989164721779189,normalized_power,gfs_0p25,2026-02-05T12:00:00Z,wind-power-v1,2026-01-31T18:00:00Z,warning,"[""Uncertainty intervals are not calibrated"", ""Unconfirmed: all source labels use fixed UTC+5 and mark the start of a ten-minute mean; reporting delay is zero and normalization remains unresolved."", ""Source-clock and target normalization semantics remain unconfirmed."", ""Weather availability uses archive-object metadata, not original NOAA publication proof."", ""Forecast target is normalized power; no conversion to MW/MWh is justified.""]"
1.0,70d7a28a1c4cbc56e906574f,1,2026-02-05T18:00:00Z,turbine_2,2026-02-06T14:00:00Z,20,0.9712981124243196,normalized_power,gfs_0p25,2026-02-05T12:00:00Z,wind-power-v1,2026-01-31T18:00:00Z,warning,"[""Uncertainty intervals are not calibrated"", ""Unconfirmed: all source labels use fixed UTC+5 and mark the start of a ten-minute mean; reporting delay is zero and normalization remains unresolved."", ""Source-clock and target normalization semantics remain unconfirmed."", ""Weather availability uses archive-object metadata, not original NOAA publication proof."", ""Forecast target is normalized power; no conversion to MW/MWh is justified.""]"
1.0,70d7a28a1c4cbc56e906574f,1,2026-02-05T18:00:00Z,turbine_2,2026-02-06T15:00:00Z,21,0.9612484959706336,normalized_power,gfs_0p25,2026-02-05T12:00:00Z,wind-power-v1,2026-01-31T18:00:00Z,warning,"[""Uncertainty intervals are not calibrated"", ""Unconfirmed: all source labels use fixed UTC+5 and mark the start of a ten-minute mean; reporting delay is zero and normalization remains unresolved."", ""Source-clock and target normalization semantics remain unconfirmed."", ""Weather availability uses archive-object metadata, not original NOAA publication proof."", ""Forecast target is normalized power; no conversion to MW/MWh is justified.""]"
1.0,70d7a28a1c4cbc56e906574f,1,2026-02-05T18:00:00Z,turbine_2,2026-02-06T16:00:00Z,22,0.8973964082287937,normalized_power,gfs_0p25,2026-02-05T12:00:00Z,wind-power-v1,2026-01-31T18:00:00Z,warning,"[""Uncertainty intervals are not calibrated"", ""Unconfirmed: all source labels use fixed UTC+5 and mark the start of a ten-minute mean; reporting delay is zero and normalization remains unresolved."", ""Source-clock and target normalization semantics remain unconfirmed."", ""Weather availability uses archive-object metadata, not original NOAA publication proof."", ""Forecast target is normalized power; no conversion to MW/MWh is justified.""]"
1.0,70d7a28a1c4cbc56e906574f,1,2026-02-05T18:00:00Z,turbine_2,2026-02-06T17:00:00Z,23,0.63845011261368,normalized_power,gfs_0p25,2026-02-05T12:00:00Z,wind-power-v1,2026-01-31T18:00:00Z,warning,"[""Uncertainty intervals are not calibrated"", ""Unconfirmed: all source labels use fixed UTC+5 and mark the start of a ten-minute mean; reporting delay is zero and normalization remains unresolved."", ""Source-clock and target normalization semantics remain unconfirmed."", ""Weather availability uses archive-object metadata, not original NOAA publication proof."", ""Forecast target is normalized power; no conversion to MW/MWh is justified.""]"
1.0,70d7a28a1c4cbc56e906574f,1,2026-02-05T18:00:00Z,turbine_2,2026-02-06T18:00:00Z,24,0.7308949303526681,normalized_power,gfs_0p25,2026-02-05T12:00:00Z,wind-power-v1,2026-01-31T18:00:00Z,warning,"[""Uncertainty intervals are not calibrated"", ""Unconfirmed: all source labels use fixed UTC+5 and mark the start of a ten-minute mean; reporting delay is zero and normalization remains unresolved."", ""Source-clock and target normalization semantics remain unconfirmed."", ""Weather availability uses archive-object metadata, not original NOAA publication proof."", ""Forecast target is normalized power; no conversion to MW/MWh is justified.""]"
1.0,5b8d69898b752025a614da78,1,2026-02-06T18:00:00Z,turbine_2,2026-02-06T19:00:00Z,1,0.6993575830115933,normalized_power,gfs_0p25,2026-02-06T12:00:00Z,wind-power-v1,2026-01-31T18:00:00Z,warning,"[""Uncertainty intervals are not calibrated"", ""Unconfirmed: all source labels use fixed UTC+5 and mark the start of a ten-minute mean; reporting delay is zero and normalization remains unresolved."", ""Source-clock and target normalization semantics remain unconfirmed."", ""Weather availability uses archive-object metadata, not original NOAA publication proof."", ""Forecast target is normalized power; no conversion to MW/MWh is justified.""]"
1.0,5b8d69898b752025a614da78,1,2026-02-06T18:00:00Z,turbine_2,2026-02-06T20:00:00Z,2,0.7206433540226467,normalized_power,gfs_0p25,2026-02-06T12:00:00Z,wind-power-v1,2026-01-31T18:00:00Z,warning,"[""Uncertainty intervals are not calibrated"", ""Unconfirmed: all source labels use fixed UTC+5 and mark the start of a ten-minute mean; reporting delay is zero and normalization remains unresolved."", ""Source-clock and target normalization semantics remain unconfirmed."", ""Weather availability uses archive-object metadata, not original NOAA publication proof."", ""Forecast target is normalized power; no conversion to MW/MWh is justified.""]"
1.0,5b8d69898b752025a614da78,1,2026-02-06T18:00:00Z,turbine_2,2026-02-06T21:00:00Z,3,0.6449081495063234,normalized_power,gfs_0p25,2026-02-06T12:00:00Z,wind-power-v1,2026-01-31T18:00:00Z,warning,"[""Uncertainty intervals are not calibrated"", ""Unconfirmed: all source labels use fixed UTC+5 and mark the start of a ten-minute mean; reporting delay is zero and normalization remains unresolved."", ""Source-clock and target normalization semantics remain unconfirmed."", ""Weather availability uses archive-object metadata, not original NOAA publication proof."", ""Forecast target is normalized power; no conversion to MW/MWh is justified.""]"
1.0,5b8d69898b752025a614da78,1,2026-02-06T18:00:00Z,turbine_2,2026-02-06T22:00:00Z,4,0.4046715231035673,normalized_power,gfs_0p25,2026-02-06T12:00:00Z,wind-power-v1,2026-01-31T18:00:00Z,warning,"[""Uncertainty intervals are not calibrated"", ""Unconfirmed: all source labels use fixed UTC+5 and mark the start of a ten-minute mean; reporting delay is zero and normalization remains unresolved."", ""Source-clock and target normalization semantics remain unconfirmed."", ""Weather availability uses archive-object metadata, not original NOAA publication proof."", ""Forecast target is normalized power; no conversion to MW/MWh is justified.""]"
1.0,5b8d69898b752025a614da78,1,2026-02-06T18:00:00Z,turbine_2,2026-02-06T23:00:00Z,5,0.2111005005688961,normalized_power,gfs_0p25,2026-02-06T12:00:00Z,wind-power-v1,2026-01-31T18:00:00Z,warning,"[""Uncertainty intervals are not calibrated"", ""Unconfirmed: all source labels use fixed UTC+5 and mark the start of a ten-minute mean; reporting delay is zero and normalization remains unresolved."", ""Source-clock and target normalization semantics remain unconfirmed."", ""Weather availability uses archive-object metadata, not original NOAA publication proof."", ""Forecast target is normalized power; no conversion to MW/MWh is justified.""]"
1.0,5b8d69898b752025a614da78,1,2026-02-06T18:00:00Z,turbine_2,2026-02-07T00:00:00Z,6,0.09320137980737096,normalized_power,gfs_0p25,2026-02-06T12:00:00Z,wind-power-v1,2026-01-31T18:00:00Z,warning,"[""Uncertainty intervals are not calibrated"", ""Unconfirmed: all source labels use fixed UTC+5 and mark the start of a ten-minute mean; reporting delay is zero and normalization remains unresolved."", ""Source-clock and target normalization semantics remain unconfirmed."", ""Weather availability uses archive-object metadata, not original NOAA publication proof."", ""Forecast target is normalized power; no conversion to MW/MWh is justified.""]"
1.0,5b8d69898b752025a614da78,1,2026-02-06T18:00:00Z,turbine_2,2026-02-07T01:00:00Z,7,0.1005296566260191,normalized_power,gfs_0p25,2026-02-06T12:00:00Z,wind-power-v1,2026-01-31T18:00:00Z,warning,"[""Uncertainty intervals are not calibrated"", ""Unconfirmed: all source labels use fixed UTC+5 and mark the start of a ten-minute mean; reporting delay is zero and normalization remains unresolved."", ""Source-clock and target normalization semantics remain unconfirmed."", ""Weather availability uses archive-object metadata, not original NOAA publication proof."", ""Forecast target is normalized power; no conversion to MW/MWh is justified.""]"
1.0,5b8d69898b752025a614da78,1,2026-02-06T18:00:00Z,turbine_2,2026-02-07T02:00:00Z,8,0.06490252198259966,normalized_power,gfs_0p25,2026-02-06T12:00:00Z,wind-power-v1,2026-01-31T18:00:00Z,warning,"[""Uncertainty intervals are not calibrated"", ""Unconfirmed: all source labels use fixed UTC+5 and mark the start of a ten-minute mean; reporting delay is zero and normalization remains unresolved."", ""Source-clock and target normalization semantics remain unconfirmed."", ""Weather availability uses archive-object metadata, not original NOAA publication proof."", ""Forecast target is normalized power; no conversion to MW/MWh is justified.""]"
1.0,5b8d69898b752025a614da78,1,2026-02-06T18:00:00Z,turbine_2,2026-02-07T03:00:00Z,9,0.06946625595490712,normalized_power,gfs_0p25,2026-02-06T12:00:00Z,wind-power-v1,2026-01-31T18:00:00Z,warning,"[""Uncertainty intervals are not calibrated"", ""Unconfirmed: all source labels use fixed UTC+5 and mark the start of a ten-minute mean; reporting delay is zero and normalization remains unresolved."", ""Source-clock and target normalization semantics remain unconfirmed."", ""Weather availability uses archive-object metadata, not original NOAA publication proof."", ""Forecast target is normalized power; no conversion to MW/MWh is justified.""]"
1.0,5b8d69898b752025a614da78,1,2026-02-06T18:00:00Z,turbine_2,2026-02-07T04:00:00Z,10,0.06493123624344292,normalized_power,gfs_0p25,2026-02-06T12:00:00Z,wind-power-v1,2026-01-31T18:00:00Z,warning,"[""Uncertainty intervals are not calibrated"", ""Unconfirmed: all source labels use fixed UTC+5 and mark the start of a ten-minute mean; reporting delay is zero and normalization remains unresolved."", ""Source-clock and target normalization semantics remain unconfirmed."", ""Weather availability uses archive-object metadata, not original NOAA publication proof."", ""Forecast target is normalized power; no conversion to MW/MWh is justified.""]"
1.0,5b8d69898b752025a614da78,1,2026-02-06T18:00:00Z,turbine_2,2026-02-07T05:00:00Z,11,0.3575653535259968,normalized_power,gfs_0p25,2026-02-06T12:00:00Z,wind-power-v1,2026-01-31T18:00:00Z,warning,"[""Uncertainty intervals are not calibrated"", ""Unconfirmed: all source labels use fixed UTC+5 and mark the start of a ten-minute mean; reporting delay is zero and normalization remains unresolved."", ""Source-clock and target normalization semantics remain unconfirmed."", ""Weather availability uses archive-object metadata, not original NOAA publication proof."", ""Forecast target is normalized power; no conversion to MW/MWh is justified.""]"
1.0,5b8d69898b752025a614da78,1,2026-02-06T18:00:00Z,turbine_2,2026-02-07T06:00:00Z,12,0.42677969450912395,normalized_power,gfs_0p25,2026-02-06T12:00:00Z,wind-power-v1,2026-01-31T18:00:00Z,warning,"[""Uncertainty intervals are not calibrated"", ""Unconfirmed: all source labels use fixed UTC+5 and mark the start of a ten-minute mean; reporting delay is zero and normalization remains unresolved."", ""Source-clock and target normalization semantics remain unconfirmed."", ""Weather availability uses archive-object metadata, not original NOAA publication proof."", ""Forecast target is normalized power; no conversion to MW/MWh is justified.""]"
1.0,5b8d69898b752025a614da78,1,2026-02-06T18:00:00Z,turbine_2,2026-02-07T07:00:00Z,13,0.4149992600422098,normalized_power,gfs_0p25,2026-02-06T12:00:00Z,wind-power-v1,2026-01-31T18:00:00Z,warning,"[""Uncertainty intervals are not calibrated"", ""Unconfirmed: all source labels use fixed UTC+5 and mark the start of a ten-minute mean; reporting delay is zero and normalization remains unresolved."", ""Source-clock and target normalization semantics remain unconfirmed."", ""Weather availability uses archive-object metadata, not original NOAA publication proof."", ""Forecast target is normalized power; no conversion to MW/MWh is justified.""]"
1.0,5b8d69898b752025a614da78,1,2026-02-06T18:00:00Z,turbine_2,2026-02-07T08:00:00Z,14,0.3530142293446207,normalized_power,gfs_0p25,2026-02-06T12:00:00Z,wind-power-v1,2026-01-31T18:00:00Z,warning,"[""Uncertainty intervals are not calibrated"", ""Unconfirmed: all source labels use fixed UTC+5 and mark the start of a ten-minute mean; reporting delay is zero and normalization remains unresolved."", ""Source-clock and target normalization semantics remain unconfirmed."", ""Weather availability uses archive-object metadata, not original NOAA publication proof."", ""Forecast target is normalized power; no conversion to MW/MWh is justified.""]"
1.0,5b8d69898b752025a614da78,1,2026-02-06T18:00:00Z,turbine_2,2026-02-07T09:00:00Z,15,0.2775309871497914,normalized_power,gfs_0p25,2026-02-06T12:00:00Z,wind-power-v1,2026-01-31T18:00:00Z,warning,"[""Uncertainty intervals are not calibrated"", ""Unconfirmed: all source labels use fixed UTC+5 and mark the start of a ten-minute mean; reporting delay is zero and normalization remains unresolved."", ""Source-clock and target normalization semantics remain unconfirmed."", ""Weather availability uses archive-object metadata, not original NOAA publication proof."", ""Forecast target is normalized power; no conversion to MW/MWh is justified.""]"
1.0,5b8d69898b752025a614da78,1,2026-02-06T18:00:00Z,turbine_2,2026-02-07T10:00:00Z,16,0.16826208351484923,normalized_power,gfs_0p25,2026-02-06T12:00:00Z,wind-power-v1,2026-01-31T18:00:00Z,warning,"[""Uncertainty intervals are not calibrated"", ""Unconfirmed: all source labels use fixed UTC+5 and mark the start of a ten-minute mean; reporting delay is zero and normalization remains unresolved."", ""Source-clock and target normalization semantics remain unconfirmed."", ""Weather availability uses archive-object metadata, not original NOAA publication proof."", ""Forecast target is normalized power; no conversion to MW/MWh is justified.""]"
1.0,5b8d69898b752025a614da78,1,2026-02-06T18:00:00Z,turbine_2,2026-02-07T11:00:00Z,17,0.2027198651771127,normalized_power,gfs_0p25,2026-02-06T12:00:00Z,wind-power-v1,2026-01-31T18:00:00Z,warning,"[""Uncertainty intervals are not calibrated"", ""Unconfirmed: all source labels use fixed UTC+5 and mark the start of a ten-minute mean; reporting delay is zero and normalization remains unresolved."", ""Source-clock and target normalization semantics remain unconfirmed."", ""Weather availability uses archive-object metadata, not original NOAA publication proof."", ""Forecast target is normalized power; no conversion to MW/MWh is justified.""]"
1.0,5b8d69898b752025a614da78,1,2026-02-06T18:00:00Z,turbine_2,2026-02-07T12:00:00Z,18,0.08726553168481982,normalized_power,gfs_0p25,2026-02-06T12:00:00Z,wind-power-v1,2026-01-31T18:00:00Z,warning,"[""Uncertainty intervals are not calibrated"", ""Unconfirmed: all source labels use fixed UTC+5 and mark the start of a ten-minute mean; reporting delay is zero and normalization remains unresolved."", ""Source-clock and target normalization semantics remain unconfirmed."", ""Weather availability uses archive-object metadata, not original NOAA publication proof."", ""Forecast target is normalized power; no conversion to MW/MWh is justified.""]"
1.0,5b8d69898b752025a614da78,1,2026-02-06T18:00:00Z,turbine_2,2026-02-07T13:00:00Z,19,0.14418334578098058,normalized_power,gfs_0p25,2026-02-06T12:00:00Z,wind-power-v1,2026-01-31T18:00:00Z,warning,"[""Uncertainty intervals are not calibrated"", ""Unconfirmed: all source labels use fixed UTC+5 and mark the start of a ten-minute mean; reporting delay is zero and normalization remains unresolved."", ""Source-clock and target normalization semantics remain unconfirmed."", ""Weather availability uses archive-object metadata, not original NOAA publication proof."", ""Forecast target is normalized power; no conversion to MW/MWh is justified.""]"
1.0,5b8d69898b752025a614da78,1,2026-02-06T18:00:00Z,turbine_2,2026-02-07T14:00:00Z,20,0.16428830226179394,normalized_power,gfs_0p25,2026-02-06T12:00:00Z,wind-power-v1,2026-01-31T18:00:00Z,warning,"[""Uncertainty intervals are not calibrated"", ""Unconfirmed: all source labels use fixed UTC+5 and mark the start of a ten-minute mean; reporting delay is zero and normalization remains unresolved."", ""Source-clock and target normalization semantics remain unconfirmed."", ""Weather availability uses archive-object metadata, not original NOAA publication proof."", ""Forecast target is normalized power; no conversion to MW/MWh is justified.""]"
1.0,5b8d69898b752025a614da78,1,2026-02-06T18:00:00Z,turbine_2,2026-02-07T15:00:00Z,21,0.1364555090225404,normalized_power,gfs_0p25,2026-02-06T12:00:00Z,wind-power-v1,2026-01-31T18:00:00Z,warning,"[""Uncertainty intervals are not calibrated"", ""Unconfirmed: all source labels use fixed UTC+5 and mark the start of a ten-minute mean; reporting delay is zero and normalization remains unresolved."", ""Source-clock and target normalization semantics remain unconfirmed."", ""Weather availability uses archive-object metadata, not original NOAA publication proof."", ""Forecast target is normalized power; no conversion to MW/MWh is justified.""]"
1.0,5b8d69898b752025a614da78,1,2026-02-06T18:00:00Z,turbine_2,2026-02-07T16:00:00Z,22,0.21074742325459817,normalized_power,gfs_0p25,2026-02-06T12:00:00Z,wind-power-v1,2026-01-31T18:00:00Z,warning,"[""Uncertainty intervals are not calibrated"", ""Unconfirmed: all source labels use fixed UTC+5 and mark the start of a ten-minute mean; reporting delay is zero and normalization remains unresolved."", ""Source-clock and target normalization semantics remain unconfirmed."", ""Weather availability uses archive-object metadata, not original NOAA publication proof."", ""Forecast target is normalized power; no conversion to MW/MWh is justified.""]"
1.0,5b8d69898b752025a614da78,1,2026-02-06T18:00:00Z,turbine_2,2026-02-07T17:00:00Z,23,0.34287559530574724,normalized_power,gfs_0p25,2026-02-06T12:00:00Z,wind-power-v1,2026-01-31T18:00:00Z,warning,"[""Uncertainty intervals are not calibrated"", ""Unconfirmed: all source labels use fixed UTC+5 and mark the start of a ten-minute mean; reporting delay is zero and normalization remains unresolved."", ""Source-clock and target normalization semantics remain unconfirmed."", ""Weather availability uses archive-object metadata, not original NOAA publication proof."", ""Forecast target is normalized power; no conversion to MW/MWh is justified.""]"
1.0,5b8d69898b752025a614da78,1,2026-02-06T18:00:00Z,turbine_2,2026-02-07T18:00:00Z,24,0.3699167344272283,normalized_power,gfs_0p25,2026-02-06T12:00:00Z,wind-power-v1,2026-01-31T18:00:00Z,warning,"[""Uncertainty intervals are not calibrated"", ""Unconfirmed: all source labels use fixed UTC+5 and mark the start of a ten-minute mean; reporting delay is zero and normalization remains unresolved."", ""Source-clock and target normalization semantics remain unconfirmed."", ""Weather availability uses archive-object metadata, not original NOAA publication proof."", ""Forecast target is normalized power; no conversion to MW/MWh is justified.""]"
1.0,1fdf817cc39a30d0bf61760b,1,2026-02-07T18:00:00Z,turbine_2,2026-02-07T19:00:00Z,1,0.8225982104628907,normalized_power,gfs_0p25,2026-02-07T12:00:00Z,wind-power-v1,2026-01-31T18:00:00Z,warning,"[""Uncertainty intervals are not calibrated"", ""Unconfirmed: all source labels use fixed UTC+5 and mark the start of a ten-minute mean; reporting delay is zero and normalization remains unresolved."", ""Source-clock and target normalization semantics remain unconfirmed."", ""Weather availability uses archive-object metadata, not original NOAA publication proof."", ""Forecast target is normalized power; no conversion to MW/MWh is justified.""]"
1.0,1fdf817cc39a30d0bf61760b,1,2026-02-07T18:00:00Z,turbine_2,2026-02-07T20:00:00Z,2,0.8225982104628907,normalized_power,gfs_0p25,2026-02-07T12:00:00Z,wind-power-v1,2026-01-31T18:00:00Z,warning,"[""Uncertainty intervals are not calibrated"", ""Unconfirmed: all source labels use fixed UTC+5 and mark the start of a ten-minute mean; reporting delay is zero and normalization remains unresolved."", ""Source-clock and target normalization semantics remain unconfirmed."", ""Weather availability uses archive-object metadata, not original NOAA publication proof."", ""Forecast target is normalized power; no conversion to MW/MWh is justified.""]"
1.0,1fdf817cc39a30d0bf61760b,1,2026-02-07T18:00:00Z,turbine_2,2026-02-07T21:00:00Z,3,0.6989017825153423,normalized_power,gfs_0p25,2026-02-07T12:00:00Z,wind-power-v1,2026-01-31T18:00:00Z,warning,"[""Uncertainty intervals are not calibrated"", ""Unconfirmed: all source labels use fixed UTC+5 and mark the start of a ten-minute mean; reporting delay is zero and normalization remains unresolved."", ""Source-clock and target normalization semantics remain unconfirmed."", ""Weather availability uses archive-object metadata, not original NOAA publication proof."", ""Forecast target is normalized power; no conversion to MW/MWh is justified.""]"
1.0,1fdf817cc39a30d0bf61760b,1,2026-02-07T18:00:00Z,turbine_2,2026-02-07T22:00:00Z,4,0.5541747008001143,normalized_power,gfs_0p25,2026-02-07T12:00:00Z,wind-power-v1,2026-01-31T18:00:00Z,warning,"[""Uncertainty intervals are not calibrated"", ""Unconfirmed: all source labels use fixed UTC+5 and mark the start of a ten-minute mean; reporting delay is zero and normalization remains unresolved."", ""Source-clock and target normalization semantics remain unconfirmed."", ""Weather availability uses archive-object metadata, not original NOAA publication proof."", ""Forecast target is normalized power; no conversion to MW/MWh is justified.""]"
1.0,1fdf817cc39a30d0bf61760b,1,2026-02-07T18:00:00Z,turbine_2,2026-02-07T23:00:00Z,5,0.3910378534562984,normalized_power,gfs_0p25,2026-02-07T12:00:00Z,wind-power-v1,2026-01-31T18:00:00Z,warning,"[""Uncertainty intervals are not calibrated"", ""Unconfirmed: all source labels use fixed UTC+5 and mark the start of a ten-minute mean; reporting delay is zero and normalization remains unresolved."", ""Source-clock and target normalization semantics remain unconfirmed."", ""Weather availability uses archive-object metadata, not original NOAA publication proof."", ""Forecast target is normalized power; no conversion to MW/MWh is justified.""]"
1.0,1fdf817cc39a30d0bf61760b,1,2026-02-07T18:00:00Z,turbine_2,2026-02-08T00:00:00Z,6,0.3333679853035661,normalized_power,gfs_0p25,2026-02-07T12:00:00Z,wind-power-v1,2026-01-31T18:00:00Z,warning,"[""Uncertainty intervals are not calibrated"", ""Unconfirmed: all source labels use fixed UTC+5 and mark the start of a ten-minute mean; reporting delay is zero and normalization remains unresolved."", ""Source-clock and target normalization semantics remain unconfirmed."", ""Weather availability uses archive-object metadata, not original NOAA publication proof."", ""Forecast target is normalized power; no conversion to MW/MWh is justified.""]"
1.0,1fdf817cc39a30d0bf61760b,1,2026-02-07T18:00:00Z,turbine_2,2026-02-08T01:00:00Z,7,0.31004174857038497,normalized_power,gfs_0p25,2026-02-07T12:00:00Z,wind-power-v1,2026-01-31T18:00:00Z,warning,"[""Uncertainty intervals are not calibrated"", ""Unconfirmed: all source labels use fixed UTC+5 and mark the start of a ten-minute mean; reporting delay is zero and normalization remains unresolved."", ""Source-clock and target normalization semantics remain unconfirmed."", ""Weather availability uses archive-object metadata, not original NOAA publication proof."", ""Forecast target is normalized power; no conversion to MW/MWh is justified.""]"
1.0,1fdf817cc39a30d0bf61760b,1,2026-02-07T18:00:00Z,turbine_2,2026-02-08T02:00:00Z,8,0.21322158927225035,normalized_power,gfs_0p25,2026-02-07T12:00:00Z,wind-power-v1,2026-01-31T18:00:00Z,warning,"[""Uncertainty intervals are not calibrated"", ""Unconfirmed: all source labels use fixed UTC+5 and mark the start of a ten-minute mean; reporting delay is zero and normalization remains unresolved."", ""Source-clock and target normalization semantics remain unconfirmed."", ""Weather availability uses archive-object metadata, not original NOAA publication proof."", ""Forecast target is normalized power; no conversion to MW/MWh is justified.""]"
1.0,1fdf817cc39a30d0bf61760b,1,2026-02-07T18:00:00Z,turbine_2,2026-02-08T03:00:00Z,9,0.1162653601820434,normalized_power,gfs_0p25,2026-02-07T12:00:00Z,wind-power-v1,2026-01-31T18:00:00Z,warning,"[""Uncertainty intervals are not calibrated"", ""Unconfirmed: all source labels use fixed UTC+5 and mark the start of a ten-minute mean; reporting delay is zero and normalization remains unresolved."", ""Source-clock and target normalization semantics remain unconfirmed."", ""Weather availability uses archive-object metadata, not original NOAA publication proof."", ""Forecast target is normalized power; no conversion to MW/MWh is justified.""]"
1.0,1fdf817cc39a30d0bf61760b,1,2026-02-07T18:00:00Z,turbine_2,2026-02-08T04:00:00Z,10,0.1133930086619455,normalized_power,gfs_0p25,2026-02-07T12:00:00Z,wind-power-v1,2026-01-31T18:00:00Z,warning,"[""Uncertainty intervals are not calibrated"", ""Unconfirmed: all source labels use fixed UTC+5 and mark the start of a ten-minute mean; reporting delay is zero and normalization remains unresolved."", ""Source-clock and target normalization semantics remain unconfirmed."", ""Weather availability uses archive-object metadata, not original NOAA publication proof."", ""Forecast target is normalized power; no conversion to MW/MWh is justified.""]"
1.0,1fdf817cc39a30d0bf61760b,1,2026-02-07T18:00:00Z,turbine_2,2026-02-08T05:00:00Z,11,0.07192988519090687,normalized_power,gfs_0p25,2026-02-07T12:00:00Z,wind-power-v1,2026-01-31T18:00:00Z,warning,"[""Uncertainty intervals are not calibrated"", ""Unconfirmed: all source labels use fixed UTC+5 and mark the start of a ten-minute mean; reporting delay is zero and normalization remains unresolved."", ""Source-clock and target normalization semantics remain unconfirmed."", ""Weather availability uses archive-object metadata, not original NOAA publication proof."", ""Forecast target is normalized power; no conversion to MW/MWh is justified.""]"
1.0,1fdf817cc39a30d0bf61760b,1,2026-02-07T18:00:00Z,turbine_2,2026-02-08T06:00:00Z,12,0.08252054058431288,normalized_power,gfs_0p25,2026-02-07T12:00:00Z,wind-power-v1,2026-01-31T18:00:00Z,warning,"[""Uncertainty intervals are not calibrated"", ""Unconfirmed: all source labels use fixed UTC+5 and mark the start of a ten-minute mean; reporting delay is zero and normalization remains unresolved."", ""Source-clock and target normalization semantics remain unconfirmed."", ""Weather availability uses archive-object metadata, not original NOAA publication proof."", ""Forecast target is normalized power; no conversion to MW/MWh is justified.""]"
1.0,1fdf817cc39a30d0bf61760b,1,2026-02-07T18:00:00Z,turbine_2,2026-02-08T07:00:00Z,13,0.08181169676878136,normalized_power,gfs_0p25,2026-02-07T12:00:00Z,wind-power-v1,2026-01-31T18:00:00Z,warning,"[""Uncertainty intervals are not calibrated"", ""Unconfirmed: all source labels use fixed UTC+5 and mark the start of a ten-minute mean; reporting delay is zero and normalization remains unresolved."", ""Source-clock and target normalization semantics remain unconfirmed."", ""Weather availability uses archive-object metadata, not original NOAA publication proof."", ""Forecast target is normalized power; no conversion to MW/MWh is justified.""]"
1.0,1fdf817cc39a30d0bf61760b,1,2026-02-07T18:00:00Z,turbine_2,2026-02-08T08:00:00Z,14,0.21117604884246982,normalized_power,gfs_0p25,2026-02-07T12:00:00Z,wind-power-v1,2026-01-31T18:00:00Z,warning,"[""Uncertainty intervals are not calibrated"", ""Unconfirmed: all source labels use fixed UTC+5 and mark the start of a ten-minute mean; reporting delay is zero and normalization remains unresolved."", ""Source-clock and target normalization semantics remain unconfirmed."", ""Weather availability uses archive-object metadata, not original NOAA publication proof."", ""Forecast target is normalized power; no conversion to MW/MWh is justified.""]"
1.0,1fdf817cc39a30d0bf61760b,1,2026-02-07T18:00:00Z,turbine_2,2026-02-08T09:00:00Z,15,0.41229591406766153,normalized_power,gfs_0p25,2026-02-07T12:00:00Z,wind-power-v1,2026-01-31T18:00:00Z,warning,"[""Uncertainty intervals are not calibrated"", ""Unconfirmed: all source labels use fixed UTC+5 and mark the start of a ten-minute mean; reporting delay is zero and normalization remains unresolved."", ""Source-clock and target normalization semantics remain unconfirmed."", ""Weather availability uses archive-object metadata, not original NOAA publication proof."", ""Forecast target is normalized power; no conversion to MW/MWh is justified.""]"
1.0,1fdf817cc39a30d0bf61760b,1,2026-02-07T18:00:00Z,turbine_2,2026-02-08T10:00:00Z,16,0.5648966947750133,normalized_power,gfs_0p25,2026-02-07T12:00:00Z,wind-power-v1,2026-01-31T18:00:00Z,warning,"[""Uncertainty intervals are not calibrated"", ""Unconfirmed: all source labels use fixed UTC+5 and mark the start of a ten-minute mean; reporting delay is zero and normalization remains unresolved."", ""Source-clock and target normalization semantics remain unconfirmed."", ""Weather availability uses archive-object metadata, not original NOAA publication proof."", ""Forecast target is normalized power; no conversion to MW/MWh is justified.""]"
1.0,1fdf817cc39a30d0bf61760b,1,2026-02-07T18:00:00Z,turbine_2,2026-02-08T11:00:00Z,17,0.9363381289273909,normalized_power,gfs_0p25,2026-02-07T12:00:00Z,wind-power-v1,2026-01-31T18:00:00Z,warning,"[""Uncertainty intervals are not calibrated"", ""Unconfirmed: all source labels use fixed UTC+5 and mark the start of a ten-minute mean; reporting delay is zero and normalization remains unresolved."", ""Source-clock and target normalization semantics remain unconfirmed."", ""Weather availability uses archive-object metadata, not original NOAA publication proof."", ""Forecast target is normalized power; no conversion to MW/MWh is justified.""]"
1.0,1fdf817cc39a30d0bf61760b,1,2026-02-07T18:00:00Z,turbine_2,2026-02-08T12:00:00Z,18,0.9712981124243196,normalized_power,gfs_0p25,2026-02-07T12:00:00Z,wind-power-v1,2026-01-31T18:00:00Z,warning,"[""Uncertainty intervals are not calibrated"", ""Unconfirmed: all source labels use fixed UTC+5 and mark the start of a ten-minute mean; reporting delay is zero and normalization remains unresolved."", ""Source-clock and target normalization semantics remain unconfirmed."", ""Weather availability uses archive-object metadata, not original NOAA publication proof."", ""Forecast target is normalized power; no conversion to MW/MWh is justified.""]"
1.0,1fdf817cc39a30d0bf61760b,1,2026-02-07T18:00:00Z,turbine_2,2026-02-08T13:00:00Z,19,0.9666943808195764,normalized_power,gfs_0p25,2026-02-07T12:00:00Z,wind-power-v1,2026-01-31T18:00:00Z,warning,"[""Uncertainty intervals are not calibrated"", ""Unconfirmed: all source labels use fixed UTC+5 and mark the start of a ten-minute mean; reporting delay is zero and normalization remains unresolved."", ""Source-clock and target normalization semantics remain unconfirmed."", ""Weather availability uses archive-object metadata, not original NOAA publication proof."", ""Forecast target is normalized power; no conversion to MW/MWh is justified.""]"
1.0,1fdf817cc39a30d0bf61760b,1,2026-02-07T18:00:00Z,turbine_2,2026-02-08T14:00:00Z,20,0.9662966025345399,normalized_power,gfs_0p25,2026-02-07T12:00:00Z,wind-power-v1,2026-01-31T18:00:00Z,warning,"[""Uncertainty intervals are not calibrated"", ""Unconfirmed: all source labels use fixed UTC+5 and mark the start of a ten-minute mean; reporting delay is zero and normalization remains unresolved."", ""Source-clock and target normalization semantics remain unconfirmed."", ""Weather availability uses archive-object metadata, not original NOAA publication proof."", ""Forecast target is normalized power; no conversion to MW/MWh is justified.""]"
1.0,1fdf817cc39a30d0bf61760b,1,2026-02-07T18:00:00Z,turbine_2,2026-02-08T15:00:00Z,21,0.981108028051106,normalized_power,gfs_0p25,2026-02-07T12:00:00Z,wind-power-v1,2026-01-31T18:00:00Z,warning,"[""Uncertainty intervals are not calibrated"", ""Unconfirmed: all source labels use fixed UTC+5 and mark the start of a ten-minute mean; reporting delay is zero and normalization remains unresolved."", ""Source-clock and target normalization semantics remain unconfirmed."", ""Weather availability uses archive-object metadata, not original NOAA publication proof."", ""Forecast target is normalized power; no conversion to MW/MWh is justified.""]"
1.0,1fdf817cc39a30d0bf61760b,1,2026-02-07T18:00:00Z,turbine_2,2026-02-08T16:00:00Z,22,0.9934900017932274,normalized_power,gfs_0p25,2026-02-07T12:00:00Z,wind-power-v1,2026-01-31T18:00:00Z,warning,"[""Uncertainty intervals are not calibrated"", ""Unconfirmed: all source labels use fixed UTC+5 and mark the start of a ten-minute mean; reporting delay is zero and normalization remains unresolved."", ""Source-clock and target normalization semantics remain unconfirmed."", ""Weather availability uses archive-object metadata, not original NOAA publication proof."", ""Forecast target is normalized power; no conversion to MW/MWh is justified.""]"
1.0,1fdf817cc39a30d0bf61760b,1,2026-02-07T18:00:00Z,turbine_2,2026-02-08T17:00:00Z,23,0.9178522522468613,normalized_power,gfs_0p25,2026-02-07T12:00:00Z,wind-power-v1,2026-01-31T18:00:00Z,warning,"[""Uncertainty intervals are not calibrated"", ""Unconfirmed: all source labels use fixed UTC+5 and mark the start of a ten-minute mean; reporting delay is zero and normalization remains unresolved."", ""Source-clock and target normalization semantics remain unconfirmed."", ""Weather availability uses archive-object metadata, not original NOAA publication proof."", ""Forecast target is normalized power; no conversion to MW/MWh is justified.""]"
1.0,1fdf817cc39a30d0bf61760b,1,2026-02-07T18:00:00Z,turbine_2,2026-02-08T18:00:00Z,24,0.9934900017932274,normalized_power,gfs_0p25,2026-02-07T12:00:00Z,wind-power-v1,2026-01-31T18:00:00Z,warning,"[""Uncertainty intervals are not calibrated"", ""Unconfirmed: all source labels use fixed UTC+5 and mark the start of a ten-minute mean; reporting delay is zero and normalization remains unresolved."", ""Source-clock and target normalization semantics remain unconfirmed."", ""Weather availability uses archive-object metadata, not original NOAA publication proof."", ""Forecast target is normalized power; no conversion to MW/MWh is justified.""]"
1.0,31e7606383b2889cba522258,1,2026-02-08T18:00:00Z,turbine_2,2026-02-08T19:00:00Z,1,0.9586734371035119,normalized_power,gfs_0p25,2026-02-08T12:00:00Z,wind-power-v1,2026-01-31T18:00:00Z,warning,"[""Uncertainty intervals are not calibrated"", ""Unconfirmed: all source labels use fixed UTC+5 and mark the start of a ten-minute mean; reporting delay is zero and normalization remains unresolved."", ""Source-clock and target normalization semantics remain unconfirmed."", ""Weather availability uses archive-object metadata, not original NOAA publication proof."", ""Forecast target is normalized power; no conversion to MW/MWh is justified.""]"
1.0,31e7606383b2889cba522258,1,2026-02-08T18:00:00Z,turbine_2,2026-02-08T20:00:00Z,2,0.9838576898690593,normalized_power,gfs_0p25,2026-02-08T12:00:00Z,wind-power-v1,2026-01-31T18:00:00Z,warning,"[""Uncertainty intervals are not calibrated"", ""Unconfirmed: all source labels use fixed UTC+5 and mark the start of a ten-minute mean; reporting delay is zero and normalization remains unresolved."", ""Source-clock and target normalization semantics remain unconfirmed."", ""Weather availability uses archive-object metadata, not original NOAA publication proof."", ""Forecast target is normalized power; no conversion to MW/MWh is justified.""]"
1.0,31e7606383b2889cba522258,1,2026-02-08T18:00:00Z,turbine_2,2026-02-08T21:00:00Z,3,0.9526093416559552,normalized_power,gfs_0p25,2026-02-08T12:00:00Z,wind-power-v1,2026-01-31T18:00:00Z,warning,"[""Uncertainty intervals are not calibrated"", ""Unconfirmed: all source labels use fixed UTC+5 and mark the start of a ten-minute mean; reporting delay is zero and normalization remains unresolved."", ""Source-clock and target normalization semantics remain unconfirmed."", ""Weather availability uses archive-object metadata, not original NOAA publication proof."", ""Forecast target is normalized power; no conversion to MW/MWh is justified.""]"
1.0,31e7606383b2889cba522258,1,2026-02-08T18:00:00Z,turbine_2,2026-02-08T22:00:00Z,4,0.9526093416559552,normalized_power,gfs_0p25,2026-02-08T12:00:00Z,wind-power-v1,2026-01-31T18:00:00Z,warning,"[""Uncertainty intervals are not calibrated"", ""Unconfirmed: all source labels use fixed UTC+5 and mark the start of a ten-minute mean; reporting delay is zero and normalization remains unresolved."", ""Source-clock and target normalization semantics remain unconfirmed."", ""Weather availability uses archive-object metadata, not original NOAA publication proof."", ""Forecast target is normalized power; no conversion to MW/MWh is justified.""]"
1.0,31e7606383b2889cba522258,1,2026-02-08T18:00:00Z,turbine_2,2026-02-08T23:00:00Z,5,0.9526093416559552,normalized_power,gfs_0p25,2026-02-08T12:00:00Z,wind-power-v1,2026-01-31T18:00:00Z,warning,"[""Uncertainty intervals are not calibrated"", ""Unconfirmed: all source labels use fixed UTC+5 and mark the start of a ten-minute mean; reporting delay is zero and normalization remains unresolved."", ""Source-clock and target normalization semantics remain unconfirmed."", ""Weather availability uses archive-object metadata, not original NOAA publication proof."", ""Forecast target is normalized power; no conversion to MW/MWh is justified.""]"
1.0,31e7606383b2889cba522258,1,2026-02-08T18:00:00Z,turbine_2,2026-02-09T00:00:00Z,6,0.9526093416559552,normalized_power,gfs_0p25,2026-02-08T12:00:00Z,wind-power-v1,2026-01-31T18:00:00Z,warning,"[""Uncertainty intervals are not calibrated"", ""Unconfirmed: all source labels use fixed UTC+5 and mark the start of a ten-minute mean; reporting delay is zero and normalization remains unresolved."", ""Source-clock and target normalization semantics remain unconfirmed."", ""Weather availability uses archive-object metadata, not original NOAA publication proof."", ""Forecast target is normalized power; no conversion to MW/MWh is justified.""]"
1.0,31e7606383b2889cba522258,1,2026-02-08T18:00:00Z,turbine_2,2026-02-09T01:00:00Z,7,0.9424187842929934,normalized_power,gfs_0p25,2026-02-08T12:00:00Z,wind-power-v1,2026-01-31T18:00:00Z,warning,"[""Uncertainty intervals are not calibrated"", ""Unconfirmed: all source labels use fixed UTC+5 and mark the start of a ten-minute mean; reporting delay is zero and normalization remains unresolved."", ""Source-clock and target normalization semantics remain unconfirmed."", ""Weather availability uses archive-object metadata, not original NOAA publication proof."", ""Forecast target is normalized power; no conversion to MW/MWh is justified.""]"
1.0,31e7606383b2889cba522258,1,2026-02-08T18:00:00Z,turbine_2,2026-02-09T02:00:00Z,8,0.9351022262464205,normalized_power,gfs_0p25,2026-02-08T12:00:00Z,wind-power-v1,2026-01-31T18:00:00Z,warning,"[""Uncertainty intervals are not calibrated"", ""Unconfirmed: all source labels use fixed UTC+5 and mark the start of a ten-minute mean; reporting delay is zero and normalization remains unresolved."", ""Source-clock and target normalization semantics remain unconfirmed."", ""Weather availability uses archive-object metadata, not original NOAA publication proof."", ""Forecast target is normalized power; no conversion to MW/MWh is justified.""]"
1.0,31e7606383b2889cba522258,1,2026-02-08T18:00:00Z,turbine_2,2026-02-09T03:00:00Z,9,0.9366125241544841,normalized_power,gfs_0p25,2026-02-08T12:00:00Z,wind-power-v1,2026-01-31T18:00:00Z,warning,"[""Uncertainty intervals are not calibrated"", ""Unconfirmed: all source labels use fixed UTC+5 and mark the start of a ten-minute mean; reporting delay is zero and normalization remains unresolved."", ""Source-clock and target normalization semantics remain unconfirmed."", ""Weather availability uses archive-object metadata, not original NOAA publication proof."", ""Forecast target is normalized power; no conversion to MW/MWh is justified.""]"
1.0,31e7606383b2889cba522258,1,2026-02-08T18:00:00Z,turbine_2,2026-02-09T04:00:00Z,10,0.9956648778878062,normalized_power,gfs_0p25,2026-02-08T12:00:00Z,wind-power-v1,2026-01-31T18:00:00Z,warning,"[""Uncertainty intervals are not calibrated"", ""Unconfirmed: all source labels use fixed UTC+5 and mark the start of a ten-minute mean; reporting delay is zero and normalization remains unresolved."", ""Source-clock and target normalization semantics remain unconfirmed."", ""Weather availability uses archive-object metadata, not original NOAA publication proof."", ""Forecast target is normalized power; no conversion to MW/MWh is justified.""]"
1.0,31e7606383b2889cba522258,1,2026-02-08T18:00:00Z,turbine_2,2026-02-09T05:00:00Z,11,0.9360244525008377,normalized_power,gfs_0p25,2026-02-08T12:00:00Z,wind-power-v1,2026-01-31T18:00:00Z,warning,"[""Uncertainty intervals are not calibrated"", ""Unconfirmed: all source labels use fixed UTC+5 and mark the start of a ten-minute mean; reporting delay is zero and normalization remains unresolved."", ""Source-clock and target normalization semantics remain unconfirmed."", ""Weather availability uses archive-object metadata, not original NOAA publication proof."", ""Forecast target is normalized power; no conversion to MW/MWh is justified.""]"
1.0,31e7606383b2889cba522258,1,2026-02-08T18:00:00Z,turbine_2,2026-02-09T06:00:00Z,12,0.9762547848522866,normalized_power,gfs_0p25,2026-02-08T12:00:00Z,wind-power-v1,2026-01-31T18:00:00Z,warning,"[""Uncertainty intervals are not calibrated"", ""Unconfirmed: all source labels use fixed UTC+5 and mark the start of a ten-minute mean; reporting delay is zero and normalization remains unresolved."", ""Source-clock and target normalization semantics remain unconfirmed."", ""Weather availability uses archive-object metadata, not original NOAA publication proof."", ""Forecast target is normalized power; no conversion to MW/MWh is justified.""]"
1.0,31e7606383b2889cba522258,1,2026-02-08T18:00:00Z,turbine_2,2026-02-09T07:00:00Z,13,0.9599923127057157,normalized_power,gfs_0p25,2026-02-08T12:00:00Z,wind-power-v1,2026-01-31T18:00:00Z,warning,"[""Uncertainty intervals are not calibrated"", ""Unconfirmed: all source labels use fixed UTC+5 and mark the start of a ten-minute mean; reporting delay is zero and normalization remains unresolved."", ""Source-clock and target normalization semantics remain unconfirmed."", ""Weather availability uses archive-object metadata, not original NOAA publication proof."", ""Forecast target is normalized power; no conversion to MW/MWh is justified.""]"
1.0,31e7606383b2889cba522258,1,2026-02-08T18:00:00Z,turbine_2,2026-02-09T08:00:00Z,14,0.9751343819104538,normalized_power,gfs_0p25,2026-02-08T12:00:00Z,wind-power-v1,2026-01-31T18:00:00Z,warning,"[""Uncertainty intervals are not calibrated"", ""Unconfirmed: all source labels use fixed UTC+5 and mark the start of a ten-minute mean; reporting delay is zero and normalization remains unresolved."", ""Source-clock and target normalization semantics remain unconfirmed."", ""Weather availability uses archive-object metadata, not original NOAA publication proof."", ""Forecast target is normalized power; no conversion to MW/MWh is justified.""]"
1.0,31e7606383b2889cba522258,1,2026-02-08T18:00:00Z,turbine_2,2026-02-09T09:00:00Z,15,1.0719310801269968,normalized_power,gfs_0p25,2026-02-08T12:00:00Z,wind-power-v1,2026-01-31T18:00:00Z,warning,"[""Uncertainty intervals are not calibrated"", ""Unconfirmed: all source labels use fixed UTC+5 and mark the start of a ten-minute mean; reporting delay is zero and normalization remains unresolved."", ""Source-clock and target normalization semantics remain unconfirmed."", ""Weather availability uses archive-object metadata, not original NOAA publication proof."", ""Forecast target is normalized power; no conversion to MW/MWh is justified.""]"
1.0,31e7606383b2889cba522258,1,2026-02-08T18:00:00Z,turbine_2,2026-02-09T10:00:00Z,16,1.0665106597045801,normalized_power,gfs_0p25,2026-02-08T12:00:00Z,wind-power-v1,2026-01-31T18:00:00Z,warning,"[""Uncertainty intervals are not calibrated"", ""Unconfirmed: all source labels use fixed UTC+5 and mark the start of a ten-minute mean; reporting delay is zero and normalization remains unresolved."", ""Source-clock and target normalization semantics remain unconfirmed."", ""Weather availability uses archive-object metadata, not original NOAA publication proof."", ""Forecast target is normalized power; no conversion to MW/MWh is justified.""]"
1.0,31e7606383b2889cba522258,1,2026-02-08T18:00:00Z,turbine_2,2026-02-09T11:00:00Z,17,0.4729287750039413,normalized_power,gfs_0p25,2026-02-08T12:00:00Z,wind-power-v1,2026-01-31T18:00:00Z,warning,"[""Uncertainty intervals are not calibrated"", ""Unconfirmed: all source labels use fixed UTC+5 and mark the start of a ten-minute mean; reporting delay is zero and normalization remains unresolved."", ""Source-clock and target normalization semantics remain unconfirmed."", ""Weather availability uses archive-object metadata, not original NOAA publication proof."", ""Forecast target is normalized power; no conversion to MW/MWh is justified.""]"
1.0,31e7606383b2889cba522258,1,2026-02-08T18:00:00Z,turbine_2,2026-02-09T12:00:00Z,18,0.3624213330268188,normalized_power,gfs_0p25,2026-02-08T12:00:00Z,wind-power-v1,2026-01-31T18:00:00Z,warning,"[""Uncertainty intervals are not calibrated"", ""Unconfirmed: all source labels use fixed UTC+5 and mark the start of a ten-minute mean; reporting delay is zero and normalization remains unresolved."", ""Source-clock and target normalization semantics remain unconfirmed."", ""Weather availability uses archive-object metadata, not original NOAA publication proof."", ""Forecast target is normalized power; no conversion to MW/MWh is justified.""]"
1.0,31e7606383b2889cba522258,1,2026-02-08T18:00:00Z,turbine_2,2026-02-09T13:00:00Z,19,0.21282979669433835,normalized_power,gfs_0p25,2026-02-08T12:00:00Z,wind-power-v1,2026-01-31T18:00:00Z,warning,"[""Uncertainty intervals are not calibrated"", ""Unconfirmed: all source labels use fixed UTC+5 and mark the start of a ten-minute mean; reporting delay is zero and normalization remains unresolved."", ""Source-clock and target normalization semantics remain unconfirmed."", ""Weather availability uses archive-object metadata, not original NOAA publication proof."", ""Forecast target is normalized power; no conversion to MW/MWh is justified.""]"
1.0,31e7606383b2889cba522258,1,2026-02-08T18:00:00Z,turbine_2,2026-02-09T14:00:00Z,20,0.22478295788021335,normalized_power,gfs_0p25,2026-02-08T12:00:00Z,wind-power-v1,2026-01-31T18:00:00Z,warning,"[""Uncertainty intervals are not calibrated"", ""Unconfirmed: all source labels use fixed UTC+5 and mark the start of a ten-minute mean; reporting delay is zero and normalization remains unresolved."", ""Source-clock and target normalization semantics remain unconfirmed."", ""Weather availability uses archive-object metadata, not original NOAA publication proof."", ""Forecast target is normalized power; no conversion to MW/MWh is justified.""]"
1.0,31e7606383b2889cba522258,1,2026-02-08T18:00:00Z,turbine_2,2026-02-09T15:00:00Z,21,0.16857278201172968,normalized_power,gfs_0p25,2026-02-08T12:00:00Z,wind-power-v1,2026-01-31T18:00:00Z,warning,"[""Uncertainty intervals are not calibrated"", ""Unconfirmed: all source labels use fixed UTC+5 and mark the start of a ten-minute mean; reporting delay is zero and normalization remains unresolved."", ""Source-clock and target normalization semantics remain unconfirmed."", ""Weather availability uses archive-object metadata, not original NOAA publication proof."", ""Forecast target is normalized power; no conversion to MW/MWh is justified.""]"
1.0,31e7606383b2889cba522258,1,2026-02-08T18:00:00Z,turbine_2,2026-02-09T16:00:00Z,22,0.13699382346251424,normalized_power,gfs_0p25,2026-02-08T12:00:00Z,wind-power-v1,2026-01-31T18:00:00Z,warning,"[""Uncertainty intervals are not calibrated"", ""Unconfirmed: all source labels use fixed UTC+5 and mark the start of a ten-minute mean; reporting delay is zero and normalization remains unresolved."", ""Source-clock and target normalization semantics remain unconfirmed."", ""Weather availability uses archive-object metadata, not original NOAA publication proof."", ""Forecast target is normalized power; no conversion to MW/MWh is justified.""]"
1.0,31e7606383b2889cba522258,1,2026-02-08T18:00:00Z,turbine_2,2026-02-09T17:00:00Z,23,0.1364555090225404,normalized_power,gfs_0p25,2026-02-08T12:00:00Z,wind-power-v1,2026-01-31T18:00:00Z,warning,"[""Uncertainty intervals are not calibrated"", ""Unconfirmed: all source labels use fixed UTC+5 and mark the start of a ten-minute mean; reporting delay is zero and normalization remains unresolved."", ""Source-clock and target normalization semantics remain unconfirmed."", ""Weather availability uses archive-object metadata, not original NOAA publication proof."", ""Forecast target is normalized power; no conversion to MW/MWh is justified.""]"
1.0,31e7606383b2889cba522258,1,2026-02-08T18:00:00Z,turbine_2,2026-02-09T18:00:00Z,24,0.09319612718659852,normalized_power,gfs_0p25,2026-02-08T12:00:00Z,wind-power-v1,2026-01-31T18:00:00Z,warning,"[""Uncertainty intervals are not calibrated"", ""Unconfirmed: all source labels use fixed UTC+5 and mark the start of a ten-minute mean; reporting delay is zero and normalization remains unresolved."", ""Source-clock and target normalization semantics remain unconfirmed."", ""Weather availability uses archive-object metadata, not original NOAA publication proof."", ""Forecast target is normalized power; no conversion to MW/MWh is justified.""]"
1.0,6d92a72116ffc4f42e4a5399,1,2026-02-09T18:00:00Z,turbine_2,2026-02-09T19:00:00Z,1,0.05752104067997219,normalized_power,gfs_0p25,2026-02-09T12:00:00Z,wind-power-v1,2026-01-31T18:00:00Z,warning,"[""Uncertainty intervals are not calibrated"", ""Unconfirmed: all source labels use fixed UTC+5 and mark the start of a ten-minute mean; reporting delay is zero and normalization remains unresolved."", ""Source-clock and target normalization semantics remain unconfirmed."", ""Weather availability uses archive-object metadata, not original NOAA publication proof."", ""Forecast target is normalized power; no conversion to MW/MWh is justified.""]"
1.0,6d92a72116ffc4f42e4a5399,1,2026-02-09T18:00:00Z,turbine_2,2026-02-09T20:00:00Z,2,0.0935149429019599,normalized_power,gfs_0p25,2026-02-09T12:00:00Z,wind-power-v1,2026-01-31T18:00:00Z,warning,"[""Uncertainty intervals are not calibrated"", ""Unconfirmed: all source labels use fixed UTC+5 and mark the start of a ten-minute mean; reporting delay is zero and normalization remains unresolved."", ""Source-clock and target normalization semantics remain unconfirmed."", ""Weather availability uses archive-object metadata, not original NOAA publication proof."", ""Forecast target is normalized power; no conversion to MW/MWh is justified.""]"
1.0,6d92a72116ffc4f42e4a5399,1,2026-02-09T18:00:00Z,turbine_2,2026-02-09T21:00:00Z,3,0.046803937853496846,normalized_power,gfs_0p25,2026-02-09T12:00:00Z,wind-power-v1,2026-01-31T18:00:00Z,warning,"[""Uncertainty intervals are not calibrated"", ""Unconfirmed: all source labels use fixed UTC+5 and mark the start of a ten-minute mean; reporting delay is zero and normalization remains unresolved."", ""Source-clock and target normalization semantics remain unconfirmed."", ""Weather availability uses archive-object metadata, not original NOAA publication proof."", ""Forecast target is normalized power; no conversion to MW/MWh is justified.""]"
1.0,6d92a72116ffc4f42e4a5399,1,2026-02-09T18:00:00Z,turbine_2,2026-02-09T22:00:00Z,4,0.04684284312620853,normalized_power,gfs_0p25,2026-02-09T12:00:00Z,wind-power-v1,2026-01-31T18:00:00Z,warning,"[""Uncertainty intervals are not calibrated"", ""Unconfirmed: all source labels use fixed UTC+5 and mark the start of a ten-minute mean; reporting delay is zero and normalization remains unresolved."", ""Source-clock and target normalization semantics remain unconfirmed."", ""Weather availability uses archive-object metadata, not original NOAA publication proof."", ""Forecast target is normalized power; no conversion to MW/MWh is justified.""]"
1.0,6d92a72116ffc4f42e4a5399,1,2026-02-09T18:00:00Z,turbine_2,2026-02-09T23:00:00Z,5,0.08500006362099874,normalized_power,gfs_0p25,2026-02-09T12:00:00Z,wind-power-v1,2026-01-31T18:00:00Z,warning,"[""Uncertainty intervals are not calibrated"", ""Unconfirmed: all source labels use fixed UTC+5 and mark the start of a ten-minute mean; reporting delay is zero and normalization remains unresolved."", ""Source-clock and target normalization semantics remain unconfirmed."", ""Weather availability uses archive-object metadata, not original NOAA publication proof."", ""Forecast target is normalized power; no conversion to MW/MWh is justified.""]"
1.0,6d92a72116ffc4f42e4a5399,1,2026-02-09T18:00:00Z,turbine_2,2026-02-10T00:00:00Z,6,0.38917451330864417,normalized_power,gfs_0p25,2026-02-09T12:00:00Z,wind-power-v1,2026-01-31T18:00:00Z,warning,"[""Uncertainty intervals are not calibrated"", ""Unconfirmed: all source labels use fixed UTC+5 and mark the start of a ten-minute mean; reporting delay is zero and normalization remains unresolved."", ""Source-clock and target normalization semantics remain unconfirmed."", ""Weather availability uses archive-object metadata, not original NOAA publication proof."", ""Forecast target is normalized power; no conversion to MW/MWh is justified.""]"
1.0,6d92a72116ffc4f42e4a5399,1,2026-02-09T18:00:00Z,turbine_2,2026-02-10T01:00:00Z,7,0.27299704254219764,normalized_power,gfs_0p25,2026-02-09T12:00:00Z,wind-power-v1,2026-01-31T18:00:00Z,warning,"[""Uncertainty intervals are not calibrated"", ""Unconfirmed: all source labels use fixed UTC+5 and mark the start of a ten-minute mean; reporting delay is zero and normalization remains unresolved."", ""Source-clock and target normalization semantics remain unconfirmed."", ""Weather availability uses archive-object metadata, not original NOAA publication proof."", ""Forecast target is normalized power; no conversion to MW/MWh is justified.""]"
1.0,6d92a72116ffc4f42e4a5399,1,2026-02-09T18:00:00Z,turbine_2,2026-02-10T02:00:00Z,8,0.2602849489568485,normalized_power,gfs_0p25,2026-02-09T12:00:00Z,wind-power-v1,2026-01-31T18:00:00Z,warning,"[""Uncertainty intervals are not calibrated"", ""Unconfirmed: all source labels use fixed UTC+5 and mark the start of a ten-minute mean; reporting delay is zero and normalization remains unresolved."", ""Source-clock and target normalization semantics remain unconfirmed."", ""Weather availability uses archive-object metadata, not original NOAA publication proof."", ""Forecast target is normalized power; no conversion to MW/MWh is justified.""]"
1.0,6d92a72116ffc4f42e4a5399,1,2026-02-09T18:00:00Z,turbine_2,2026-02-10T03:00:00Z,9,0.32379289297519304,normalized_power,gfs_0p25,2026-02-09T12:00:00Z,wind-power-v1,2026-01-31T18:00:00Z,warning,"[""Uncertainty intervals are not calibrated"", ""Unconfirmed: all source labels use fixed UTC+5 and mark the start of a ten-minute mean; reporting delay is zero and normalization remains unresolved."", ""Source-clock and target normalization semantics remain unconfirmed."", ""Weather availability uses archive-object metadata, not original NOAA publication proof."", ""Forecast target is normalized power; no conversion to MW/MWh is justified.""]"
1.0,6d92a72116ffc4f42e4a5399,1,2026-02-09T18:00:00Z,turbine_2,2026-02-10T04:00:00Z,10,0.3051598109093118,normalized_power,gfs_0p25,2026-02-09T12:00:00Z,wind-power-v1,2026-01-31T18:00:00Z,warning,"[""Uncertainty intervals are not calibrated"", ""Unconfirmed: all source labels use fixed UTC+5 and mark the start of a ten-minute mean; reporting delay is zero and normalization remains unresolved."", ""Source-clock and target normalization semantics remain unconfirmed."", ""Weather availability uses archive-object metadata, not original NOAA publication proof."", ""Forecast target is normalized power; no conversion to MW/MWh is justified.""]"
1.0,6d92a72116ffc4f42e4a5399,1,2026-02-09T18:00:00Z,turbine_2,2026-02-10T05:00:00Z,11,0.39581990346140605,normalized_power,gfs_0p25,2026-02-09T12:00:00Z,wind-power-v1,2026-01-31T18:00:00Z,warning,"[""Uncertainty intervals are not calibrated"", ""Unconfirmed: all source labels use fixed UTC+5 and mark the start of a ten-minute mean; reporting delay is zero and normalization remains unresolved."", ""Source-clock and target normalization semantics remain unconfirmed."", ""Weather availability uses archive-object metadata, not original NOAA publication proof."", ""Forecast target is normalized power; no conversion to MW/MWh is justified.""]"
1.0,6d92a72116ffc4f42e4a5399,1,2026-02-09T18:00:00Z,turbine_2,2026-02-10T06:00:00Z,12,0.42468298492295736,normalized_power,gfs_0p25,2026-02-09T12:00:00Z,wind-power-v1,2026-01-31T18:00:00Z,warning,"[""Uncertainty intervals are not calibrated"", ""Unconfirmed: all source labels use fixed UTC+5 and mark the start of a ten-minute mean; reporting delay is zero and normalization remains unresolved."", ""Source-clock and target normalization semantics remain unconfirmed."", ""Weather availability uses archive-object metadata, not original NOAA publication proof."", ""Forecast target is normalized power; no conversion to MW/MWh is justified.""]"
1.0,6d92a72116ffc4f42e4a5399,1,2026-02-09T18:00:00Z,turbine_2,2026-02-10T07:00:00Z,13,0.2867434979920123,normalized_power,gfs_0p25,2026-02-09T12:00:00Z,wind-power-v1,2026-01-31T18:00:00Z,warning,"[""Uncertainty intervals are not calibrated"", ""Unconfirmed: all source labels use fixed UTC+5 and mark the start of a ten-minute mean; reporting delay is zero and normalization remains unresolved."", ""Source-clock and target normalization semantics remain unconfirmed."", ""Weather availability uses archive-object metadata, not original NOAA publication proof."", ""Forecast target is normalized power; no conversion to MW/MWh is justified.""]"
1.0,6d92a72116ffc4f42e4a5399,1,2026-02-09T18:00:00Z,turbine_2,2026-02-10T08:00:00Z,14,0.07012839272493192,normalized_power,gfs_0p25,2026-02-09T12:00:00Z,wind-power-v1,2026-01-31T18:00:00Z,warning,"[""Uncertainty intervals are not calibrated"", ""Unconfirmed: all source labels use fixed UTC+5 and mark the start of a ten-minute mean; reporting delay is zero and normalization remains unresolved."", ""Source-clock and target normalization semantics remain unconfirmed."", ""Weather availability uses archive-object metadata, not original NOAA publication proof."", ""Forecast target is normalized power; no conversion to MW/MWh is justified.""]"
1.0,6d92a72116ffc4f42e4a5399,1,2026-02-09T18:00:00Z,turbine_2,2026-02-10T09:00:00Z,15,0.08426919960514624,normalized_power,gfs_0p25,2026-02-09T12:00:00Z,wind-power-v1,2026-01-31T18:00:00Z,warning,"[""Uncertainty intervals are not calibrated"", ""Unconfirmed: all source labels use fixed UTC+5 and mark the start of a ten-minute mean; reporting delay is zero and normalization remains unresolved."", ""Source-clock and target normalization semantics remain unconfirmed."", ""Weather availability uses archive-object metadata, not original NOAA publication proof."", ""Forecast target is normalized power; no conversion to MW/MWh is justified.""]"
1.0,6d92a72116ffc4f42e4a5399,1,2026-02-09T18:00:00Z,turbine_2,2026-02-10T10:00:00Z,16,0.012804173944815152,normalized_power,gfs_0p25,2026-02-09T12:00:00Z,wind-power-v1,2026-01-31T18:00:00Z,warning,"[""Uncertainty intervals are not calibrated"", ""Unconfirmed: all source labels use fixed UTC+5 and mark the start of a ten-minute mean; reporting delay is zero and normalization remains unresolved."", ""Source-clock and target normalization semantics remain unconfirmed."", ""Weather availability uses archive-object metadata, not original NOAA publication proof."", ""Forecast target is normalized power; no conversion to MW/MWh is justified.""]"
1.0,6d92a72116ffc4f42e4a5399,1,2026-02-09T18:00:00Z,turbine_2,2026-02-10T11:00:00Z,17,0.012804173944815152,normalized_power,gfs_0p25,2026-02-09T12:00:00Z,wind-power-v1,2026-01-31T18:00:00Z,warning,"[""Uncertainty intervals are not calibrated"", ""Unconfirmed: all source labels use fixed UTC+5 and mark the start of a ten-minute mean; reporting delay is zero and normalization remains unresolved."", ""Source-clock and target normalization semantics remain unconfirmed."", ""Weather availability uses archive-object metadata, not original NOAA publication proof."", ""Forecast target is normalized power; no conversion to MW/MWh is justified.""]"
1.0,6d92a72116ffc4f42e4a5399,1,2026-02-09T18:00:00Z,turbine_2,2026-02-10T12:00:00Z,18,0.11126874427034662,normalized_power,gfs_0p25,2026-02-09T12:00:00Z,wind-power-v1,2026-01-31T18:00:00Z,warning,"[""Uncertainty intervals are not calibrated"", ""Unconfirmed: all source labels use fixed UTC+5 and mark the start of a ten-minute mean; reporting delay is zero and normalization remains unresolved."", ""Source-clock and target normalization semantics remain unconfirmed."", ""Weather availability uses archive-object metadata, not original NOAA publication proof."", ""Forecast target is normalized power; no conversion to MW/MWh is justified.""]"
1.0,6d92a72116ffc4f42e4a5399,1,2026-02-09T18:00:00Z,turbine_2,2026-02-10T13:00:00Z,19,0.4020364436766481,normalized_power,gfs_0p25,2026-02-09T12:00:00Z,wind-power-v1,2026-01-31T18:00:00Z,warning,"[""Uncertainty intervals are not calibrated"", ""Unconfirmed: all source labels use fixed UTC+5 and mark the start of a ten-minute mean; reporting delay is zero and normalization remains unresolved."", ""Source-clock and target normalization semantics remain unconfirmed."", ""Weather availability uses archive-object metadata, not original NOAA publication proof."", ""Forecast target is normalized power; no conversion to MW/MWh is justified.""]"
1.0,6d92a72116ffc4f42e4a5399,1,2026-02-09T18:00:00Z,turbine_2,2026-02-10T14:00:00Z,20,0.31805034091486195,normalized_power,gfs_0p25,2026-02-09T12:00:00Z,wind-power-v1,2026-01-31T18:00:00Z,warning,"[""Uncertainty intervals are not calibrated"", ""Unconfirmed: all source labels use fixed UTC+5 and mark the start of a ten-minute mean; reporting delay is zero and normalization remains unresolved."", ""Source-clock and target normalization semantics remain unconfirmed."", ""Weather availability uses archive-object metadata, not original NOAA publication proof."", ""Forecast target is normalized power; no conversion to MW/MWh is justified.""]"
1.0,6d92a72116ffc4f42e4a5399,1,2026-02-09T18:00:00Z,turbine_2,2026-02-10T15:00:00Z,21,0.31075821326691627,normalized_power,gfs_0p25,2026-02-09T12:00:00Z,wind-power-v1,2026-01-31T18:00:00Z,warning,"[""Uncertainty intervals are not calibrated"", ""Unconfirmed: all source labels use fixed UTC+5 and mark the start of a ten-minute mean; reporting delay is zero and normalization remains unresolved."", ""Source-clock and target normalization semantics remain unconfirmed."", ""Weather availability uses archive-object metadata, not original NOAA publication proof."", ""Forecast target is normalized power; no conversion to MW/MWh is justified.""]"
1.0,6d92a72116ffc4f42e4a5399,1,2026-02-09T18:00:00Z,turbine_2,2026-02-10T16:00:00Z,22,0.5665042533436466,normalized_power,gfs_0p25,2026-02-09T12:00:00Z,wind-power-v1,2026-01-31T18:00:00Z,warning,"[""Uncertainty intervals are not calibrated"", ""Unconfirmed: all source labels use fixed UTC+5 and mark the start of a ten-minute mean; reporting delay is zero and normalization remains unresolved."", ""Source-clock and target normalization semantics remain unconfirmed."", ""Weather availability uses archive-object metadata, not original NOAA publication proof."", ""Forecast target is normalized power; no conversion to MW/MWh is justified.""]"
1.0,6d92a72116ffc4f42e4a5399,1,2026-02-09T18:00:00Z,turbine_2,2026-02-10T17:00:00Z,23,0.5491589830608344,normalized_power,gfs_0p25,2026-02-09T12:00:00Z,wind-power-v1,2026-01-31T18:00:00Z,warning,"[""Uncertainty intervals are not calibrated"", ""Unconfirmed: all source labels use fixed UTC+5 and mark the start of a ten-minute mean; reporting delay is zero and normalization remains unresolved."", ""Source-clock and target normalization semantics remain unconfirmed."", ""Weather availability uses archive-object metadata, not original NOAA publication proof."", ""Forecast target is normalized power; no conversion to MW/MWh is justified.""]"
1.0,6d92a72116ffc4f42e4a5399,1,2026-02-09T18:00:00Z,turbine_2,2026-02-10T18:00:00Z,24,0.7002095664126919,normalized_power,gfs_0p25,2026-02-09T12:00:00Z,wind-power-v1,2026-01-31T18:00:00Z,warning,"[""Uncertainty intervals are not calibrated"", ""Unconfirmed: all source labels use fixed UTC+5 and mark the start of a ten-minute mean; reporting delay is zero and normalization remains unresolved."", ""Source-clock and target normalization semantics remain unconfirmed."", ""Weather availability uses archive-object metadata, not original NOAA publication proof."", ""Forecast target is normalized power; no conversion to MW/MWh is justified.""]"
1.0,733ca91a78b5745eac6a15ab,1,2026-02-10T18:00:00Z,turbine_2,2026-02-10T19:00:00Z,1,0.9242668564578818,normalized_power,gfs_0p25,2026-02-10T12:00:00Z,wind-power-v1,2026-01-31T18:00:00Z,warning,"[""Uncertainty intervals are not calibrated"", ""Unconfirmed: all source labels use fixed UTC+5 and mark the start of a ten-minute mean; reporting delay is zero and normalization remains unresolved."", ""Source-clock and target normalization semantics remain unconfirmed."", ""Weather availability uses archive-object metadata, not original NOAA publication proof."", ""Forecast target is normalized power; no conversion to MW/MWh is justified.""]"
1.0,733ca91a78b5745eac6a15ab,1,2026-02-10T18:00:00Z,turbine_2,2026-02-10T20:00:00Z,2,0.9483972817138681,normalized_power,gfs_0p25,2026-02-10T12:00:00Z,wind-power-v1,2026-01-31T18:00:00Z,warning,"[""Uncertainty intervals are not calibrated"", ""Unconfirmed: all source labels use fixed UTC+5 and mark the start of a ten-minute mean; reporting delay is zero and normalization remains unresolved."", ""Source-clock and target normalization semantics remain unconfirmed."", ""Weather availability uses archive-object metadata, not original NOAA publication proof."", ""Forecast target is normalized power; no conversion to MW/MWh is justified.""]"
1.0,733ca91a78b5745eac6a15ab,1,2026-02-10T18:00:00Z,turbine_2,2026-02-10T21:00:00Z,3,0.7127580967620911,normalized_power,gfs_0p25,2026-02-10T12:00:00Z,wind-power-v1,2026-01-31T18:00:00Z,warning,"[""Uncertainty intervals are not calibrated"", ""Unconfirmed: all source labels use fixed UTC+5 and mark the start of a ten-minute mean; reporting delay is zero and normalization remains unresolved."", ""Source-clock and target normalization semantics remain unconfirmed."", ""Weather availability uses archive-object metadata, not original NOAA publication proof."", ""Forecast target is normalized power; no conversion to MW/MWh is justified.""]"
1.0,733ca91a78b5745eac6a15ab,1,2026-02-10T18:00:00Z,turbine_2,2026-02-10T22:00:00Z,4,0.6914143275434536,normalized_power,gfs_0p25,2026-02-10T12:00:00Z,wind-power-v1,2026-01-31T18:00:00Z,warning,"[""Uncertainty intervals are not calibrated"", ""Unconfirmed: all source labels use fixed UTC+5 and mark the start of a ten-minute mean; reporting delay is zero and normalization remains unresolved."", ""Source-clock and target normalization semantics remain unconfirmed."", ""Weather availability uses archive-object metadata, not original NOAA publication proof."", ""Forecast target is normalized power; no conversion to MW/MWh is justified.""]"
1.0,733ca91a78b5745eac6a15ab,1,2026-02-10T18:00:00Z,turbine_2,2026-02-10T23:00:00Z,5,0.3953191043956204,normalized_power,gfs_0p25,2026-02-10T12:00:00Z,wind-power-v1,2026-01-31T18:00:00Z,warning,"[""Uncertainty intervals are not calibrated"", ""Unconfirmed: all source labels use fixed UTC+5 and mark the start of a ten-minute mean; reporting delay is zero and normalization remains unresolved."", ""Source-clock and target normalization semantics remain unconfirmed."", ""Weather availability uses archive-object metadata, not original NOAA publication proof."", ""Forecast target is normalized power; no conversion to MW/MWh is justified.""]"
1.0,733ca91a78b5745eac6a15ab,1,2026-02-10T18:00:00Z,turbine_2,2026-02-11T00:00:00Z,6,0.07482400859691879,normalized_power,gfs_0p25,2026-02-10T12:00:00Z,wind-power-v1,2026-01-31T18:00:00Z,warning,"[""Uncertainty intervals are not calibrated"", ""Unconfirmed: all source labels use fixed UTC+5 and mark the start of a ten-minute mean; reporting delay is zero and normalization remains unresolved."", ""Source-clock and target normalization semantics remain unconfirmed."", ""Weather availability uses archive-object metadata, not original NOAA publication proof."", ""Forecast target is normalized power; no conversion to MW/MWh is justified.""]"
1.0,733ca91a78b5745eac6a15ab,1,2026-02-10T18:00:00Z,turbine_2,2026-02-11T01:00:00Z,7,0.19363769119837398,normalized_power,gfs_0p25,2026-02-10T12:00:00Z,wind-power-v1,2026-01-31T18:00:00Z,warning,"[""Uncertainty intervals are not calibrated"", ""Unconfirmed: all source labels use fixed UTC+5 and mark the start of a ten-minute mean; reporting delay is zero and normalization remains unresolved."", ""Source-clock and target normalization semantics remain unconfirmed."", ""Weather availability uses archive-object metadata, not original NOAA publication proof."", ""Forecast target is normalized power; no conversion to MW/MWh is justified.""]"
1.0,733ca91a78b5745eac6a15ab,1,2026-02-10T18:00:00Z,turbine_2,2026-02-11T02:00:00Z,8,0.07192988519090687,normalized_power,gfs_0p25,2026-02-10T12:00:00Z,wind-power-v1,2026-01-31T18:00:00Z,warning,"[""Uncertainty intervals are not calibrated"", ""Unconfirmed: all source labels use fixed UTC+5 and mark the start of a ten-minute mean; reporting delay is zero and normalization remains unresolved."", ""Source-clock and target normalization semantics remain unconfirmed."", ""Weather availability uses archive-object metadata, not original NOAA publication proof."", ""Forecast target is normalized power; no conversion to MW/MWh is justified.""]"
1.0,733ca91a78b5745eac6a15ab,1,2026-02-10T18:00:00Z,turbine_2,2026-02-11T03:00:00Z,9,0.2610891579676194,normalized_power,gfs_0p25,2026-02-10T12:00:00Z,wind-power-v1,2026-01-31T18:00:00Z,warning,"[""Uncertainty intervals are not calibrated"", ""Unconfirmed: all source labels use fixed UTC+5 and mark the start of a ten-minute mean; reporting delay is zero and normalization remains unresolved."", ""Source-clock and target normalization semantics remain unconfirmed."", ""Weather availability uses archive-object metadata, not original NOAA publication proof."", ""Forecast target is normalized power; no conversion to MW/MWh is justified.""]"
1.0,733ca91a78b5745eac6a15ab,1,2026-02-10T18:00:00Z,turbine_2,2026-02-11T04:00:00Z,10,0.4140251923167227,normalized_power,gfs_0p25,2026-02-10T12:00:00Z,wind-power-v1,2026-01-31T18:00:00Z,warning,"[""Uncertainty intervals are not calibrated"", ""Unconfirmed: all source labels use fixed UTC+5 and mark the start of a ten-minute mean; reporting delay is zero and normalization remains unresolved."", ""Source-clock and target normalization semantics remain unconfirmed."", ""Weather availability uses archive-object metadata, not original NOAA publication proof."", ""Forecast target is normalized power; no conversion to MW/MWh is justified.""]"
1.0,733ca91a78b5745eac6a15ab,1,2026-02-10T18:00:00Z,turbine_2,2026-02-11T05:00:00Z,11,0.4707205027472823,normalized_power,gfs_0p25,2026-02-10T12:00:00Z,wind-power-v1,2026-01-31T18:00:00Z,warning,"[""Uncertainty intervals are not calibrated"", ""Unconfirmed: all source labels use fixed UTC+5 and mark the start of a ten-minute mean; reporting delay is zero and normalization remains unresolved."", ""Source-clock and target normalization semantics remain unconfirmed."", ""Weather availability uses archive-object metadata, not original NOAA publication proof."", ""Forecast target is normalized power; no conversion to MW/MWh is justified.""]"
1.0,733ca91a78b5745eac6a15ab,1,2026-02-10T18:00:00Z,turbine_2,2026-02-11T06:00:00Z,12,0.5744642977480992,normalized_power,gfs_0p25,2026-02-10T12:00:00Z,wind-power-v1,2026-01-31T18:00:00Z,warning,"[""Uncertainty intervals are not calibrated"", ""Unconfirmed: all source labels use fixed UTC+5 and mark the start of a ten-minute mean; reporting delay is zero and normalization remains unresolved."", ""Source-clock and target normalization semantics remain unconfirmed."", ""Weather availability uses archive-object metadata, not original NOAA publication proof."", ""Forecast target is normalized power; no conversion to MW/MWh is justified.""]"
1.0,733ca91a78b5745eac6a15ab,1,2026-02-10T18:00:00Z,turbine_2,2026-02-11T07:00:00Z,13,0.9615292553539657,normalized_power,gfs_0p25,2026-02-10T12:00:00Z,wind-power-v1,2026-01-31T18:00:00Z,warning,"[""Uncertainty intervals are not calibrated"", ""Unconfirmed: all source labels use fixed UTC+5 and mark the start of a ten-minute mean; reporting delay is zero and normalization remains unresolved."", ""Source-clock and target normalization semantics remain unconfirmed."", ""Weather availability uses archive-object metadata, not original NOAA publication proof."", ""Forecast target is normalized power; no conversion to MW/MWh is justified.""]"
1.0,733ca91a78b5745eac6a15ab,1,2026-02-10T18:00:00Z,turbine_2,2026-02-11T08:00:00Z,14,0.9615292553539657,normalized_power,gfs_0p25,2026-02-10T12:00:00Z,wind-power-v1,2026-01-31T18:00:00Z,warning,"[""Uncertainty intervals are not calibrated"", ""Unconfirmed: all source labels use fixed UTC+5 and mark the start of a ten-minute mean; reporting delay is zero and normalization remains unresolved."", ""Source-clock and target normalization semantics remain unconfirmed."", ""Weather availability uses archive-object metadata, not original NOAA publication proof."", ""Forecast target is normalized power; no conversion to MW/MWh is justified.""]"
1.0,733ca91a78b5745eac6a15ab,1,2026-02-10T18:00:00Z,turbine_2,2026-02-11T09:00:00Z,15,0.6092497805346224,normalized_power,gfs_0p25,2026-02-10T12:00:00Z,wind-power-v1,2026-01-31T18:00:00Z,warning,"[""Uncertainty intervals are not calibrated"", ""Unconfirmed: all source labels use fixed UTC+5 and mark the start of a ten-minute mean; reporting delay is zero and normalization remains unresolved."", ""Source-clock and target normalization semantics remain unconfirmed."", ""Weather availability uses archive-object metadata, not original NOAA publication proof."", ""Forecast target is normalized power; no conversion to MW/MWh is justified.""]"
1.0,733ca91a78b5745eac6a15ab,1,2026-02-10T18:00:00Z,turbine_2,2026-02-11T10:00:00Z,16,0.03267960093457904,normalized_power,gfs_0p25,2026-02-10T12:00:00Z,wind-power-v1,2026-01-31T18:00:00Z,warning,"[""Uncertainty intervals are not calibrated"", ""Unconfirmed: all source labels use fixed UTC+5 and mark the start of a ten-minute mean; reporting delay is zero and normalization remains unresolved."", ""Source-clock and target normalization semantics remain unconfirmed."", ""Weather availability uses archive-object metadata, not original NOAA publication proof."", ""Forecast target is normalized power; no conversion to MW/MWh is justified.""]"
1.0,733ca91a78b5745eac6a15ab,1,2026-02-10T18:00:00Z,turbine_2,2026-02-11T11:00:00Z,17,0.030258771017986404,normalized_power,gfs_0p25,2026-02-10T12:00:00Z,wind-power-v1,2026-01-31T18:00:00Z,warning,"[""Uncertainty intervals are not calibrated"", ""Unconfirmed: all source labels use fixed UTC+5 and mark the start of a ten-minute mean; reporting delay is zero and normalization remains unresolved."", ""Source-clock and target normalization semantics remain unconfirmed."", ""Weather availability uses archive-object metadata, not original NOAA publication proof."", ""Forecast target is normalized power; no conversion to MW/MWh is justified.""]"
1.0,733ca91a78b5745eac6a15ab,1,2026-02-10T18:00:00Z,turbine_2,2026-02-11T12:00:00Z,18,0.11245181184123622,normalized_power,gfs_0p25,2026-02-10T12:00:00Z,wind-power-v1,2026-01-31T18:00:00Z,warning,"[""Uncertainty intervals are not calibrated"", ""Unconfirmed: all source labels use fixed UTC+5 and mark the start of a ten-minute mean; reporting delay is zero and normalization remains unresolved."", ""Source-clock and target normalization semantics remain unconfirmed."", ""Weather availability uses archive-object metadata, not original NOAA publication proof."", ""Forecast target is normalized power; no conversion to MW/MWh is justified.""]"
1.0,733ca91a78b5745eac6a15ab,1,2026-02-10T18:00:00Z,turbine_2,2026-02-11T13:00:00Z,19,0.379194585889482,normalized_power,gfs_0p25,2026-02-10T12:00:00Z,wind-power-v1,2026-01-31T18:00:00Z,warning,"[""Uncertainty intervals are not calibrated"", ""Unconfirmed: all source labels use fixed UTC+5 and mark the start of a ten-minute mean; reporting delay is zero and normalization remains unresolved."", ""Source-clock and target normalization semantics remain unconfirmed."", ""Weather availability uses archive-object metadata, not original NOAA publication proof."", ""Forecast target is normalized power; no conversion to MW/MWh is justified.""]"
1.0,733ca91a78b5745eac6a15ab,1,2026-02-10T18:00:00Z,turbine_2,2026-02-11T14:00:00Z,20,0.7589757094123605,normalized_power,gfs_0p25,2026-02-10T12:00:00Z,wind-power-v1,2026-01-31T18:00:00Z,warning,"[""Uncertainty intervals are not calibrated"", ""Unconfirmed: all source labels use fixed UTC+5 and mark the start of a ten-minute mean; reporting delay is zero and normalization remains unresolved."", ""Source-clock and target normalization semantics remain unconfirmed."", ""Weather availability uses archive-object metadata, not original NOAA publication proof."", ""Forecast target is normalized power; no conversion to MW/MWh is justified.""]"
1.0,733ca91a78b5745eac6a15ab,1,2026-02-10T18:00:00Z,turbine_2,2026-02-11T15:00:00Z,21,0.7582386169954864,normalized_power,gfs_0p25,2026-02-10T12:00:00Z,wind-power-v1,2026-01-31T18:00:00Z,warning,"[""Uncertainty intervals are not calibrated"", ""Unconfirmed: all source labels use fixed UTC+5 and mark the start of a ten-minute mean; reporting delay is zero and normalization remains unresolved."", ""Source-clock and target normalization semantics remain unconfirmed."", ""Weather availability uses archive-object metadata, not original NOAA publication proof."", ""Forecast target is normalized power; no conversion to MW/MWh is justified.""]"
1.0,733ca91a78b5745eac6a15ab,1,2026-02-10T18:00:00Z,turbine_2,2026-02-11T16:00:00Z,22,0.6863599493314769,normalized_power,gfs_0p25,2026-02-10T12:00:00Z,wind-power-v1,2026-01-31T18:00:00Z,warning,"[""Uncertainty intervals are not calibrated"", ""Unconfirmed: all source labels use fixed UTC+5 and mark the start of a ten-minute mean; reporting delay is zero and normalization remains unresolved."", ""Source-clock and target normalization semantics remain unconfirmed."", ""Weather availability uses archive-object metadata, not original NOAA publication proof."", ""Forecast target is normalized power; no conversion to MW/MWh is justified.""]"
1.0,733ca91a78b5745eac6a15ab,1,2026-02-10T18:00:00Z,turbine_2,2026-02-11T17:00:00Z,23,0.38265017309273314,normalized_power,gfs_0p25,2026-02-10T12:00:00Z,wind-power-v1,2026-01-31T18:00:00Z,warning,"[""Uncertainty intervals are not calibrated"", ""Unconfirmed: all source labels use fixed UTC+5 and mark the start of a ten-minute mean; reporting delay is zero and normalization remains unresolved."", ""Source-clock and target normalization semantics remain unconfirmed."", ""Weather availability uses archive-object metadata, not original NOAA publication proof."", ""Forecast target is normalized power; no conversion to MW/MWh is justified.""]"
1.0,733ca91a78b5745eac6a15ab,1,2026-02-10T18:00:00Z,turbine_2,2026-02-11T18:00:00Z,24,0.5625838266596022,normalized_power,gfs_0p25,2026-02-10T12:00:00Z,wind-power-v1,2026-01-31T18:00:00Z,warning,"[""Uncertainty intervals are not calibrated"", ""Unconfirmed: all source labels use fixed UTC+5 and mark the start of a ten-minute mean; reporting delay is zero and normalization remains unresolved."", ""Source-clock and target normalization semantics remain unconfirmed."", ""Weather availability uses archive-object metadata, not original NOAA publication proof."", ""Forecast target is normalized power; no conversion to MW/MWh is justified.""]"
1.0,1662d91fe9ee79a2bc2b40f4,1,2026-02-11T18:00:00Z,turbine_2,2026-02-11T19:00:00Z,1,0.2993996620231016,normalized_power,gfs_0p25,2026-02-11T12:00:00Z,wind-power-v1,2026-01-31T18:00:00Z,warning,"[""Uncertainty intervals are not calibrated"", ""Unconfirmed: all source labels use fixed UTC+5 and mark the start of a ten-minute mean; reporting delay is zero and normalization remains unresolved."", ""Source-clock and target normalization semantics remain unconfirmed."", ""Weather availability uses archive-object metadata, not original NOAA publication proof."", ""Forecast target is normalized power; no conversion to MW/MWh is justified.""]"
1.0,1662d91fe9ee79a2bc2b40f4,1,2026-02-11T18:00:00Z,turbine_2,2026-02-11T20:00:00Z,2,0.43497928387458334,normalized_power,gfs_0p25,2026-02-11T12:00:00Z,wind-power-v1,2026-01-31T18:00:00Z,warning,"[""Uncertainty intervals are not calibrated"", ""Unconfirmed: all source labels use fixed UTC+5 and mark the start of a ten-minute mean; reporting delay is zero and normalization remains unresolved."", ""Source-clock and target normalization semantics remain unconfirmed."", ""Weather availability uses archive-object metadata, not original NOAA publication proof."", ""Forecast target is normalized power; no conversion to MW/MWh is justified.""]"
1.0,1662d91fe9ee79a2bc2b40f4,1,2026-02-11T18:00:00Z,turbine_2,2026-02-11T21:00:00Z,3,0.31497431349390265,normalized_power,gfs_0p25,2026-02-11T12:00:00Z,wind-power-v1,2026-01-31T18:00:00Z,warning,"[""Uncertainty intervals are not calibrated"", ""Unconfirmed: all source labels use fixed UTC+5 and mark the start of a ten-minute mean; reporting delay is zero and normalization remains unresolved."", ""Source-clock and target normalization semantics remain unconfirmed."", ""Weather availability uses archive-object metadata, not original NOAA publication proof."", ""Forecast target is normalized power; no conversion to MW/MWh is justified.""]"
1.0,1662d91fe9ee79a2bc2b40f4,1,2026-02-11T18:00:00Z,turbine_2,2026-02-11T22:00:00Z,4,0.3595159822052193,normalized_power,gfs_0p25,2026-02-11T12:00:00Z,wind-power-v1,2026-01-31T18:00:00Z,warning,"[""Uncertainty intervals are not calibrated"", ""Unconfirmed: all source labels use fixed UTC+5 and mark the start of a ten-minute mean; reporting delay is zero and normalization remains unresolved."", ""Source-clock and target normalization semantics remain unconfirmed."", ""Weather availability uses archive-object metadata, not original NOAA publication proof."", ""Forecast target is normalized power; no conversion to MW/MWh is justified.""]"
1.0,1662d91fe9ee79a2bc2b40f4,1,2026-02-11T18:00:00Z,turbine_2,2026-02-11T23:00:00Z,5,0.15206340736873655,normalized_power,gfs_0p25,2026-02-11T12:00:00Z,wind-power-v1,2026-01-31T18:00:00Z,warning,"[""Uncertainty intervals are not calibrated"", ""Unconfirmed: all source labels use fixed UTC+5 and mark the start of a ten-minute mean; reporting delay is zero and normalization remains unresolved."", ""Source-clock and target normalization semantics remain unconfirmed."", ""Weather availability uses archive-object metadata, not original NOAA publication proof."", ""Forecast target is normalized power; no conversion to MW/MWh is justified.""]"
1.0,1662d91fe9ee79a2bc2b40f4,1,2026-02-11T18:00:00Z,turbine_2,2026-02-12T00:00:00Z,6,0.15509222617163806,normalized_power,gfs_0p25,2026-02-11T12:00:00Z,wind-power-v1,2026-01-31T18:00:00Z,warning,"[""Uncertainty intervals are not calibrated"", ""Unconfirmed: all source labels use fixed UTC+5 and mark the start of a ten-minute mean; reporting delay is zero and normalization remains unresolved."", ""Source-clock and target normalization semantics remain unconfirmed."", ""Weather availability uses archive-object metadata, not original NOAA publication proof."", ""Forecast target is normalized power; no conversion to MW/MWh is justified.""]"
1.0,1662d91fe9ee79a2bc2b40f4,1,2026-02-11T18:00:00Z,turbine_2,2026-02-12T01:00:00Z,7,0.1486282997014689,normalized_power,gfs_0p25,2026-02-11T12:00:00Z,wind-power-v1,2026-01-31T18:00:00Z,warning,"[""Uncertainty intervals are not calibrated"", ""Unconfirmed: all source labels use fixed UTC+5 and mark the start of a ten-minute mean; reporting delay is zero and normalization remains unresolved."", ""Source-clock and target normalization semantics remain unconfirmed."", ""Weather availability uses archive-object metadata, not original NOAA publication proof."", ""Forecast target is normalized power; no conversion to MW/MWh is justified.""]"
1.0,1662d91fe9ee79a2bc2b40f4,1,2026-02-11T18:00:00Z,turbine_2,2026-02-12T02:00:00Z,8,0.09559354178087888,normalized_power,gfs_0p25,2026-02-11T12:00:00Z,wind-power-v1,2026-01-31T18:00:00Z,warning,"[""Uncertainty intervals are not calibrated"", ""Unconfirmed: all source labels use fixed UTC+5 and mark the start of a ten-minute mean; reporting delay is zero and normalization remains unresolved."", ""Source-clock and target normalization semantics remain unconfirmed."", ""Weather availability uses archive-object metadata, not original NOAA publication proof."", ""Forecast target is normalized power; no conversion to MW/MWh is justified.""]"
1.0,1662d91fe9ee79a2bc2b40f4,1,2026-02-11T18:00:00Z,turbine_2,2026-02-12T03:00:00Z,9,0.09319612718659852,normalized_power,gfs_0p25,2026-02-11T12:00:00Z,wind-power-v1,2026-01-31T18:00:00Z,warning,"[""Uncertainty intervals are not calibrated"", ""Unconfirmed: all source labels use fixed UTC+5 and mark the start of a ten-minute mean; reporting delay is zero and normalization remains unresolved."", ""Source-clock and target normalization semantics remain unconfirmed."", ""Weather availability uses archive-object metadata, not original NOAA publication proof."", ""Forecast target is normalized power; no conversion to MW/MWh is justified.""]"
1.0,1662d91fe9ee79a2bc2b40f4,1,2026-02-11T18:00:00Z,turbine_2,2026-02-12T04:00:00Z,10,0.12658728107558728,normalized_power,gfs_0p25,2026-02-11T12:00:00Z,wind-power-v1,2026-01-31T18:00:00Z,warning,"[""Uncertainty intervals are not calibrated"", ""Unconfirmed: all source labels use fixed UTC+5 and mark the start of a ten-minute mean; reporting delay is zero and normalization remains unresolved."", ""Source-clock and target normalization semantics remain unconfirmed."", ""Weather availability uses archive-object metadata, not original NOAA publication proof."", ""Forecast target is normalized power; no conversion to MW/MWh is justified.""]"
1.0,1662d91fe9ee79a2bc2b40f4,1,2026-02-11T18:00:00Z,turbine_2,2026-02-12T05:00:00Z,11,0.0575238302986891,normalized_power,gfs_0p25,2026-02-11T12:00:00Z,wind-power-v1,2026-01-31T18:00:00Z,warning,"[""Uncertainty intervals are not calibrated"", ""Unconfirmed: all source labels use fixed UTC+5 and mark the start of a ten-minute mean; reporting delay is zero and normalization remains unresolved."", ""Source-clock and target normalization semantics remain unconfirmed."", ""Weather availability uses archive-object metadata, not original NOAA publication proof."", ""Forecast target is normalized power; no conversion to MW/MWh is justified.""]"
1.0,1662d91fe9ee79a2bc2b40f4,1,2026-02-11T18:00:00Z,turbine_2,2026-02-12T06:00:00Z,12,0.10595830378400023,normalized_power,gfs_0p25,2026-02-11T12:00:00Z,wind-power-v1,2026-01-31T18:00:00Z,warning,"[""Uncertainty intervals are not calibrated"", ""Unconfirmed: all source labels use fixed UTC+5 and mark the start of a ten-minute mean; reporting delay is zero and normalization remains unresolved."", ""Source-clock and target normalization semantics remain unconfirmed."", ""Weather availability uses archive-object metadata, not original NOAA publication proof."", ""Forecast target is normalized power; no conversion to MW/MWh is justified.""]"
1.0,1662d91fe9ee79a2bc2b40f4,1,2026-02-11T18:00:00Z,turbine_2,2026-02-12T07:00:00Z,13,0.22537255519856417,normalized_power,gfs_0p25,2026-02-11T12:00:00Z,wind-power-v1,2026-01-31T18:00:00Z,warning,"[""Uncertainty intervals are not calibrated"", ""Unconfirmed: all source labels use fixed UTC+5 and mark the start of a ten-minute mean; reporting delay is zero and normalization remains unresolved."", ""Source-clock and target normalization semantics remain unconfirmed."", ""Weather availability uses archive-object metadata, not original NOAA publication proof."", ""Forecast target is normalized power; no conversion to MW/MWh is justified.""]"
1.0,1662d91fe9ee79a2bc2b40f4,1,2026-02-11T18:00:00Z,turbine_2,2026-02-12T08:00:00Z,14,0.3601675483143368,normalized_power,gfs_0p25,2026-02-11T12:00:00Z,wind-power-v1,2026-01-31T18:00:00Z,warning,"[""Uncertainty intervals are not calibrated"", ""Unconfirmed: all source labels use fixed UTC+5 and mark the start of a ten-minute mean; reporting delay is zero and normalization remains unresolved."", ""Source-clock and target normalization semantics remain unconfirmed."", ""Weather availability uses archive-object metadata, not original NOAA publication proof."", ""Forecast target is normalized power; no conversion to MW/MWh is justified.""]"
1.0,1662d91fe9ee79a2bc2b40f4,1,2026-02-11T18:00:00Z,turbine_2,2026-02-12T09:00:00Z,15,0.31805034091486195,normalized_power,gfs_0p25,2026-02-11T12:00:00Z,wind-power-v1,2026-01-31T18:00:00Z,warning,"[""Uncertainty intervals are not calibrated"", ""Unconfirmed: all source labels use fixed UTC+5 and mark the start of a ten-minute mean; reporting delay is zero and normalization remains unresolved."", ""Source-clock and target normalization semantics remain unconfirmed."", ""Weather availability uses archive-object metadata, not original NOAA publication proof."", ""Forecast target is normalized power; no conversion to MW/MWh is justified.""]"
1.0,1662d91fe9ee79a2bc2b40f4,1,2026-02-11T18:00:00Z,turbine_2,2026-02-12T10:00:00Z,16,0.364890199627142,normalized_power,gfs_0p25,2026-02-11T12:00:00Z,wind-power-v1,2026-01-31T18:00:00Z,warning,"[""Uncertainty intervals are not calibrated"", ""Unconfirmed: all source labels use fixed UTC+5 and mark the start of a ten-minute mean; reporting delay is zero and normalization remains unresolved."", ""Source-clock and target normalization semantics remain unconfirmed."", ""Weather availability uses archive-object metadata, not original NOAA publication proof."", ""Forecast target is normalized power; no conversion to MW/MWh is justified.""]"
1.0,1662d91fe9ee79a2bc2b40f4,1,2026-02-11T18:00:00Z,turbine_2,2026-02-12T11:00:00Z,17,0.2933035896085787,normalized_power,gfs_0p25,2026-02-11T12:00:00Z,wind-power-v1,2026-01-31T18:00:00Z,warning,"[""Uncertainty intervals are not calibrated"", ""Unconfirmed: all source labels use fixed UTC+5 and mark the start of a ten-minute mean; reporting delay is zero and normalization remains unresolved."", ""Source-clock and target normalization semantics remain unconfirmed."", ""Weather availability uses archive-object metadata, not original NOAA publication proof."", ""Forecast target is normalized power; no conversion to MW/MWh is justified.""]"
1.0,1662d91fe9ee79a2bc2b40f4,1,2026-02-11T18:00:00Z,turbine_2,2026-02-12T12:00:00Z,18,0.07756352543874398,normalized_power,gfs_0p25,2026-02-11T12:00:00Z,wind-power-v1,2026-01-31T18:00:00Z,warning,"[""Uncertainty intervals are not calibrated"", ""Unconfirmed: all source labels use fixed UTC+5 and mark the start of a ten-minute mean; reporting delay is zero and normalization remains unresolved."", ""Source-clock and target normalization semantics remain unconfirmed."", ""Weather availability uses archive-object metadata, not original NOAA publication proof."", ""Forecast target is normalized power; no conversion to MW/MWh is justified.""]"
1.0,1662d91fe9ee79a2bc2b40f4,1,2026-02-11T18:00:00Z,turbine_2,2026-02-12T13:00:00Z,19,0.0790814215429726,normalized_power,gfs_0p25,2026-02-11T12:00:00Z,wind-power-v1,2026-01-31T18:00:00Z,warning,"[""Uncertainty intervals are not calibrated"", ""Unconfirmed: all source labels use fixed UTC+5 and mark the start of a ten-minute mean; reporting delay is zero and normalization remains unresolved."", ""Source-clock and target normalization semantics remain unconfirmed."", ""Weather availability uses archive-object metadata, not original NOAA publication proof."", ""Forecast target is normalized power; no conversion to MW/MWh is justified.""]"
1.0,1662d91fe9ee79a2bc2b40f4,1,2026-02-11T18:00:00Z,turbine_2,2026-02-12T14:00:00Z,20,0.20816477193512123,normalized_power,gfs_0p25,2026-02-11T12:00:00Z,wind-power-v1,2026-01-31T18:00:00Z,warning,"[""Uncertainty intervals are not calibrated"", ""Unconfirmed: all source labels use fixed UTC+5 and mark the start of a ten-minute mean; reporting delay is zero and normalization remains unresolved."", ""Source-clock and target normalization semantics remain unconfirmed."", ""Weather availability uses archive-object metadata, not original NOAA publication proof."", ""Forecast target is normalized power; no conversion to MW/MWh is justified.""]"
1.0,1662d91fe9ee79a2bc2b40f4,1,2026-02-11T18:00:00Z,turbine_2,2026-02-12T15:00:00Z,21,0.16428830226179394,normalized_power,gfs_0p25,2026-02-11T12:00:00Z,wind-power-v1,2026-01-31T18:00:00Z,warning,"[""Uncertainty intervals are not calibrated"", ""Unconfirmed: all source labels use fixed UTC+5 and mark the start of a ten-minute mean; reporting delay is zero and normalization remains unresolved."", ""Source-clock and target normalization semantics remain unconfirmed."", ""Weather availability uses archive-object metadata, not original NOAA publication proof."", ""Forecast target is normalized power; no conversion to MW/MWh is justified.""]"
1.0,1662d91fe9ee79a2bc2b40f4,1,2026-02-11T18:00:00Z,turbine_2,2026-02-12T16:00:00Z,22,0.14418334578098058,normalized_power,gfs_0p25,2026-02-11T12:00:00Z,wind-power-v1,2026-01-31T18:00:00Z,warning,"[""Uncertainty intervals are not calibrated"", ""Unconfirmed: all source labels use fixed UTC+5 and mark the start of a ten-minute mean; reporting delay is zero and normalization remains unresolved."", ""Source-clock and target normalization semantics remain unconfirmed."", ""Weather availability uses archive-object metadata, not original NOAA publication proof."", ""Forecast target is normalized power; no conversion to MW/MWh is justified.""]"
1.0,1662d91fe9ee79a2bc2b40f4,1,2026-02-11T18:00:00Z,turbine_2,2026-02-12T17:00:00Z,23,0.13662838916600675,normalized_power,gfs_0p25,2026-02-11T12:00:00Z,wind-power-v1,2026-01-31T18:00:00Z,warning,"[""Uncertainty intervals are not calibrated"", ""Unconfirmed: all source labels use fixed UTC+5 and mark the start of a ten-minute mean; reporting delay is zero and normalization remains unresolved."", ""Source-clock and target normalization semantics remain unconfirmed."", ""Weather availability uses archive-object metadata, not original NOAA publication proof."", ""Forecast target is normalized power; no conversion to MW/MWh is justified.""]"
1.0,1662d91fe9ee79a2bc2b40f4,1,2026-02-11T18:00:00Z,turbine_2,2026-02-12T18:00:00Z,24,0.09717649412484974,normalized_power,gfs_0p25,2026-02-11T12:00:00Z,wind-power-v1,2026-01-31T18:00:00Z,warning,"[""Uncertainty intervals are not calibrated"", ""Unconfirmed: all source labels use fixed UTC+5 and mark the start of a ten-minute mean; reporting delay is zero and normalization remains unresolved."", ""Source-clock and target normalization semantics remain unconfirmed."", ""Weather availability uses archive-object metadata, not original NOAA publication proof."", ""Forecast target is normalized power; no conversion to MW/MWh is justified.""]"
1.0,ea3ff5a3a629997874be34a6,1,2026-02-12T18:00:00Z,turbine_2,2026-02-12T19:00:00Z,1,0.04684284312620853,normalized_power,gfs_0p25,2026-02-12T12:00:00Z,wind-power-v1,2026-01-31T18:00:00Z,warning,"[""Uncertainty intervals are not calibrated"", ""Unconfirmed: all source labels use fixed UTC+5 and mark the start of a ten-minute mean; reporting delay is zero and normalization remains unresolved."", ""Source-clock and target normalization semantics remain unconfirmed."", ""Weather availability uses archive-object metadata, not original NOAA publication proof."", ""Forecast target is normalized power; no conversion to MW/MWh is justified.""]"
1.0,ea3ff5a3a629997874be34a6,1,2026-02-12T18:00:00Z,turbine_2,2026-02-12T20:00:00Z,2,0.05323215399430536,normalized_power,gfs_0p25,2026-02-12T12:00:00Z,wind-power-v1,2026-01-31T18:00:00Z,warning,"[""Uncertainty intervals are not calibrated"", ""Unconfirmed: all source labels use fixed UTC+5 and mark the start of a ten-minute mean; reporting delay is zero and normalization remains unresolved."", ""Source-clock and target normalization semantics remain unconfirmed."", ""Weather availability uses archive-object metadata, not original NOAA publication proof."", ""Forecast target is normalized power; no conversion to MW/MWh is justified.""]"
1.0,ea3ff5a3a629997874be34a6,1,2026-02-12T18:00:00Z,turbine_2,2026-02-12T21:00:00Z,3,0.050351246475822224,normalized_power,gfs_0p25,2026-02-12T12:00:00Z,wind-power-v1,2026-01-31T18:00:00Z,warning,"[""Uncertainty intervals are not calibrated"", ""Unconfirmed: all source labels use fixed UTC+5 and mark the start of a ten-minute mean; reporting delay is zero and normalization remains unresolved."", ""Source-clock and target normalization semantics remain unconfirmed."", ""Weather availability uses archive-object metadata, not original NOAA publication proof."", ""Forecast target is normalized power; no conversion to MW/MWh is justified.""]"
1.0,ea3ff5a3a629997874be34a6,1,2026-02-12T18:00:00Z,turbine_2,2026-02-12T22:00:00Z,4,0.04674336326530549,normalized_power,gfs_0p25,2026-02-12T12:00:00Z,wind-power-v1,2026-01-31T18:00:00Z,warning,"[""Uncertainty intervals are not calibrated"", ""Unconfirmed: all source labels use fixed UTC+5 and mark the start of a ten-minute mean; reporting delay is zero and normalization remains unresolved."", ""Source-clock and target normalization semantics remain unconfirmed."", ""Weather availability uses archive-object metadata, not original NOAA publication proof."", ""Forecast target is normalized power; no conversion to MW/MWh is justified.""]"
1.0,ea3ff5a3a629997874be34a6,1,2026-02-12T18:00:00Z,turbine_2,2026-02-12T23:00:00Z,5,0.05610113774428494,normalized_power,gfs_0p25,2026-02-12T12:00:00Z,wind-power-v1,2026-01-31T18:00:00Z,warning,"[""Uncertainty intervals are not calibrated"", ""Unconfirmed: all source labels use fixed UTC+5 and mark the start of a ten-minute mean; reporting delay is zero and normalization remains unresolved."", ""Source-clock and target normalization semantics remain unconfirmed."", ""Weather availability uses archive-object metadata, not original NOAA publication proof."", ""Forecast target is normalized power; no conversion to MW/MWh is justified.""]"
1.0,ea3ff5a3a629997874be34a6,1,2026-02-12T18:00:00Z,turbine_2,2026-02-13T00:00:00Z,6,0.05388889644745282,normalized_power,gfs_0p25,2026-02-12T12:00:00Z,wind-power-v1,2026-01-31T18:00:00Z,warning,"[""Uncertainty intervals are not calibrated"", ""Unconfirmed: all source labels use fixed UTC+5 and mark the start of a ten-minute mean; reporting delay is zero and normalization remains unresolved."", ""Source-clock and target normalization semantics remain unconfirmed."", ""Weather availability uses archive-object metadata, not original NOAA publication proof."", ""Forecast target is normalized power; no conversion to MW/MWh is justified.""]"
1.0,ea3ff5a3a629997874be34a6,1,2026-02-12T18:00:00Z,turbine_2,2026-02-13T01:00:00Z,7,0.0744312453955893,normalized_power,gfs_0p25,2026-02-12T12:00:00Z,wind-power-v1,2026-01-31T18:00:00Z,warning,"[""Uncertainty intervals are not calibrated"", ""Unconfirmed: all source labels use fixed UTC+5 and mark the start of a ten-minute mean; reporting delay is zero and normalization remains unresolved."", ""Source-clock and target normalization semantics remain unconfirmed."", ""Weather availability uses archive-object metadata, not original NOAA publication proof."", ""Forecast target is normalized power; no conversion to MW/MWh is justified.""]"
1.0,ea3ff5a3a629997874be34a6,1,2026-02-12T18:00:00Z,turbine_2,2026-02-13T02:00:00Z,8,0.055272836843652896,normalized_power,gfs_0p25,2026-02-12T12:00:00Z,wind-power-v1,2026-01-31T18:00:00Z,warning,"[""Uncertainty intervals are not calibrated"", ""Unconfirmed: all source labels use fixed UTC+5 and mark the start of a ten-minute mean; reporting delay is zero and normalization remains unresolved."", ""Source-clock and target normalization semantics remain unconfirmed."", ""Weather availability uses archive-object metadata, not original NOAA publication proof."", ""Forecast target is normalized power; no conversion to MW/MWh is justified.""]"
1.0,ea3ff5a3a629997874be34a6,1,2026-02-12T18:00:00Z,turbine_2,2026-02-13T03:00:00Z,9,0.058610838026530006,normalized_power,gfs_0p25,2026-02-12T12:00:00Z,wind-power-v1,2026-01-31T18:00:00Z,warning,"[""Uncertainty intervals are not calibrated"", ""Unconfirmed: all source labels use fixed UTC+5 and mark the start of a ten-minute mean; reporting delay is zero and normalization remains unresolved."", ""Source-clock and target normalization semantics remain unconfirmed."", ""Weather availability uses archive-object metadata, not original NOAA publication proof."", ""Forecast target is normalized power; no conversion to MW/MWh is justified.""]"
1.0,ea3ff5a3a629997874be34a6,1,2026-02-12T18:00:00Z,turbine_2,2026-02-13T04:00:00Z,10,0.0726447075113114,normalized_power,gfs_0p25,2026-02-12T12:00:00Z,wind-power-v1,2026-01-31T18:00:00Z,warning,"[""Uncertainty intervals are not calibrated"", ""Unconfirmed: all source labels use fixed UTC+5 and mark the start of a ten-minute mean; reporting delay is zero and normalization remains unresolved."", ""Source-clock and target normalization semantics remain unconfirmed."", ""Weather availability uses archive-object metadata, not original NOAA publication proof."", ""Forecast target is normalized power; no conversion to MW/MWh is justified.""]"
1.0,ea3ff5a3a629997874be34a6,1,2026-02-12T18:00:00Z,turbine_2,2026-02-13T05:00:00Z,11,0.09901158476020105,normalized_power,gfs_0p25,2026-02-12T12:00:00Z,wind-power-v1,2026-01-31T18:00:00Z,warning,"[""Uncertainty intervals are not calibrated"", ""Unconfirmed: all source labels use fixed UTC+5 and mark the start of a ten-minute mean; reporting delay is zero and normalization remains unresolved."", ""Source-clock and target normalization semantics remain unconfirmed."", ""Weather availability uses archive-object metadata, not original NOAA publication proof."", ""Forecast target is normalized power; no conversion to MW/MWh is justified.""]"
1.0,ea3ff5a3a629997874be34a6,1,2026-02-12T18:00:00Z,turbine_2,2026-02-13T06:00:00Z,12,0.07323023952689002,normalized_power,gfs_0p25,2026-02-12T12:00:00Z,wind-power-v1,2026-01-31T18:00:00Z,warning,"[""Uncertainty intervals are not calibrated"", ""Unconfirmed: all source labels use fixed UTC+5 and mark the start of a ten-minute mean; reporting delay is zero and normalization remains unresolved."", ""Source-clock and target normalization semantics remain unconfirmed."", ""Weather availability uses archive-object metadata, not original NOAA publication proof."", ""Forecast target is normalized power; no conversion to MW/MWh is justified.""]"
1.0,ea3ff5a3a629997874be34a6,1,2026-02-12T18:00:00Z,turbine_2,2026-02-13T07:00:00Z,13,0.07723950721920401,normalized_power,gfs_0p25,2026-02-12T12:00:00Z,wind-power-v1,2026-01-31T18:00:00Z,warning,"[""Uncertainty intervals are not calibrated"", ""Unconfirmed: all source labels use fixed UTC+5 and mark the start of a ten-minute mean; reporting delay is zero and normalization remains unresolved."", ""Source-clock and target normalization semantics remain unconfirmed."", ""Weather availability uses archive-object metadata, not original NOAA publication proof."", ""Forecast target is normalized power; no conversion to MW/MWh is justified.""]"
1.0,ea3ff5a3a629997874be34a6,1,2026-02-12T18:00:00Z,turbine_2,2026-02-13T08:00:00Z,14,0.07016518447462554,normalized_power,gfs_0p25,2026-02-12T12:00:00Z,wind-power-v1,2026-01-31T18:00:00Z,warning,"[""Uncertainty intervals are not calibrated"", ""Unconfirmed: all source labels use fixed UTC+5 and mark the start of a ten-minute mean; reporting delay is zero and normalization remains unresolved."", ""Source-clock and target normalization semantics remain unconfirmed."", ""Weather availability uses archive-object metadata, not original NOAA publication proof."", ""Forecast target is normalized power; no conversion to MW/MWh is justified.""]"
1.0,ea3ff5a3a629997874be34a6,1,2026-02-12T18:00:00Z,turbine_2,2026-02-13T09:00:00Z,15,0.09792457743131577,normalized_power,gfs_0p25,2026-02-12T12:00:00Z,wind-power-v1,2026-01-31T18:00:00Z,warning,"[""Uncertainty intervals are not calibrated"", ""Unconfirmed: all source labels use fixed UTC+5 and mark the start of a ten-minute mean; reporting delay is zero and normalization remains unresolved."", ""Source-clock and target normalization semantics remain unconfirmed."", ""Weather availability uses archive-object metadata, not original NOAA publication proof."", ""Forecast target is normalized power; no conversion to MW/MWh is justified.""]"
1.0,ea3ff5a3a629997874be34a6,1,2026-02-12T18:00:00Z,turbine_2,2026-02-13T10:00:00Z,16,0.05368218929579041,normalized_power,gfs_0p25,2026-02-12T12:00:00Z,wind-power-v1,2026-01-31T18:00:00Z,warning,"[""Uncertainty intervals are not calibrated"", ""Unconfirmed: all source labels use fixed UTC+5 and mark the start of a ten-minute mean; reporting delay is zero and normalization remains unresolved."", ""Source-clock and target normalization semantics remain unconfirmed."", ""Weather availability uses archive-object metadata, not original NOAA publication proof."", ""Forecast target is normalized power; no conversion to MW/MWh is justified.""]"
1.0,ea3ff5a3a629997874be34a6,1,2026-02-12T18:00:00Z,turbine_2,2026-02-13T11:00:00Z,17,0.058904981076172265,normalized_power,gfs_0p25,2026-02-12T12:00:00Z,wind-power-v1,2026-01-31T18:00:00Z,warning,"[""Uncertainty intervals are not calibrated"", ""Unconfirmed: all source labels use fixed UTC+5 and mark the start of a ten-minute mean; reporting delay is zero and normalization remains unresolved."", ""Source-clock and target normalization semantics remain unconfirmed."", ""Weather availability uses archive-object metadata, not original NOAA publication proof."", ""Forecast target is normalized power; no conversion to MW/MWh is justified.""]"
1.0,ea3ff5a3a629997874be34a6,1,2026-02-12T18:00:00Z,turbine_2,2026-02-13T12:00:00Z,18,0.05765288001943573,normalized_power,gfs_0p25,2026-02-12T12:00:00Z,wind-power-v1,2026-01-31T18:00:00Z,warning,"[""Uncertainty intervals are not calibrated"", ""Unconfirmed: all source labels use fixed UTC+5 and mark the start of a ten-minute mean; reporting delay is zero and normalization remains unresolved."", ""Source-clock and target normalization semantics remain unconfirmed."", ""Weather availability uses archive-object metadata, not original NOAA publication proof."", ""Forecast target is normalized power; no conversion to MW/MWh is justified.""]"
1.0,ea3ff5a3a629997874be34a6,1,2026-02-12T18:00:00Z,turbine_2,2026-02-13T13:00:00Z,19,0.06232392647541965,normalized_power,gfs_0p25,2026-02-12T12:00:00Z,wind-power-v1,2026-01-31T18:00:00Z,warning,"[""Uncertainty intervals are not calibrated"", ""Unconfirmed: all source labels use fixed UTC+5 and mark the start of a ten-minute mean; reporting delay is zero and normalization remains unresolved."", ""Source-clock and target normalization semantics remain unconfirmed."", ""Weather availability uses archive-object metadata, not original NOAA publication proof."", ""Forecast target is normalized power; no conversion to MW/MWh is justified.""]"
1.0,ea3ff5a3a629997874be34a6,1,2026-02-12T18:00:00Z,turbine_2,2026-02-13T14:00:00Z,20,0.1138489862286325,normalized_power,gfs_0p25,2026-02-12T12:00:00Z,wind-power-v1,2026-01-31T18:00:00Z,warning,"[""Uncertainty intervals are not calibrated"", ""Unconfirmed: all source labels use fixed UTC+5 and mark the start of a ten-minute mean; reporting delay is zero and normalization remains unresolved."", ""Source-clock and target normalization semantics remain unconfirmed."", ""Weather availability uses archive-object metadata, not original NOAA publication proof."", ""Forecast target is normalized power; no conversion to MW/MWh is justified.""]"
1.0,ea3ff5a3a629997874be34a6,1,2026-02-12T18:00:00Z,turbine_2,2026-02-13T15:00:00Z,21,0.14855106501855572,normalized_power,gfs_0p25,2026-02-12T12:00:00Z,wind-power-v1,2026-01-31T18:00:00Z,warning,"[""Uncertainty intervals are not calibrated"", ""Unconfirmed: all source labels use fixed UTC+5 and mark the start of a ten-minute mean; reporting delay is zero and normalization remains unresolved."", ""Source-clock and target normalization semantics remain unconfirmed."", ""Weather availability uses archive-object metadata, not original NOAA publication proof."", ""Forecast target is normalized power; no conversion to MW/MWh is justified.""]"
1.0,ea3ff5a3a629997874be34a6,1,2026-02-12T18:00:00Z,turbine_2,2026-02-13T16:00:00Z,22,0.2998451140235474,normalized_power,gfs_0p25,2026-02-12T12:00:00Z,wind-power-v1,2026-01-31T18:00:00Z,warning,"[""Uncertainty intervals are not calibrated"", ""Unconfirmed: all source labels use fixed UTC+5 and mark the start of a ten-minute mean; reporting delay is zero and normalization remains unresolved."", ""Source-clock and target normalization semantics remain unconfirmed."", ""Weather availability uses archive-object metadata, not original NOAA publication proof."", ""Forecast target is normalized power; no conversion to MW/MWh is justified.""]"
1.0,ea3ff5a3a629997874be34a6,1,2026-02-12T18:00:00Z,turbine_2,2026-02-13T17:00:00Z,23,0.30549523509723714,normalized_power,gfs_0p25,2026-02-12T12:00:00Z,wind-power-v1,2026-01-31T18:00:00Z,warning,"[""Uncertainty intervals are not calibrated"", ""Unconfirmed: all source labels use fixed UTC+5 and mark the start of a ten-minute mean; reporting delay is zero and normalization remains unresolved."", ""Source-clock and target normalization semantics remain unconfirmed."", ""Weather availability uses archive-object metadata, not original NOAA publication proof."", ""Forecast target is normalized power; no conversion to MW/MWh is justified.""]"
1.0,ea3ff5a3a629997874be34a6,1,2026-02-12T18:00:00Z,turbine_2,2026-02-13T18:00:00Z,24,0.3472022456995187,normalized_power,gfs_0p25,2026-02-12T12:00:00Z,wind-power-v1,2026-01-31T18:00:00Z,warning,"[""Uncertainty intervals are not calibrated"", ""Unconfirmed: all source labels use fixed UTC+5 and mark the start of a ten-minute mean; reporting delay is zero and normalization remains unresolved."", ""Source-clock and target normalization semantics remain unconfirmed."", ""Weather availability uses archive-object metadata, not original NOAA publication proof."", ""Forecast target is normalized power; no conversion to MW/MWh is justified.""]"
1.0,3acb2551a9e52a1bbcacc92a,1,2026-02-13T18:00:00Z,turbine_2,2026-02-13T19:00:00Z,1,0.6539416750227725,normalized_power,gfs_0p25,2026-02-13T12:00:00Z,wind-power-v1,2026-01-31T18:00:00Z,warning,"[""Uncertainty intervals are not calibrated"", ""Unconfirmed: all source labels use fixed UTC+5 and mark the start of a ten-minute mean; reporting delay is zero and normalization remains unresolved."", ""Source-clock and target normalization semantics remain unconfirmed."", ""Weather availability uses archive-object metadata, not original NOAA publication proof."", ""Forecast target is normalized power; no conversion to MW/MWh is justified.""]"
1.0,3acb2551a9e52a1bbcacc92a,1,2026-02-13T18:00:00Z,turbine_2,2026-02-13T20:00:00Z,2,0.6957722444201917,normalized_power,gfs_0p25,2026-02-13T12:00:00Z,wind-power-v1,2026-01-31T18:00:00Z,warning,"[""Uncertainty intervals are not calibrated"", ""Unconfirmed: all source labels use fixed UTC+5 and mark the start of a ten-minute mean; reporting delay is zero and normalization remains unresolved."", ""Source-clock and target normalization semantics remain unconfirmed."", ""Weather availability uses archive-object metadata, not original NOAA publication proof."", ""Forecast target is normalized power; no conversion to MW/MWh is justified.""]"
1.0,3acb2551a9e52a1bbcacc92a,1,2026-02-13T18:00:00Z,turbine_2,2026-02-13T21:00:00Z,3,0.6624452951382506,normalized_power,gfs_0p25,2026-02-13T12:00:00Z,wind-power-v1,2026-01-31T18:00:00Z,warning,"[""Uncertainty intervals are not calibrated"", ""Unconfirmed: all source labels use fixed UTC+5 and mark the start of a ten-minute mean; reporting delay is zero and normalization remains unresolved."", ""Source-clock and target normalization semantics remain unconfirmed."", ""Weather availability uses archive-object metadata, not original NOAA publication proof."", ""Forecast target is normalized power; no conversion to MW/MWh is justified.""]"
1.0,3acb2551a9e52a1bbcacc92a,1,2026-02-13T18:00:00Z,turbine_2,2026-02-13T22:00:00Z,4,0.5615353270988322,normalized_power,gfs_0p25,2026-02-13T12:00:00Z,wind-power-v1,2026-01-31T18:00:00Z,warning,"[""Uncertainty intervals are not calibrated"", ""Unconfirmed: all source labels use fixed UTC+5 and mark the start of a ten-minute mean; reporting delay is zero and normalization remains unresolved."", ""Source-clock and target normalization semantics remain unconfirmed."", ""Weather availability uses archive-object metadata, not original NOAA publication proof."", ""Forecast target is normalized power; no conversion to MW/MWh is justified.""]"
1.0,3acb2551a9e52a1bbcacc92a,1,2026-02-13T18:00:00Z,turbine_2,2026-02-13T23:00:00Z,5,0.363430591330947,normalized_power,gfs_0p25,2026-02-13T12:00:00Z,wind-power-v1,2026-01-31T18:00:00Z,warning,"[""Uncertainty intervals are not calibrated"", ""Unconfirmed: all source labels use fixed UTC+5 and mark the start of a ten-minute mean; reporting delay is zero and normalization remains unresolved."", ""Source-clock and target normalization semantics remain unconfirmed."", ""Weather availability uses archive-object metadata, not original NOAA publication proof."", ""Forecast target is normalized power; no conversion to MW/MWh is justified.""]"
1.0,3acb2551a9e52a1bbcacc92a,1,2026-02-13T18:00:00Z,turbine_2,2026-02-14T00:00:00Z,6,0.2656575629752937,normalized_power,gfs_0p25,2026-02-13T12:00:00Z,wind-power-v1,2026-01-31T18:00:00Z,warning,"[""Uncertainty intervals are not calibrated"", ""Unconfirmed: all source labels use fixed UTC+5 and mark the start of a ten-minute mean; reporting delay is zero and normalization remains unresolved."", ""Source-clock and target normalization semantics remain unconfirmed."", ""Weather availability uses archive-object metadata, not original NOAA publication proof."", ""Forecast target is normalized power; no conversion to MW/MWh is justified.""]"
1.0,3acb2551a9e52a1bbcacc92a,1,2026-02-13T18:00:00Z,turbine_2,2026-02-14T01:00:00Z,7,0.3293449540990565,normalized_power,gfs_0p25,2026-02-13T12:00:00Z,wind-power-v1,2026-01-31T18:00:00Z,warning,"[""Uncertainty intervals are not calibrated"", ""Unconfirmed: all source labels use fixed UTC+5 and mark the start of a ten-minute mean; reporting delay is zero and normalization remains unresolved."", ""Source-clock and target normalization semantics remain unconfirmed."", ""Weather availability uses archive-object metadata, not original NOAA publication proof."", ""Forecast target is normalized power; no conversion to MW/MWh is justified.""]"
1.0,3acb2551a9e52a1bbcacc92a,1,2026-02-13T18:00:00Z,turbine_2,2026-02-14T02:00:00Z,8,0.18375762146190627,normalized_power,gfs_0p25,2026-02-13T12:00:00Z,wind-power-v1,2026-01-31T18:00:00Z,warning,"[""Uncertainty intervals are not calibrated"", ""Unconfirmed: all source labels use fixed UTC+5 and mark the start of a ten-minute mean; reporting delay is zero and normalization remains unresolved."", ""Source-clock and target normalization semantics remain unconfirmed."", ""Weather availability uses archive-object metadata, not original NOAA publication proof."", ""Forecast target is normalized power; no conversion to MW/MWh is justified.""]"
1.0,3acb2551a9e52a1bbcacc92a,1,2026-02-13T18:00:00Z,turbine_2,2026-02-14T03:00:00Z,9,0.3432876688850992,normalized_power,gfs_0p25,2026-02-13T12:00:00Z,wind-power-v1,2026-01-31T18:00:00Z,warning,"[""Uncertainty intervals are not calibrated"", ""Unconfirmed: all source labels use fixed UTC+5 and mark the start of a ten-minute mean; reporting delay is zero and normalization remains unresolved."", ""Source-clock and target normalization semantics remain unconfirmed."", ""Weather availability uses archive-object metadata, not original NOAA publication proof."", ""Forecast target is normalized power; no conversion to MW/MWh is justified.""]"
1.0,3acb2551a9e52a1bbcacc92a,1,2026-02-13T18:00:00Z,turbine_2,2026-02-14T04:00:00Z,10,0.403949027532199,normalized_power,gfs_0p25,2026-02-13T12:00:00Z,wind-power-v1,2026-01-31T18:00:00Z,warning,"[""Uncertainty intervals are not calibrated"", ""Unconfirmed: all source labels use fixed UTC+5 and mark the start of a ten-minute mean; reporting delay is zero and normalization remains unresolved."", ""Source-clock and target normalization semantics remain unconfirmed."", ""Weather availability uses archive-object metadata, not original NOAA publication proof."", ""Forecast target is normalized power; no conversion to MW/MWh is justified.""]"
1.0,3acb2551a9e52a1bbcacc92a,1,2026-02-13T18:00:00Z,turbine_2,2026-02-14T05:00:00Z,11,0.3844219500846734,normalized_power,gfs_0p25,2026-02-13T12:00:00Z,wind-power-v1,2026-01-31T18:00:00Z,warning,"[""Uncertainty intervals are not calibrated"", ""Unconfirmed: all source labels use fixed UTC+5 and mark the start of a ten-minute mean; reporting delay is zero and normalization remains unresolved."", ""Source-clock and target normalization semantics remain unconfirmed."", ""Weather availability uses archive-object metadata, not original NOAA publication proof."", ""Forecast target is normalized power; no conversion to MW/MWh is justified.""]"
1.0,3acb2551a9e52a1bbcacc92a,1,2026-02-13T18:00:00Z,turbine_2,2026-02-14T06:00:00Z,12,0.3651115109186711,normalized_power,gfs_0p25,2026-02-13T12:00:00Z,wind-power-v1,2026-01-31T18:00:00Z,warning,"[""Uncertainty intervals are not calibrated"", ""Unconfirmed: all source labels use fixed UTC+5 and mark the start of a ten-minute mean; reporting delay is zero and normalization remains unresolved."", ""Source-clock and target normalization semantics remain unconfirmed."", ""Weather availability uses archive-object metadata, not original NOAA publication proof."", ""Forecast target is normalized power; no conversion to MW/MWh is justified.""]"
1.0,3acb2551a9e52a1bbcacc92a,1,2026-02-13T18:00:00Z,turbine_2,2026-02-14T07:00:00Z,13,0.3418296559531891,normalized_power,gfs_0p25,2026-02-13T12:00:00Z,wind-power-v1,2026-01-31T18:00:00Z,warning,"[""Uncertainty intervals are not calibrated"", ""Unconfirmed: all source labels use fixed UTC+5 and mark the start of a ten-minute mean; reporting delay is zero and normalization remains unresolved."", ""Source-clock and target normalization semantics remain unconfirmed."", ""Weather availability uses archive-object metadata, not original NOAA publication proof."", ""Forecast target is normalized power; no conversion to MW/MWh is justified.""]"
1.0,3acb2551a9e52a1bbcacc92a,1,2026-02-13T18:00:00Z,turbine_2,2026-02-14T08:00:00Z,14,0.3206160852278872,normalized_power,gfs_0p25,2026-02-13T12:00:00Z,wind-power-v1,2026-01-31T18:00:00Z,warning,"[""Uncertainty intervals are not calibrated"", ""Unconfirmed: all source labels use fixed UTC+5 and mark the start of a ten-minute mean; reporting delay is zero and normalization remains unresolved."", ""Source-clock and target normalization semantics remain unconfirmed."", ""Weather availability uses archive-object metadata, not original NOAA publication proof."", ""Forecast target is normalized power; no conversion to MW/MWh is justified.""]"
1.0,3acb2551a9e52a1bbcacc92a,1,2026-02-13T18:00:00Z,turbine_2,2026-02-14T09:00:00Z,15,0.1498393183780863,normalized_power,gfs_0p25,2026-02-13T12:00:00Z,wind-power-v1,2026-01-31T18:00:00Z,warning,"[""Uncertainty intervals are not calibrated"", ""Unconfirmed: all source labels use fixed UTC+5 and mark the start of a ten-minute mean; reporting delay is zero and normalization remains unresolved."", ""Source-clock and target normalization semantics remain unconfirmed."", ""Weather availability uses archive-object metadata, not original NOAA publication proof."", ""Forecast target is normalized power; no conversion to MW/MWh is justified.""]"
1.0,3acb2551a9e52a1bbcacc92a,1,2026-02-13T18:00:00Z,turbine_2,2026-02-14T10:00:00Z,16,0.0686261528820116,normalized_power,gfs_0p25,2026-02-13T12:00:00Z,wind-power-v1,2026-01-31T18:00:00Z,warning,"[""Uncertainty intervals are not calibrated"", ""Unconfirmed: all source labels use fixed UTC+5 and mark the start of a ten-minute mean; reporting delay is zero and normalization remains unresolved."", ""Source-clock and target normalization semantics remain unconfirmed."", ""Weather availability uses archive-object metadata, not original NOAA publication proof."", ""Forecast target is normalized power; no conversion to MW/MWh is justified.""]"
1.0,3acb2551a9e52a1bbcacc92a,1,2026-02-13T18:00:00Z,turbine_2,2026-02-14T11:00:00Z,17,0.049368349283022986,normalized_power,gfs_0p25,2026-02-13T12:00:00Z,wind-power-v1,2026-01-31T18:00:00Z,warning,"[""Uncertainty intervals are not calibrated"", ""Unconfirmed: all source labels use fixed UTC+5 and mark the start of a ten-minute mean; reporting delay is zero and normalization remains unresolved."", ""Source-clock and target normalization semantics remain unconfirmed."", ""Weather availability uses archive-object metadata, not original NOAA publication proof."", ""Forecast target is normalized power; no conversion to MW/MWh is justified.""]"
1.0,3acb2551a9e52a1bbcacc92a,1,2026-02-13T18:00:00Z,turbine_2,2026-02-14T12:00:00Z,18,0.5009355869619476,normalized_power,gfs_0p25,2026-02-13T12:00:00Z,wind-power-v1,2026-01-31T18:00:00Z,warning,"[""Uncertainty intervals are not calibrated"", ""Unconfirmed: all source labels use fixed UTC+5 and mark the start of a ten-minute mean; reporting delay is zero and normalization remains unresolved."", ""Source-clock and target normalization semantics remain unconfirmed."", ""Weather availability uses archive-object metadata, not original NOAA publication proof."", ""Forecast target is normalized power; no conversion to MW/MWh is justified.""]"
1.0,3acb2551a9e52a1bbcacc92a,1,2026-02-13T18:00:00Z,turbine_2,2026-02-14T13:00:00Z,19,0.13248966613147506,normalized_power,gfs_0p25,2026-02-13T12:00:00Z,wind-power-v1,2026-01-31T18:00:00Z,warning,"[""Uncertainty intervals are not calibrated"", ""Unconfirmed: all source labels use fixed UTC+5 and mark the start of a ten-minute mean; reporting delay is zero and normalization remains unresolved."", ""Source-clock and target normalization semantics remain unconfirmed."", ""Weather availability uses archive-object metadata, not original NOAA publication proof."", ""Forecast target is normalized power; no conversion to MW/MWh is justified.""]"
1.0,3acb2551a9e52a1bbcacc92a,1,2026-02-13T18:00:00Z,turbine_2,2026-02-14T14:00:00Z,20,0.092744747315391,normalized_power,gfs_0p25,2026-02-13T12:00:00Z,wind-power-v1,2026-01-31T18:00:00Z,warning,"[""Uncertainty intervals are not calibrated"", ""Unconfirmed: all source labels use fixed UTC+5 and mark the start of a ten-minute mean; reporting delay is zero and normalization remains unresolved."", ""Source-clock and target normalization semantics remain unconfirmed."", ""Weather availability uses archive-object metadata, not original NOAA publication proof."", ""Forecast target is normalized power; no conversion to MW/MWh is justified.""]"
1.0,3acb2551a9e52a1bbcacc92a,1,2026-02-13T18:00:00Z,turbine_2,2026-02-14T15:00:00Z,21,0.09523017496054817,normalized_power,gfs_0p25,2026-02-13T12:00:00Z,wind-power-v1,2026-01-31T18:00:00Z,warning,"[""Uncertainty intervals are not calibrated"", ""Unconfirmed: all source labels use fixed UTC+5 and mark the start of a ten-minute mean; reporting delay is zero and normalization remains unresolved."", ""Source-clock and target normalization semantics remain unconfirmed."", ""Weather availability uses archive-object metadata, not original NOAA publication proof."", ""Forecast target is normalized power; no conversion to MW/MWh is justified.""]"
1.0,3acb2551a9e52a1bbcacc92a,1,2026-02-13T18:00:00Z,turbine_2,2026-02-14T16:00:00Z,22,0.09483702221787275,normalized_power,gfs_0p25,2026-02-13T12:00:00Z,wind-power-v1,2026-01-31T18:00:00Z,warning,"[""Uncertainty intervals are not calibrated"", ""Unconfirmed: all source labels use fixed UTC+5 and mark the start of a ten-minute mean; reporting delay is zero and normalization remains unresolved."", ""Source-clock and target normalization semantics remain unconfirmed."", ""Weather availability uses archive-object metadata, not original NOAA publication proof."", ""Forecast target is normalized power; no conversion to MW/MWh is justified.""]"
1.0,3acb2551a9e52a1bbcacc92a,1,2026-02-13T18:00:00Z,turbine_2,2026-02-14T17:00:00Z,23,0.05765288001943573,normalized_power,gfs_0p25,2026-02-13T12:00:00Z,wind-power-v1,2026-01-31T18:00:00Z,warning,"[""Uncertainty intervals are not calibrated"", ""Unconfirmed: all source labels use fixed UTC+5 and mark the start of a ten-minute mean; reporting delay is zero and normalization remains unresolved."", ""Source-clock and target normalization semantics remain unconfirmed."", ""Weather availability uses archive-object metadata, not original NOAA publication proof."", ""Forecast target is normalized power; no conversion to MW/MWh is justified.""]"
1.0,3acb2551a9e52a1bbcacc92a,1,2026-02-13T18:00:00Z,turbine_2,2026-02-14T18:00:00Z,24,0.14310450640723943,normalized_power,gfs_0p25,2026-02-13T12:00:00Z,wind-power-v1,2026-01-31T18:00:00Z,warning,"[""Uncertainty intervals are not calibrated"", ""Unconfirmed: all source labels use fixed UTC+5 and mark the start of a ten-minute mean; reporting delay is zero and normalization remains unresolved."", ""Source-clock and target normalization semantics remain unconfirmed."", ""Weather availability uses archive-object metadata, not original NOAA publication proof."", ""Forecast target is normalized power; no conversion to MW/MWh is justified.""]"
1.0,4f7bd29573e75be78cbea8a8,1,2026-02-14T18:00:00Z,turbine_2,2026-02-14T19:00:00Z,1,0.07608870310781742,normalized_power,gfs_0p25,2026-02-14T12:00:00Z,wind-power-v1,2026-01-31T18:00:00Z,warning,"[""Uncertainty intervals are not calibrated"", ""Unconfirmed: all source labels use fixed UTC+5 and mark the start of a ten-minute mean; reporting delay is zero and normalization remains unresolved."", ""Source-clock and target normalization semantics remain unconfirmed."", ""Weather availability uses archive-object metadata, not original NOAA publication proof."", ""Forecast target is normalized power; no conversion to MW/MWh is justified.""]"
1.0,4f7bd29573e75be78cbea8a8,1,2026-02-14T18:00:00Z,turbine_2,2026-02-14T20:00:00Z,2,0.0935149429019599,normalized_power,gfs_0p25,2026-02-14T12:00:00Z,wind-power-v1,2026-01-31T18:00:00Z,warning,"[""Uncertainty intervals are not calibrated"", ""Unconfirmed: all source labels use fixed UTC+5 and mark the start of a ten-minute mean; reporting delay is zero and normalization remains unresolved."", ""Source-clock and target normalization semantics remain unconfirmed."", ""Weather availability uses archive-object metadata, not original NOAA publication proof."", ""Forecast target is normalized power; no conversion to MW/MWh is justified.""]"
1.0,4f7bd29573e75be78cbea8a8,1,2026-02-14T18:00:00Z,turbine_2,2026-02-14T21:00:00Z,3,0.05025176661491918,normalized_power,gfs_0p25,2026-02-14T12:00:00Z,wind-power-v1,2026-01-31T18:00:00Z,warning,"[""Uncertainty intervals are not calibrated"", ""Unconfirmed: all source labels use fixed UTC+5 and mark the start of a ten-minute mean; reporting delay is zero and normalization remains unresolved."", ""Source-clock and target normalization semantics remain unconfirmed."", ""Weather availability uses archive-object metadata, not original NOAA publication proof."", ""Forecast target is normalized power; no conversion to MW/MWh is justified.""]"
1.0,4f7bd29573e75be78cbea8a8,1,2026-02-14T18:00:00Z,turbine_2,2026-02-14T22:00:00Z,4,0.10994462298769296,normalized_power,gfs_0p25,2026-02-14T12:00:00Z,wind-power-v1,2026-01-31T18:00:00Z,warning,"[""Uncertainty intervals are not calibrated"", ""Unconfirmed: all source labels use fixed UTC+5 and mark the start of a ten-minute mean; reporting delay is zero and normalization remains unresolved."", ""Source-clock and target normalization semantics remain unconfirmed."", ""Weather availability uses archive-object metadata, not original NOAA publication proof."", ""Forecast target is normalized power; no conversion to MW/MWh is justified.""]"
1.0,4f7bd29573e75be78cbea8a8,1,2026-02-14T18:00:00Z,turbine_2,2026-02-14T23:00:00Z,5,0.17803449291342568,normalized_power,gfs_0p25,2026-02-14T12:00:00Z,wind-power-v1,2026-01-31T18:00:00Z,warning,"[""Uncertainty intervals are not calibrated"", ""Unconfirmed: all source labels use fixed UTC+5 and mark the start of a ten-minute mean; reporting delay is zero and normalization remains unresolved."", ""Source-clock and target normalization semantics remain unconfirmed."", ""Weather availability uses archive-object metadata, not original NOAA publication proof."", ""Forecast target is normalized power; no conversion to MW/MWh is justified.""]"
1.0,4f7bd29573e75be78cbea8a8,1,2026-02-14T18:00:00Z,turbine_2,2026-02-15T00:00:00Z,6,0.31488296013568834,normalized_power,gfs_0p25,2026-02-14T12:00:00Z,wind-power-v1,2026-01-31T18:00:00Z,warning,"[""Uncertainty intervals are not calibrated"", ""Unconfirmed: all source labels use fixed UTC+5 and mark the start of a ten-minute mean; reporting delay is zero and normalization remains unresolved."", ""Source-clock and target normalization semantics remain unconfirmed."", ""Weather availability uses archive-object metadata, not original NOAA publication proof."", ""Forecast target is normalized power; no conversion to MW/MWh is justified.""]"
1.0,4f7bd29573e75be78cbea8a8,1,2026-02-14T18:00:00Z,turbine_2,2026-02-15T01:00:00Z,7,0.4420268487753738,normalized_power,gfs_0p25,2026-02-14T12:00:00Z,wind-power-v1,2026-01-31T18:00:00Z,warning,"[""Uncertainty intervals are not calibrated"", ""Unconfirmed: all source labels use fixed UTC+5 and mark the start of a ten-minute mean; reporting delay is zero and normalization remains unresolved."", ""Source-clock and target normalization semantics remain unconfirmed."", ""Weather availability uses archive-object metadata, not original NOAA publication proof."", ""Forecast target is normalized power; no conversion to MW/MWh is justified.""]"
1.0,4f7bd29573e75be78cbea8a8,1,2026-02-14T18:00:00Z,turbine_2,2026-02-15T02:00:00Z,8,0.40970132837097634,normalized_power,gfs_0p25,2026-02-14T12:00:00Z,wind-power-v1,2026-01-31T18:00:00Z,warning,"[""Uncertainty intervals are not calibrated"", ""Unconfirmed: all source labels use fixed UTC+5 and mark the start of a ten-minute mean; reporting delay is zero and normalization remains unresolved."", ""Source-clock and target normalization semantics remain unconfirmed."", ""Weather availability uses archive-object metadata, not original NOAA publication proof."", ""Forecast target is normalized power; no conversion to MW/MWh is justified.""]"
1.0,4f7bd29573e75be78cbea8a8,1,2026-02-14T18:00:00Z,turbine_2,2026-02-15T03:00:00Z,9,0.2960265469228253,normalized_power,gfs_0p25,2026-02-14T12:00:00Z,wind-power-v1,2026-01-31T18:00:00Z,warning,"[""Uncertainty intervals are not calibrated"", ""Unconfirmed: all source labels use fixed UTC+5 and mark the start of a ten-minute mean; reporting delay is zero and normalization remains unresolved."", ""Source-clock and target normalization semantics remain unconfirmed."", ""Weather availability uses archive-object metadata, not original NOAA publication proof."", ""Forecast target is normalized power; no conversion to MW/MWh is justified.""]"
1.0,4f7bd29573e75be78cbea8a8,1,2026-02-14T18:00:00Z,turbine_2,2026-02-15T04:00:00Z,10,0.645019380162704,normalized_power,gfs_0p25,2026-02-14T12:00:00Z,wind-power-v1,2026-01-31T18:00:00Z,warning,"[""Uncertainty intervals are not calibrated"", ""Unconfirmed: all source labels use fixed UTC+5 and mark the start of a ten-minute mean; reporting delay is zero and normalization remains unresolved."", ""Source-clock and target normalization semantics remain unconfirmed."", ""Weather availability uses archive-object metadata, not original NOAA publication proof."", ""Forecast target is normalized power; no conversion to MW/MWh is justified.""]"
1.0,4f7bd29573e75be78cbea8a8,1,2026-02-14T18:00:00Z,turbine_2,2026-02-15T05:00:00Z,11,0.5688715709054087,normalized_power,gfs_0p25,2026-02-14T12:00:00Z,wind-power-v1,2026-01-31T18:00:00Z,warning,"[""Uncertainty intervals are not calibrated"", ""Unconfirmed: all source labels use fixed UTC+5 and mark the start of a ten-minute mean; reporting delay is zero and normalization remains unresolved."", ""Source-clock and target normalization semantics remain unconfirmed."", ""Weather availability uses archive-object metadata, not original NOAA publication proof."", ""Forecast target is normalized power; no conversion to MW/MWh is justified.""]"
1.0,4f7bd29573e75be78cbea8a8,1,2026-02-14T18:00:00Z,turbine_2,2026-02-15T06:00:00Z,12,0.6792879315201388,normalized_power,gfs_0p25,2026-02-14T12:00:00Z,wind-power-v1,2026-01-31T18:00:00Z,warning,"[""Uncertainty intervals are not calibrated"", ""Unconfirmed: all source labels use fixed UTC+5 and mark the start of a ten-minute mean; reporting delay is zero and normalization remains unresolved."", ""Source-clock and target normalization semantics remain unconfirmed."", ""Weather availability uses archive-object metadata, not original NOAA publication proof."", ""Forecast target is normalized power; no conversion to MW/MWh is justified.""]"
1.0,4f7bd29573e75be78cbea8a8,1,2026-02-14T18:00:00Z,turbine_2,2026-02-15T07:00:00Z,13,0.8703819260345398,normalized_power,gfs_0p25,2026-02-14T12:00:00Z,wind-power-v1,2026-01-31T18:00:00Z,warning,"[""Uncertainty intervals are not calibrated"", ""Unconfirmed: all source labels use fixed UTC+5 and mark the start of a ten-minute mean; reporting delay is zero and normalization remains unresolved."", ""Source-clock and target normalization semantics remain unconfirmed."", ""Weather availability uses archive-object metadata, not original NOAA publication proof."", ""Forecast target is normalized power; no conversion to MW/MWh is justified.""]"
1.0,4f7bd29573e75be78cbea8a8,1,2026-02-14T18:00:00Z,turbine_2,2026-02-15T08:00:00Z,14,0.8703819260345398,normalized_power,gfs_0p25,2026-02-14T12:00:00Z,wind-power-v1,2026-01-31T18:00:00Z,warning,"[""Uncertainty intervals are not calibrated"", ""Unconfirmed: all source labels use fixed UTC+5 and mark the start of a ten-minute mean; reporting delay is zero and normalization remains unresolved."", ""Source-clock and target normalization semantics remain unconfirmed."", ""Weather availability uses archive-object metadata, not original NOAA publication proof."", ""Forecast target is normalized power; no conversion to MW/MWh is justified.""]"
1.0,4f7bd29573e75be78cbea8a8,1,2026-02-14T18:00:00Z,turbine_2,2026-02-15T09:00:00Z,15,0.7702823854510711,normalized_power,gfs_0p25,2026-02-14T12:00:00Z,wind-power-v1,2026-01-31T18:00:00Z,warning,"[""Uncertainty intervals are not calibrated"", ""Unconfirmed: all source labels use fixed UTC+5 and mark the start of a ten-minute mean; reporting delay is zero and normalization remains unresolved."", ""Source-clock and target normalization semantics remain unconfirmed."", ""Weather availability uses archive-object metadata, not original NOAA publication proof."", ""Forecast target is normalized power; no conversion to MW/MWh is justified.""]"
1.0,4f7bd29573e75be78cbea8a8,1,2026-02-14T18:00:00Z,turbine_2,2026-02-15T10:00:00Z,16,0.595895083819061,normalized_power,gfs_0p25,2026-02-14T12:00:00Z,wind-power-v1,2026-01-31T18:00:00Z,warning,"[""Uncertainty intervals are not calibrated"", ""Unconfirmed: all source labels use fixed UTC+5 and mark the start of a ten-minute mean; reporting delay is zero and normalization remains unresolved."", ""Source-clock and target normalization semantics remain unconfirmed."", ""Weather availability uses archive-object metadata, not original NOAA publication proof."", ""Forecast target is normalized power; no conversion to MW/MWh is justified.""]"
1.0,4f7bd29573e75be78cbea8a8,1,2026-02-14T18:00:00Z,turbine_2,2026-02-15T11:00:00Z,17,0.6243501647375409,normalized_power,gfs_0p25,2026-02-14T12:00:00Z,wind-power-v1,2026-01-31T18:00:00Z,warning,"[""Uncertainty intervals are not calibrated"", ""Unconfirmed: all source labels use fixed UTC+5 and mark the start of a ten-minute mean; reporting delay is zero and normalization remains unresolved."", ""Source-clock and target normalization semantics remain unconfirmed."", ""Weather availability uses archive-object metadata, not original NOAA publication proof."", ""Forecast target is normalized power; no conversion to MW/MWh is justified.""]"
1.0,4f7bd29573e75be78cbea8a8,1,2026-02-14T18:00:00Z,turbine_2,2026-02-15T12:00:00Z,18,0.48455134787530807,normalized_power,gfs_0p25,2026-02-14T12:00:00Z,wind-power-v1,2026-01-31T18:00:00Z,warning,"[""Uncertainty intervals are not calibrated"", ""Unconfirmed: all source labels use fixed UTC+5 and mark the start of a ten-minute mean; reporting delay is zero and normalization remains unresolved."", ""Source-clock and target normalization semantics remain unconfirmed."", ""Weather availability uses archive-object metadata, not original NOAA publication proof."", ""Forecast target is normalized power; no conversion to MW/MWh is justified.""]"
1.0,4f7bd29573e75be78cbea8a8,1,2026-02-14T18:00:00Z,turbine_2,2026-02-15T13:00:00Z,19,0.5028526334042382,normalized_power,gfs_0p25,2026-02-14T12:00:00Z,wind-power-v1,2026-01-31T18:00:00Z,warning,"[""Uncertainty intervals are not calibrated"", ""Unconfirmed: all source labels use fixed UTC+5 and mark the start of a ten-minute mean; reporting delay is zero and normalization remains unresolved."", ""Source-clock and target normalization semantics remain unconfirmed."", ""Weather availability uses archive-object metadata, not original NOAA publication proof."", ""Forecast target is normalized power; no conversion to MW/MWh is justified.""]"
1.0,4f7bd29573e75be78cbea8a8,1,2026-02-14T18:00:00Z,turbine_2,2026-02-15T14:00:00Z,20,0.5039760853054599,normalized_power,gfs_0p25,2026-02-14T12:00:00Z,wind-power-v1,2026-01-31T18:00:00Z,warning,"[""Uncertainty intervals are not calibrated"", ""Unconfirmed: all source labels use fixed UTC+5 and mark the start of a ten-minute mean; reporting delay is zero and normalization remains unresolved."", ""Source-clock and target normalization semantics remain unconfirmed."", ""Weather availability uses archive-object metadata, not original NOAA publication proof."", ""Forecast target is normalized power; no conversion to MW/MWh is justified.""]"
1.0,4f7bd29573e75be78cbea8a8,1,2026-02-14T18:00:00Z,turbine_2,2026-02-15T15:00:00Z,21,0.6041975554784808,normalized_power,gfs_0p25,2026-02-14T12:00:00Z,wind-power-v1,2026-01-31T18:00:00Z,warning,"[""Uncertainty intervals are not calibrated"", ""Unconfirmed: all source labels use fixed UTC+5 and mark the start of a ten-minute mean; reporting delay is zero and normalization remains unresolved."", ""Source-clock and target normalization semantics remain unconfirmed."", ""Weather availability uses archive-object metadata, not original NOAA publication proof."", ""Forecast target is normalized power; no conversion to MW/MWh is justified.""]"
1.0,4f7bd29573e75be78cbea8a8,1,2026-02-14T18:00:00Z,turbine_2,2026-02-15T16:00:00Z,22,0.5844589308107042,normalized_power,gfs_0p25,2026-02-14T12:00:00Z,wind-power-v1,2026-01-31T18:00:00Z,warning,"[""Uncertainty intervals are not calibrated"", ""Unconfirmed: all source labels use fixed UTC+5 and mark the start of a ten-minute mean; reporting delay is zero and normalization remains unresolved."", ""Source-clock and target normalization semantics remain unconfirmed."", ""Weather availability uses archive-object metadata, not original NOAA publication proof."", ""Forecast target is normalized power; no conversion to MW/MWh is justified.""]"
1.0,4f7bd29573e75be78cbea8a8,1,2026-02-14T18:00:00Z,turbine_2,2026-02-15T17:00:00Z,23,0.6768512232538844,normalized_power,gfs_0p25,2026-02-14T12:00:00Z,wind-power-v1,2026-01-31T18:00:00Z,warning,"[""Uncertainty intervals are not calibrated"", ""Unconfirmed: all source labels use fixed UTC+5 and mark the start of a ten-minute mean; reporting delay is zero and normalization remains unresolved."", ""Source-clock and target normalization semantics remain unconfirmed."", ""Weather availability uses archive-object metadata, not original NOAA publication proof."", ""Forecast target is normalized power; no conversion to MW/MWh is justified.""]"
1.0,4f7bd29573e75be78cbea8a8,1,2026-02-14T18:00:00Z,turbine_2,2026-02-15T18:00:00Z,24,0.5980221330858119,normalized_power,gfs_0p25,2026-02-14T12:00:00Z,wind-power-v1,2026-01-31T18:00:00Z,warning,"[""Uncertainty intervals are not calibrated"", ""Unconfirmed: all source labels use fixed UTC+5 and mark the start of a ten-minute mean; reporting delay is zero and normalization remains unresolved."", ""Source-clock and target normalization semantics remain unconfirmed."", ""Weather availability uses archive-object metadata, not original NOAA publication proof."", ""Forecast target is normalized power; no conversion to MW/MWh is justified.""]"
1.0,6cb406839252099daf8bb1e5,1,2026-02-15T18:00:00Z,turbine_2,2026-02-15T19:00:00Z,1,0.6210770222946266,normalized_power,gfs_0p25,2026-02-15T12:00:00Z,wind-power-v1,2026-01-31T18:00:00Z,warning,"[""Uncertainty intervals are not calibrated"", ""Unconfirmed: all source labels use fixed UTC+5 and mark the start of a ten-minute mean; reporting delay is zero and normalization remains unresolved."", ""Source-clock and target normalization semantics remain unconfirmed."", ""Weather availability uses archive-object metadata, not original NOAA publication proof."", ""Forecast target is normalized power; no conversion to MW/MWh is justified.""]"
1.0,6cb406839252099daf8bb1e5,1,2026-02-15T18:00:00Z,turbine_2,2026-02-15T20:00:00Z,2,0.5450154995458394,normalized_power,gfs_0p25,2026-02-15T12:00:00Z,wind-power-v1,2026-01-31T18:00:00Z,warning,"[""Uncertainty intervals are not calibrated"", ""Unconfirmed: all source labels use fixed UTC+5 and mark the start of a ten-minute mean; reporting delay is zero and normalization remains unresolved."", ""Source-clock and target normalization semantics remain unconfirmed."", ""Weather availability uses archive-object metadata, not original NOAA publication proof."", ""Forecast target is normalized power; no conversion to MW/MWh is justified.""]"
1.0,6cb406839252099daf8bb1e5,1,2026-02-15T18:00:00Z,turbine_2,2026-02-15T21:00:00Z,3,0.5985815905089906,normalized_power,gfs_0p25,2026-02-15T12:00:00Z,wind-power-v1,2026-01-31T18:00:00Z,warning,"[""Uncertainty intervals are not calibrated"", ""Unconfirmed: all source labels use fixed UTC+5 and mark the start of a ten-minute mean; reporting delay is zero and normalization remains unresolved."", ""Source-clock and target normalization semantics remain unconfirmed."", ""Weather availability uses archive-object metadata, not original NOAA publication proof."", ""Forecast target is normalized power; no conversion to MW/MWh is justified.""]"
1.0,6cb406839252099daf8bb1e5,1,2026-02-15T18:00:00Z,turbine_2,2026-02-15T22:00:00Z,4,0.5108980837552456,normalized_power,gfs_0p25,2026-02-15T12:00:00Z,wind-power-v1,2026-01-31T18:00:00Z,warning,"[""Uncertainty intervals are not calibrated"", ""Unconfirmed: all source labels use fixed UTC+5 and mark the start of a ten-minute mean; reporting delay is zero and normalization remains unresolved."", ""Source-clock and target normalization semantics remain unconfirmed."", ""Weather availability uses archive-object metadata, not original NOAA publication proof."", ""Forecast target is normalized power; no conversion to MW/MWh is justified.""]"
1.0,6cb406839252099daf8bb1e5,1,2026-02-15T18:00:00Z,turbine_2,2026-02-15T23:00:00Z,5,0.5213944500265415,normalized_power,gfs_0p25,2026-02-15T12:00:00Z,wind-power-v1,2026-01-31T18:00:00Z,warning,"[""Uncertainty intervals are not calibrated"", ""Unconfirmed: all source labels use fixed UTC+5 and mark the start of a ten-minute mean; reporting delay is zero and normalization remains unresolved."", ""Source-clock and target normalization semantics remain unconfirmed."", ""Weather availability uses archive-object metadata, not original NOAA publication proof."", ""Forecast target is normalized power; no conversion to MW/MWh is justified.""]"
1.0,6cb406839252099daf8bb1e5,1,2026-02-15T18:00:00Z,turbine_2,2026-02-16T00:00:00Z,6,0.3730358655846386,normalized_power,gfs_0p25,2026-02-15T12:00:00Z,wind-power-v1,2026-01-31T18:00:00Z,warning,"[""Uncertainty intervals are not calibrated"", ""Unconfirmed: all source labels use fixed UTC+5 and mark the start of a ten-minute mean; reporting delay is zero and normalization remains unresolved."", ""Source-clock and target normalization semantics remain unconfirmed."", ""Weather availability uses archive-object metadata, not original NOAA publication proof."", ""Forecast target is normalized power; no conversion to MW/MWh is justified.""]"
1.0,6cb406839252099daf8bb1e5,1,2026-02-15T18:00:00Z,turbine_2,2026-02-16T01:00:00Z,7,0.34741691090112625,normalized_power,gfs_0p25,2026-02-15T12:00:00Z,wind-power-v1,2026-01-31T18:00:00Z,warning,"[""Uncertainty intervals are not calibrated"", ""Unconfirmed: all source labels use fixed UTC+5 and mark the start of a ten-minute mean; reporting delay is zero and normalization remains unresolved."", ""Source-clock and target normalization semantics remain unconfirmed."", ""Weather availability uses archive-object metadata, not original NOAA publication proof."", ""Forecast target is normalized power; no conversion to MW/MWh is justified.""]"
1.0,6cb406839252099daf8bb1e5,1,2026-02-15T18:00:00Z,turbine_2,2026-02-16T02:00:00Z,8,0.4350324290507895,normalized_power,gfs_0p25,2026-02-15T12:00:00Z,wind-power-v1,2026-01-31T18:00:00Z,warning,"[""Uncertainty intervals are not calibrated"", ""Unconfirmed: all source labels use fixed UTC+5 and mark the start of a ten-minute mean; reporting delay is zero and normalization remains unresolved."", ""Source-clock and target normalization semantics remain unconfirmed."", ""Weather availability uses archive-object metadata, not original NOAA publication proof."", ""Forecast target is normalized power; no conversion to MW/MWh is justified.""]"
1.0,6cb406839252099daf8bb1e5,1,2026-02-15T18:00:00Z,turbine_2,2026-02-16T03:00:00Z,9,0.35823159350331985,normalized_power,gfs_0p25,2026-02-15T12:00:00Z,wind-power-v1,2026-01-31T18:00:00Z,warning,"[""Uncertainty intervals are not calibrated"", ""Unconfirmed: all source labels use fixed UTC+5 and mark the start of a ten-minute mean; reporting delay is zero and normalization remains unresolved."", ""Source-clock and target normalization semantics remain unconfirmed."", ""Weather availability uses archive-object metadata, not original NOAA publication proof."", ""Forecast target is normalized power; no conversion to MW/MWh is justified.""]"
1.0,6cb406839252099daf8bb1e5,1,2026-02-15T18:00:00Z,turbine_2,2026-02-16T04:00:00Z,10,0.2747384081095154,normalized_power,gfs_0p25,2026-02-15T12:00:00Z,wind-power-v1,2026-01-31T18:00:00Z,warning,"[""Uncertainty intervals are not calibrated"", ""Unconfirmed: all source labels use fixed UTC+5 and mark the start of a ten-minute mean; reporting delay is zero and normalization remains unresolved."", ""Source-clock and target normalization semantics remain unconfirmed."", ""Weather availability uses archive-object metadata, not original NOAA publication proof."", ""Forecast target is normalized power; no conversion to MW/MWh is justified.""]"
1.0,6cb406839252099daf8bb1e5,1,2026-02-15T18:00:00Z,turbine_2,2026-02-16T05:00:00Z,11,0.39738427882839766,normalized_power,gfs_0p25,2026-02-15T12:00:00Z,wind-power-v1,2026-01-31T18:00:00Z,warning,"[""Uncertainty intervals are not calibrated"", ""Unconfirmed: all source labels use fixed UTC+5 and mark the start of a ten-minute mean; reporting delay is zero and normalization remains unresolved."", ""Source-clock and target normalization semantics remain unconfirmed."", ""Weather availability uses archive-object metadata, not original NOAA publication proof."", ""Forecast target is normalized power; no conversion to MW/MWh is justified.""]"
1.0,6cb406839252099daf8bb1e5,1,2026-02-15T18:00:00Z,turbine_2,2026-02-16T06:00:00Z,12,0.3704174880451504,normalized_power,gfs_0p25,2026-02-15T12:00:00Z,wind-power-v1,2026-01-31T18:00:00Z,warning,"[""Uncertainty intervals are not calibrated"", ""Unconfirmed: all source labels use fixed UTC+5 and mark the start of a ten-minute mean; reporting delay is zero and normalization remains unresolved."", ""Source-clock and target normalization semantics remain unconfirmed."", ""Weather availability uses archive-object metadata, not original NOAA publication proof."", ""Forecast target is normalized power; no conversion to MW/MWh is justified.""]"
1.0,6cb406839252099daf8bb1e5,1,2026-02-15T18:00:00Z,turbine_2,2026-02-16T07:00:00Z,13,0.3953649077432204,normalized_power,gfs_0p25,2026-02-15T12:00:00Z,wind-power-v1,2026-01-31T18:00:00Z,warning,"[""Uncertainty intervals are not calibrated"", ""Unconfirmed: all source labels use fixed UTC+5 and mark the start of a ten-minute mean; reporting delay is zero and normalization remains unresolved."", ""Source-clock and target normalization semantics remain unconfirmed."", ""Weather availability uses archive-object metadata, not original NOAA publication proof."", ""Forecast target is normalized power; no conversion to MW/MWh is justified.""]"
1.0,6cb406839252099daf8bb1e5,1,2026-02-15T18:00:00Z,turbine_2,2026-02-16T08:00:00Z,14,0.4278251810474502,normalized_power,gfs_0p25,2026-02-15T12:00:00Z,wind-power-v1,2026-01-31T18:00:00Z,warning,"[""Uncertainty intervals are not calibrated"", ""Unconfirmed: all source labels use fixed UTC+5 and mark the start of a ten-minute mean; reporting delay is zero and normalization remains unresolved."", ""Source-clock and target normalization semantics remain unconfirmed."", ""Weather availability uses archive-object metadata, not original NOAA publication proof."", ""Forecast target is normalized power; no conversion to MW/MWh is justified.""]"
1.0,6cb406839252099daf8bb1e5,1,2026-02-15T18:00:00Z,turbine_2,2026-02-16T09:00:00Z,15,0.3351762243009049,normalized_power,gfs_0p25,2026-02-15T12:00:00Z,wind-power-v1,2026-01-31T18:00:00Z,warning,"[""Uncertainty intervals are not calibrated"", ""Unconfirmed: all source labels use fixed UTC+5 and mark the start of a ten-minute mean; reporting delay is zero and normalization remains unresolved."", ""Source-clock and target normalization semantics remain unconfirmed."", ""Weather availability uses archive-object metadata, not original NOAA publication proof."", ""Forecast target is normalized power; no conversion to MW/MWh is justified.""]"
1.0,6cb406839252099daf8bb1e5,1,2026-02-15T18:00:00Z,turbine_2,2026-02-16T10:00:00Z,16,0.5348842127698904,normalized_power,gfs_0p25,2026-02-15T12:00:00Z,wind-power-v1,2026-01-31T18:00:00Z,warning,"[""Uncertainty intervals are not calibrated"", ""Unconfirmed: all source labels use fixed UTC+5 and mark the start of a ten-minute mean; reporting delay is zero and normalization remains unresolved."", ""Source-clock and target normalization semantics remain unconfirmed."", ""Weather availability uses archive-object metadata, not original NOAA publication proof."", ""Forecast target is normalized power; no conversion to MW/MWh is justified.""]"
1.0,6cb406839252099daf8bb1e5,1,2026-02-15T18:00:00Z,turbine_2,2026-02-16T11:00:00Z,17,0.5343000564831792,normalized_power,gfs_0p25,2026-02-15T12:00:00Z,wind-power-v1,2026-01-31T18:00:00Z,warning,"[""Uncertainty intervals are not calibrated"", ""Unconfirmed: all source labels use fixed UTC+5 and mark the start of a ten-minute mean; reporting delay is zero and normalization remains unresolved."", ""Source-clock and target normalization semantics remain unconfirmed."", ""Weather availability uses archive-object metadata, not original NOAA publication proof."", ""Forecast target is normalized power; no conversion to MW/MWh is justified.""]"
1.0,6cb406839252099daf8bb1e5,1,2026-02-15T18:00:00Z,turbine_2,2026-02-16T12:00:00Z,18,0.42510643073695104,normalized_power,gfs_0p25,2026-02-15T12:00:00Z,wind-power-v1,2026-01-31T18:00:00Z,warning,"[""Uncertainty intervals are not calibrated"", ""Unconfirmed: all source labels use fixed UTC+5 and mark the start of a ten-minute mean; reporting delay is zero and normalization remains unresolved."", ""Source-clock and target normalization semantics remain unconfirmed."", ""Weather availability uses archive-object metadata, not original NOAA publication proof."", ""Forecast target is normalized power; no conversion to MW/MWh is justified.""]"
1.0,6cb406839252099daf8bb1e5,1,2026-02-15T18:00:00Z,turbine_2,2026-02-16T13:00:00Z,19,0.4712083778724411,normalized_power,gfs_0p25,2026-02-15T12:00:00Z,wind-power-v1,2026-01-31T18:00:00Z,warning,"[""Uncertainty intervals are not calibrated"", ""Unconfirmed: all source labels use fixed UTC+5 and mark the start of a ten-minute mean; reporting delay is zero and normalization remains unresolved."", ""Source-clock and target normalization semantics remain unconfirmed."", ""Weather availability uses archive-object metadata, not original NOAA publication proof."", ""Forecast target is normalized power; no conversion to MW/MWh is justified.""]"
1.0,6cb406839252099daf8bb1e5,1,2026-02-15T18:00:00Z,turbine_2,2026-02-16T14:00:00Z,20,0.45704736332369783,normalized_power,gfs_0p25,2026-02-15T12:00:00Z,wind-power-v1,2026-01-31T18:00:00Z,warning,"[""Uncertainty intervals are not calibrated"", ""Unconfirmed: all source labels use fixed UTC+5 and mark the start of a ten-minute mean; reporting delay is zero and normalization remains unresolved."", ""Source-clock and target normalization semantics remain unconfirmed."", ""Weather availability uses archive-object metadata, not original NOAA publication proof."", ""Forecast target is normalized power; no conversion to MW/MWh is justified.""]"
1.0,6cb406839252099daf8bb1e5,1,2026-02-15T18:00:00Z,turbine_2,2026-02-16T15:00:00Z,21,0.581542420870249,normalized_power,gfs_0p25,2026-02-15T12:00:00Z,wind-power-v1,2026-01-31T18:00:00Z,warning,"[""Uncertainty intervals are not calibrated"", ""Unconfirmed: all source labels use fixed UTC+5 and mark the start of a ten-minute mean; reporting delay is zero and normalization remains unresolved."", ""Source-clock and target normalization semantics remain unconfirmed."", ""Weather availability uses archive-object metadata, not original NOAA publication proof."", ""Forecast target is normalized power; no conversion to MW/MWh is justified.""]"
1.0,6cb406839252099daf8bb1e5,1,2026-02-15T18:00:00Z,turbine_2,2026-02-16T16:00:00Z,22,0.6470746282811196,normalized_power,gfs_0p25,2026-02-15T12:00:00Z,wind-power-v1,2026-01-31T18:00:00Z,warning,"[""Uncertainty intervals are not calibrated"", ""Unconfirmed: all source labels use fixed UTC+5 and mark the start of a ten-minute mean; reporting delay is zero and normalization remains unresolved."", ""Source-clock and target normalization semantics remain unconfirmed."", ""Weather availability uses archive-object metadata, not original NOAA publication proof."", ""Forecast target is normalized power; no conversion to MW/MWh is justified.""]"
1.0,6cb406839252099daf8bb1e5,1,2026-02-15T18:00:00Z,turbine_2,2026-02-16T17:00:00Z,23,0.7143329272333744,normalized_power,gfs_0p25,2026-02-15T12:00:00Z,wind-power-v1,2026-01-31T18:00:00Z,warning,"[""Uncertainty intervals are not calibrated"", ""Unconfirmed: all source labels use fixed UTC+5 and mark the start of a ten-minute mean; reporting delay is zero and normalization remains unresolved."", ""Source-clock and target normalization semantics remain unconfirmed."", ""Weather availability uses archive-object metadata, not original NOAA publication proof."", ""Forecast target is normalized power; no conversion to MW/MWh is justified.""]"
1.0,6cb406839252099daf8bb1e5,1,2026-02-15T18:00:00Z,turbine_2,2026-02-16T18:00:00Z,24,0.6105347835030288,normalized_power,gfs_0p25,2026-02-15T12:00:00Z,wind-power-v1,2026-01-31T18:00:00Z,warning,"[""Uncertainty intervals are not calibrated"", ""Unconfirmed: all source labels use fixed UTC+5 and mark the start of a ten-minute mean; reporting delay is zero and normalization remains unresolved."", ""Source-clock and target normalization semantics remain unconfirmed."", ""Weather availability uses archive-object metadata, not original NOAA publication proof."", ""Forecast target is normalized power; no conversion to MW/MWh is justified.""]"
1.0,dd9d74771d55e9dc07f7814e,1,2026-02-16T18:00:00Z,turbine_2,2026-02-16T19:00:00Z,1,0.3689276303912849,normalized_power,gfs_0p25,2026-02-16T12:00:00Z,wind-power-v1,2026-01-31T18:00:00Z,warning,"[""Uncertainty intervals are not calibrated"", ""Unconfirmed: all source labels use fixed UTC+5 and mark the start of a ten-minute mean; reporting delay is zero and normalization remains unresolved."", ""Source-clock and target normalization semantics remain unconfirmed."", ""Weather availability uses archive-object metadata, not original NOAA publication proof."", ""Forecast target is normalized power; no conversion to MW/MWh is justified.""]"
1.0,dd9d74771d55e9dc07f7814e,1,2026-02-16T18:00:00Z,turbine_2,2026-02-16T20:00:00Z,2,0.4586907506674805,normalized_power,gfs_0p25,2026-02-16T12:00:00Z,wind-power-v1,2026-01-31T18:00:00Z,warning,"[""Uncertainty intervals are not calibrated"", ""Unconfirmed: all source labels use fixed UTC+5 and mark the start of a ten-minute mean; reporting delay is zero and normalization remains unresolved."", ""Source-clock and target normalization semantics remain unconfirmed."", ""Weather availability uses archive-object metadata, not original NOAA publication proof."", ""Forecast target is normalized power; no conversion to MW/MWh is justified.""]"
1.0,dd9d74771d55e9dc07f7814e,1,2026-02-16T18:00:00Z,turbine_2,2026-02-16T21:00:00Z,3,0.3081732347048866,normalized_power,gfs_0p25,2026-02-16T12:00:00Z,wind-power-v1,2026-01-31T18:00:00Z,warning,"[""Uncertainty intervals are not calibrated"", ""Unconfirmed: all source labels use fixed UTC+5 and mark the start of a ten-minute mean; reporting delay is zero and normalization remains unresolved."", ""Source-clock and target normalization semantics remain unconfirmed."", ""Weather availability uses archive-object metadata, not original NOAA publication proof."", ""Forecast target is normalized power; no conversion to MW/MWh is justified.""]"
1.0,dd9d74771d55e9dc07f7814e,1,2026-02-16T18:00:00Z,turbine_2,2026-02-16T22:00:00Z,4,0.4562110620118591,normalized_power,gfs_0p25,2026-02-16T12:00:00Z,wind-power-v1,2026-01-31T18:00:00Z,warning,"[""Uncertainty intervals are not calibrated"", ""Unconfirmed: all source labels use fixed UTC+5 and mark the start of a ten-minute mean; reporting delay is zero and normalization remains unresolved."", ""Source-clock and target normalization semantics remain unconfirmed."", ""Weather availability uses archive-object metadata, not original NOAA publication proof."", ""Forecast target is normalized power; no conversion to MW/MWh is justified.""]"
1.0,dd9d74771d55e9dc07f7814e,1,2026-02-16T18:00:00Z,turbine_2,2026-02-16T23:00:00Z,5,0.4285839818802863,normalized_power,gfs_0p25,2026-02-16T12:00:00Z,wind-power-v1,2026-01-31T18:00:00Z,warning,"[""Uncertainty intervals are not calibrated"", ""Unconfirmed: all source labels use fixed UTC+5 and mark the start of a ten-minute mean; reporting delay is zero and normalization remains unresolved."", ""Source-clock and target normalization semantics remain unconfirmed."", ""Weather availability uses archive-object metadata, not original NOAA publication proof."", ""Forecast target is normalized power; no conversion to MW/MWh is justified.""]"
1.0,dd9d74771d55e9dc07f7814e,1,2026-02-16T18:00:00Z,turbine_2,2026-02-17T00:00:00Z,6,0.3651115109186711,normalized_power,gfs_0p25,2026-02-16T12:00:00Z,wind-power-v1,2026-01-31T18:00:00Z,warning,"[""Uncertainty intervals are not calibrated"", ""Unconfirmed: all source labels use fixed UTC+5 and mark the start of a ten-minute mean; reporting delay is zero and normalization remains unresolved."", ""Source-clock and target normalization semantics remain unconfirmed."", ""Weather availability uses archive-object metadata, not original NOAA publication proof."", ""Forecast target is normalized power; no conversion to MW/MWh is justified.""]"
1.0,dd9d74771d55e9dc07f7814e,1,2026-02-16T18:00:00Z,turbine_2,2026-02-17T01:00:00Z,7,0.3073043602581322,normalized_power,gfs_0p25,2026-02-16T12:00:00Z,wind-power-v1,2026-01-31T18:00:00Z,warning,"[""Uncertainty intervals are not calibrated"", ""Unconfirmed: all source labels use fixed UTC+5 and mark the start of a ten-minute mean; reporting delay is zero and normalization remains unresolved."", ""Source-clock and target normalization semantics remain unconfirmed."", ""Weather availability uses archive-object metadata, not original NOAA publication proof."", ""Forecast target is normalized power; no conversion to MW/MWh is justified.""]"
1.0,dd9d74771d55e9dc07f7814e,1,2026-02-16T18:00:00Z,turbine_2,2026-02-17T02:00:00Z,8,0.3539112537140594,normalized_power,gfs_0p25,2026-02-16T12:00:00Z,wind-power-v1,2026-01-31T18:00:00Z,warning,"[""Uncertainty intervals are not calibrated"", ""Unconfirmed: all source labels use fixed UTC+5 and mark the start of a ten-minute mean; reporting delay is zero and normalization remains unresolved."", ""Source-clock and target normalization semantics remain unconfirmed."", ""Weather availability uses archive-object metadata, not original NOAA publication proof."", ""Forecast target is normalized power; no conversion to MW/MWh is justified.""]"
1.0,dd9d74771d55e9dc07f7814e,1,2026-02-16T18:00:00Z,turbine_2,2026-02-17T03:00:00Z,9,0.38931978223505115,normalized_power,gfs_0p25,2026-02-16T12:00:00Z,wind-power-v1,2026-01-31T18:00:00Z,warning,"[""Uncertainty intervals are not calibrated"", ""Unconfirmed: all source labels use fixed UTC+5 and mark the start of a ten-minute mean; reporting delay is zero and normalization remains unresolved."", ""Source-clock and target normalization semantics remain unconfirmed."", ""Weather availability uses archive-object metadata, not original NOAA publication proof."", ""Forecast target is normalized power; no conversion to MW/MWh is justified.""]"
1.0,dd9d74771d55e9dc07f7814e,1,2026-02-16T18:00:00Z,turbine_2,2026-02-17T04:00:00Z,10,0.2562620826337528,normalized_power,gfs_0p25,2026-02-16T12:00:00Z,wind-power-v1,2026-01-31T18:00:00Z,warning,"[""Uncertainty intervals are not calibrated"", ""Unconfirmed: all source labels use fixed UTC+5 and mark the start of a ten-minute mean; reporting delay is zero and normalization remains unresolved."", ""Source-clock and target normalization semantics remain unconfirmed."", ""Weather availability uses archive-object metadata, not original NOAA publication proof."", ""Forecast target is normalized power; no conversion to MW/MWh is justified.""]"
1.0,dd9d74771d55e9dc07f7814e,1,2026-02-16T18:00:00Z,turbine_2,2026-02-17T05:00:00Z,11,0.29756921414831616,normalized_power,gfs_0p25,2026-02-16T12:00:00Z,wind-power-v1,2026-01-31T18:00:00Z,warning,"[""Uncertainty intervals are not calibrated"", ""Unconfirmed: all source labels use fixed UTC+5 and mark the start of a ten-minute mean; reporting delay is zero and normalization remains unresolved."", ""Source-clock and target normalization semantics remain unconfirmed."", ""Weather availability uses archive-object metadata, not original NOAA publication proof."", ""Forecast target is normalized power; no conversion to MW/MWh is justified.""]"
1.0,dd9d74771d55e9dc07f7814e,1,2026-02-16T18:00:00Z,turbine_2,2026-02-17T06:00:00Z,12,0.3329777426693079,normalized_power,gfs_0p25,2026-02-16T12:00:00Z,wind-power-v1,2026-01-31T18:00:00Z,warning,"[""Uncertainty intervals are not calibrated"", ""Unconfirmed: all source labels use fixed UTC+5 and mark the start of a ten-minute mean; reporting delay is zero and normalization remains unresolved."", ""Source-clock and target normalization semantics remain unconfirmed."", ""Weather availability uses archive-object metadata, not original NOAA publication proof."", ""Forecast target is normalized power; no conversion to MW/MWh is justified.""]"
1.0,dd9d74771d55e9dc07f7814e,1,2026-02-16T18:00:00Z,turbine_2,2026-02-17T07:00:00Z,13,0.34827188721751645,normalized_power,gfs_0p25,2026-02-16T12:00:00Z,wind-power-v1,2026-01-31T18:00:00Z,warning,"[""Uncertainty intervals are not calibrated"", ""Unconfirmed: all source labels use fixed UTC+5 and mark the start of a ten-minute mean; reporting delay is zero and normalization remains unresolved."", ""Source-clock and target normalization semantics remain unconfirmed."", ""Weather availability uses archive-object metadata, not original NOAA publication proof."", ""Forecast target is normalized power; no conversion to MW/MWh is justified.""]"
1.0,dd9d74771d55e9dc07f7814e,1,2026-02-16T18:00:00Z,turbine_2,2026-02-17T08:00:00Z,14,0.29584089356798715,normalized_power,gfs_0p25,2026-02-16T12:00:00Z,wind-power-v1,2026-01-31T18:00:00Z,warning,"[""Uncertainty intervals are not calibrated"", ""Unconfirmed: all source labels use fixed UTC+5 and mark the start of a ten-minute mean; reporting delay is zero and normalization remains unresolved."", ""Source-clock and target normalization semantics remain unconfirmed."", ""Weather availability uses archive-object metadata, not original NOAA publication proof."", ""Forecast target is normalized power; no conversion to MW/MWh is justified.""]"
1.0,dd9d74771d55e9dc07f7814e,1,2026-02-16T18:00:00Z,turbine_2,2026-02-17T09:00:00Z,15,0.3418296559531891,normalized_power,gfs_0p25,2026-02-16T12:00:00Z,wind-power-v1,2026-01-31T18:00:00Z,warning,"[""Uncertainty intervals are not calibrated"", ""Unconfirmed: all source labels use fixed UTC+5 and mark the start of a ten-minute mean; reporting delay is zero and normalization remains unresolved."", ""Source-clock and target normalization semantics remain unconfirmed."", ""Weather availability uses archive-object metadata, not original NOAA publication proof."", ""Forecast target is normalized power; no conversion to MW/MWh is justified.""]"
1.0,dd9d74771d55e9dc07f7814e,1,2026-02-16T18:00:00Z,turbine_2,2026-02-17T10:00:00Z,16,0.4145493821446537,normalized_power,gfs_0p25,2026-02-16T12:00:00Z,wind-power-v1,2026-01-31T18:00:00Z,warning,"[""Uncertainty intervals are not calibrated"", ""Unconfirmed: all source labels use fixed UTC+5 and mark the start of a ten-minute mean; reporting delay is zero and normalization remains unresolved."", ""Source-clock and target normalization semantics remain unconfirmed."", ""Weather availability uses archive-object metadata, not original NOAA publication proof."", ""Forecast target is normalized power; no conversion to MW/MWh is justified.""]"
1.0,dd9d74771d55e9dc07f7814e,1,2026-02-16T18:00:00Z,turbine_2,2026-02-17T11:00:00Z,17,0.5060183414717078,normalized_power,gfs_0p25,2026-02-16T12:00:00Z,wind-power-v1,2026-01-31T18:00:00Z,warning,"[""Uncertainty intervals are not calibrated"", ""Unconfirmed: all source labels use fixed UTC+5 and mark the start of a ten-minute mean; reporting delay is zero and normalization remains unresolved."", ""Source-clock and target normalization semantics remain unconfirmed."", ""Weather availability uses archive-object metadata, not original NOAA publication proof."", ""Forecast target is normalized power; no conversion to MW/MWh is justified.""]"
1.0,dd9d74771d55e9dc07f7814e,1,2026-02-16T18:00:00Z,turbine_2,2026-02-17T12:00:00Z,18,0.24505963910047807,normalized_power,gfs_0p25,2026-02-16T12:00:00Z,wind-power-v1,2026-01-31T18:00:00Z,warning,"[""Uncertainty intervals are not calibrated"", ""Unconfirmed: all source labels use fixed UTC+5 and mark the start of a ten-minute mean; reporting delay is zero and normalization remains unresolved."", ""Source-clock and target normalization semantics remain unconfirmed."", ""Weather availability uses archive-object metadata, not original NOAA publication proof."", ""Forecast target is normalized power; no conversion to MW/MWh is justified.""]"
1.0,dd9d74771d55e9dc07f7814e,1,2026-02-16T18:00:00Z,turbine_2,2026-02-17T13:00:00Z,19,0.5987001710346501,normalized_power,gfs_0p25,2026-02-16T12:00:00Z,wind-power-v1,2026-01-31T18:00:00Z,warning,"[""Uncertainty intervals are not calibrated"", ""Unconfirmed: all source labels use fixed UTC+5 and mark the start of a ten-minute mean; reporting delay is zero and normalization remains unresolved."", ""Source-clock and target normalization semantics remain unconfirmed."", ""Weather availability uses archive-object metadata, not original NOAA publication proof."", ""Forecast target is normalized power; no conversion to MW/MWh is justified.""]"
1.0,dd9d74771d55e9dc07f7814e,1,2026-02-16T18:00:00Z,turbine_2,2026-02-17T14:00:00Z,20,0.4675118663392795,normalized_power,gfs_0p25,2026-02-16T12:00:00Z,wind-power-v1,2026-01-31T18:00:00Z,warning,"[""Uncertainty intervals are not calibrated"", ""Unconfirmed: all source labels use fixed UTC+5 and mark the start of a ten-minute mean; reporting delay is zero and normalization remains unresolved."", ""Source-clock and target normalization semantics remain unconfirmed."", ""Weather availability uses archive-object metadata, not original NOAA publication proof."", ""Forecast target is normalized power; no conversion to MW/MWh is justified.""]"
1.0,dd9d74771d55e9dc07f7814e,1,2026-02-16T18:00:00Z,turbine_2,2026-02-17T15:00:00Z,21,0.6260799141940014,normalized_power,gfs_0p25,2026-02-16T12:00:00Z,wind-power-v1,2026-01-31T18:00:00Z,warning,"[""Uncertainty intervals are not calibrated"", ""Unconfirmed: all source labels use fixed UTC+5 and mark the start of a ten-minute mean; reporting delay is zero and normalization remains unresolved."", ""Source-clock and target normalization semantics remain unconfirmed."", ""Weather availability uses archive-object metadata, not original NOAA publication proof."", ""Forecast target is normalized power; no conversion to MW/MWh is justified.""]"
1.0,dd9d74771d55e9dc07f7814e,1,2026-02-16T18:00:00Z,turbine_2,2026-02-17T16:00:00Z,22,0.7965814832452471,normalized_power,gfs_0p25,2026-02-16T12:00:00Z,wind-power-v1,2026-01-31T18:00:00Z,warning,"[""Uncertainty intervals are not calibrated"", ""Unconfirmed: all source labels use fixed UTC+5 and mark the start of a ten-minute mean; reporting delay is zero and normalization remains unresolved."", ""Source-clock and target normalization semantics remain unconfirmed."", ""Weather availability uses archive-object metadata, not original NOAA publication proof."", ""Forecast target is normalized power; no conversion to MW/MWh is justified.""]"
1.0,dd9d74771d55e9dc07f7814e,1,2026-02-16T18:00:00Z,turbine_2,2026-02-17T17:00:00Z,23,0.8079765823237999,normalized_power,gfs_0p25,2026-02-16T12:00:00Z,wind-power-v1,2026-01-31T18:00:00Z,warning,"[""Uncertainty intervals are not calibrated"", ""Unconfirmed: all source labels use fixed UTC+5 and mark the start of a ten-minute mean; reporting delay is zero and normalization remains unresolved."", ""Source-clock and target normalization semantics remain unconfirmed."", ""Weather availability uses archive-object metadata, not original NOAA publication proof."", ""Forecast target is normalized power; no conversion to MW/MWh is justified.""]"
1.0,dd9d74771d55e9dc07f7814e,1,2026-02-16T18:00:00Z,turbine_2,2026-02-17T18:00:00Z,24,0.6285727315987355,normalized_power,gfs_0p25,2026-02-16T12:00:00Z,wind-power-v1,2026-01-31T18:00:00Z,warning,"[""Uncertainty intervals are not calibrated"", ""Unconfirmed: all source labels use fixed UTC+5 and mark the start of a ten-minute mean; reporting delay is zero and normalization remains unresolved."", ""Source-clock and target normalization semantics remain unconfirmed."", ""Weather availability uses archive-object metadata, not original NOAA publication proof."", ""Forecast target is normalized power; no conversion to MW/MWh is justified.""]"
1.0,2f701c66bacd40e13ac03b76,1,2026-02-17T18:00:00Z,turbine_2,2026-02-17T19:00:00Z,1,0.5153010593896836,normalized_power,gfs_0p25,2026-02-17T12:00:00Z,wind-power-v1,2026-01-31T18:00:00Z,warning,"[""Uncertainty intervals are not calibrated"", ""Unconfirmed: all source labels use fixed UTC+5 and mark the start of a ten-minute mean; reporting delay is zero and normalization remains unresolved."", ""Source-clock and target normalization semantics remain unconfirmed."", ""Weather availability uses archive-object metadata, not original NOAA publication proof."", ""Forecast target is normalized power; no conversion to MW/MWh is justified.""]"
1.0,2f701c66bacd40e13ac03b76,1,2026-02-17T18:00:00Z,turbine_2,2026-02-17T20:00:00Z,2,0.5888798647058857,normalized_power,gfs_0p25,2026-02-17T12:00:00Z,wind-power-v1,2026-01-31T18:00:00Z,warning,"[""Uncertainty intervals are not calibrated"", ""Unconfirmed: all source labels use fixed UTC+5 and mark the start of a ten-minute mean; reporting delay is zero and normalization remains unresolved."", ""Source-clock and target normalization semantics remain unconfirmed."", ""Weather availability uses archive-object metadata, not original NOAA publication proof."", ""Forecast target is normalized power; no conversion to MW/MWh is justified.""]"
1.0,2f701c66bacd40e13ac03b76,1,2026-02-17T18:00:00Z,turbine_2,2026-02-17T21:00:00Z,3,0.5340754003657969,normalized_power,gfs_0p25,2026-02-17T12:00:00Z,wind-power-v1,2026-01-31T18:00:00Z,warning,"[""Uncertainty intervals are not calibrated"", ""Unconfirmed: all source labels use fixed UTC+5 and mark the start of a ten-minute mean; reporting delay is zero and normalization remains unresolved."", ""Source-clock and target normalization semantics remain unconfirmed."", ""Weather availability uses archive-object metadata, not original NOAA publication proof."", ""Forecast target is normalized power; no conversion to MW/MWh is justified.""]"
1.0,2f701c66bacd40e13ac03b76,1,2026-02-17T18:00:00Z,turbine_2,2026-02-17T22:00:00Z,4,0.6182514079650047,normalized_power,gfs_0p25,2026-02-17T12:00:00Z,wind-power-v1,2026-01-31T18:00:00Z,warning,"[""Uncertainty intervals are not calibrated"", ""Unconfirmed: all source labels use fixed UTC+5 and mark the start of a ten-minute mean; reporting delay is zero and normalization remains unresolved."", ""Source-clock and target normalization semantics remain unconfirmed."", ""Weather availability uses archive-object metadata, not original NOAA publication proof."", ""Forecast target is normalized power; no conversion to MW/MWh is justified.""]"
1.0,2f701c66bacd40e13ac03b76,1,2026-02-17T18:00:00Z,turbine_2,2026-02-17T23:00:00Z,5,0.6362751599827617,normalized_power,gfs_0p25,2026-02-17T12:00:00Z,wind-power-v1,2026-01-31T18:00:00Z,warning,"[""Uncertainty intervals are not calibrated"", ""Unconfirmed: all source labels use fixed UTC+5 and mark the start of a ten-minute mean; reporting delay is zero and normalization remains unresolved."", ""Source-clock and target normalization semantics remain unconfirmed."", ""Weather availability uses archive-object metadata, not original NOAA publication proof."", ""Forecast target is normalized power; no conversion to MW/MWh is justified.""]"
1.0,2f701c66bacd40e13ac03b76,1,2026-02-17T18:00:00Z,turbine_2,2026-02-18T00:00:00Z,6,0.5814432391427538,normalized_power,gfs_0p25,2026-02-17T12:00:00Z,wind-power-v1,2026-01-31T18:00:00Z,warning,"[""Uncertainty intervals are not calibrated"", ""Unconfirmed: all source labels use fixed UTC+5 and mark the start of a ten-minute mean; reporting delay is zero and normalization remains unresolved."", ""Source-clock and target normalization semantics remain unconfirmed."", ""Weather availability uses archive-object metadata, not original NOAA publication proof."", ""Forecast target is normalized power; no conversion to MW/MWh is justified.""]"
1.0,2f701c66bacd40e13ac03b76,1,2026-02-17T18:00:00Z,turbine_2,2026-02-18T01:00:00Z,7,0.5666910974444778,normalized_power,gfs_0p25,2026-02-17T12:00:00Z,wind-power-v1,2026-01-31T18:00:00Z,warning,"[""Uncertainty intervals are not calibrated"", ""Unconfirmed: all source labels use fixed UTC+5 and mark the start of a ten-minute mean; reporting delay is zero and normalization remains unresolved."", ""Source-clock and target normalization semantics remain unconfirmed."", ""Weather availability uses archive-object metadata, not original NOAA publication proof."", ""Forecast target is normalized power; no conversion to MW/MWh is justified.""]"
1.0,2f701c66bacd40e13ac03b76,1,2026-02-17T18:00:00Z,turbine_2,2026-02-18T02:00:00Z,8,0.6478145026615599,normalized_power,gfs_0p25,2026-02-17T12:00:00Z,wind-power-v1,2026-01-31T18:00:00Z,warning,"[""Uncertainty intervals are not calibrated"", ""Unconfirmed: all source labels use fixed UTC+5 and mark the start of a ten-minute mean; reporting delay is zero and normalization remains unresolved."", ""Source-clock and target normalization semantics remain unconfirmed."", ""Weather availability uses archive-object metadata, not original NOAA publication proof."", ""Forecast target is normalized power; no conversion to MW/MWh is justified.""]"
1.0,2f701c66bacd40e13ac03b76,1,2026-02-17T18:00:00Z,turbine_2,2026-02-18T03:00:00Z,9,0.557546596821185,normalized_power,gfs_0p25,2026-02-17T12:00:00Z,wind-power-v1,2026-01-31T18:00:00Z,warning,"[""Uncertainty intervals are not calibrated"", ""Unconfirmed: all source labels use fixed UTC+5 and mark the start of a ten-minute mean; reporting delay is zero and normalization remains unresolved."", ""Source-clock and target normalization semantics remain unconfirmed."", ""Weather availability uses archive-object metadata, not original NOAA publication proof."", ""Forecast target is normalized power; no conversion to MW/MWh is justified.""]"
1.0,2f701c66bacd40e13ac03b76,1,2026-02-17T18:00:00Z,turbine_2,2026-02-18T04:00:00Z,10,0.6929799737141943,normalized_power,gfs_0p25,2026-02-17T12:00:00Z,wind-power-v1,2026-01-31T18:00:00Z,warning,"[""Uncertainty intervals are not calibrated"", ""Unconfirmed: all source labels use fixed UTC+5 and mark the start of a ten-minute mean; reporting delay is zero and normalization remains unresolved."", ""Source-clock and target normalization semantics remain unconfirmed."", ""Weather availability uses archive-object metadata, not original NOAA publication proof."", ""Forecast target is normalized power; no conversion to MW/MWh is justified.""]"
1.0,2f701c66bacd40e13ac03b76,1,2026-02-17T18:00:00Z,turbine_2,2026-02-18T05:00:00Z,11,0.8160395733593504,normalized_power,gfs_0p25,2026-02-17T12:00:00Z,wind-power-v1,2026-01-31T18:00:00Z,warning,"[""Uncertainty intervals are not calibrated"", ""Unconfirmed: all source labels use fixed UTC+5 and mark the start of a ten-minute mean; reporting delay is zero and normalization remains unresolved."", ""Source-clock and target normalization semantics remain unconfirmed."", ""Weather availability uses archive-object metadata, not original NOAA publication proof."", ""Forecast target is normalized power; no conversion to MW/MWh is justified.""]"
1.0,2f701c66bacd40e13ac03b76,1,2026-02-17T18:00:00Z,turbine_2,2026-02-18T06:00:00Z,12,0.788906614404307,normalized_power,gfs_0p25,2026-02-17T12:00:00Z,wind-power-v1,2026-01-31T18:00:00Z,warning,"[""Uncertainty intervals are not calibrated"", ""Unconfirmed: all source labels use fixed UTC+5 and mark the start of a ten-minute mean; reporting delay is zero and normalization remains unresolved."", ""Source-clock and target normalization semantics remain unconfirmed."", ""Weather availability uses archive-object metadata, not original NOAA publication proof."", ""Forecast target is normalized power; no conversion to MW/MWh is justified.""]"
1.0,2f701c66bacd40e13ac03b76,1,2026-02-17T18:00:00Z,turbine_2,2026-02-18T07:00:00Z,13,0.7862290998573358,normalized_power,gfs_0p25,2026-02-17T12:00:00Z,wind-power-v1,2026-01-31T18:00:00Z,warning,"[""Uncertainty intervals are not calibrated"", ""Unconfirmed: all source labels use fixed UTC+5 and mark the start of a ten-minute mean; reporting delay is zero and normalization remains unresolved."", ""Source-clock and target normalization semantics remain unconfirmed."", ""Weather availability uses archive-object metadata, not original NOAA publication proof."", ""Forecast target is normalized power; no conversion to MW/MWh is justified.""]"
1.0,2f701c66bacd40e13ac03b76,1,2026-02-17T18:00:00Z,turbine_2,2026-02-18T08:00:00Z,14,0.80474707799042,normalized_power,gfs_0p25,2026-02-17T12:00:00Z,wind-power-v1,2026-01-31T18:00:00Z,warning,"[""Uncertainty intervals are not calibrated"", ""Unconfirmed: all source labels use fixed UTC+5 and mark the start of a ten-minute mean; reporting delay is zero and normalization remains unresolved."", ""Source-clock and target normalization semantics remain unconfirmed."", ""Weather availability uses archive-object metadata, not original NOAA publication proof."", ""Forecast target is normalized power; no conversion to MW/MWh is justified.""]"
1.0,2f701c66bacd40e13ac03b76,1,2026-02-17T18:00:00Z,turbine_2,2026-02-18T09:00:00Z,15,0.7862290998573358,normalized_power,gfs_0p25,2026-02-17T12:00:00Z,wind-power-v1,2026-01-31T18:00:00Z,warning,"[""Uncertainty intervals are not calibrated"", ""Unconfirmed: all source labels use fixed UTC+5 and mark the start of a ten-minute mean; reporting delay is zero and normalization remains unresolved."", ""Source-clock and target normalization semantics remain unconfirmed."", ""Weather availability uses archive-object metadata, not original NOAA publication proof."", ""Forecast target is normalized power; no conversion to MW/MWh is justified.""]"
1.0,2f701c66bacd40e13ac03b76,1,2026-02-17T18:00:00Z,turbine_2,2026-02-18T10:00:00Z,16,0.7862290998573358,normalized_power,gfs_0p25,2026-02-17T12:00:00Z,wind-power-v1,2026-01-31T18:00:00Z,warning,"[""Uncertainty intervals are not calibrated"", ""Unconfirmed: all source labels use fixed UTC+5 and mark the start of a ten-minute mean; reporting delay is zero and normalization remains unresolved."", ""Source-clock and target normalization semantics remain unconfirmed."", ""Weather availability uses archive-object metadata, not original NOAA publication proof."", ""Forecast target is normalized power; no conversion to MW/MWh is justified.""]"
1.0,2f701c66bacd40e13ac03b76,1,2026-02-17T18:00:00Z,turbine_2,2026-02-18T11:00:00Z,17,0.7516903277814679,normalized_power,gfs_0p25,2026-02-17T12:00:00Z,wind-power-v1,2026-01-31T18:00:00Z,warning,"[""Uncertainty intervals are not calibrated"", ""Unconfirmed: all source labels use fixed UTC+5 and mark the start of a ten-minute mean; reporting delay is zero and normalization remains unresolved."", ""Source-clock and target normalization semantics remain unconfirmed."", ""Weather availability uses archive-object metadata, not original NOAA publication proof."", ""Forecast target is normalized power; no conversion to MW/MWh is justified.""]"
1.0,2f701c66bacd40e13ac03b76,1,2026-02-17T18:00:00Z,turbine_2,2026-02-18T12:00:00Z,18,0.6312978895091259,normalized_power,gfs_0p25,2026-02-17T12:00:00Z,wind-power-v1,2026-01-31T18:00:00Z,warning,"[""Uncertainty intervals are not calibrated"", ""Unconfirmed: all source labels use fixed UTC+5 and mark the start of a ten-minute mean; reporting delay is zero and normalization remains unresolved."", ""Source-clock and target normalization semantics remain unconfirmed."", ""Weather availability uses archive-object metadata, not original NOAA publication proof."", ""Forecast target is normalized power; no conversion to MW/MWh is justified.""]"
1.0,2f701c66bacd40e13ac03b76,1,2026-02-17T18:00:00Z,turbine_2,2026-02-18T13:00:00Z,19,0.5510169514415189,normalized_power,gfs_0p25,2026-02-17T12:00:00Z,wind-power-v1,2026-01-31T18:00:00Z,warning,"[""Uncertainty intervals are not calibrated"", ""Unconfirmed: all source labels use fixed UTC+5 and mark the start of a ten-minute mean; reporting delay is zero and normalization remains unresolved."", ""Source-clock and target normalization semantics remain unconfirmed."", ""Weather availability uses archive-object metadata, not original NOAA publication proof."", ""Forecast target is normalized power; no conversion to MW/MWh is justified.""]"
1.0,2f701c66bacd40e13ac03b76,1,2026-02-17T18:00:00Z,turbine_2,2026-02-18T14:00:00Z,20,0.6597104612153462,normalized_power,gfs_0p25,2026-02-17T12:00:00Z,wind-power-v1,2026-01-31T18:00:00Z,warning,"[""Uncertainty intervals are not calibrated"", ""Unconfirmed: all source labels use fixed UTC+5 and mark the start of a ten-minute mean; reporting delay is zero and normalization remains unresolved."", ""Source-clock and target normalization semantics remain unconfirmed."", ""Weather availability uses archive-object metadata, not original NOAA publication proof."", ""Forecast target is normalized power; no conversion to MW/MWh is justified.""]"
1.0,2f701c66bacd40e13ac03b76,1,2026-02-17T18:00:00Z,turbine_2,2026-02-18T15:00:00Z,21,0.5517478583675863,normalized_power,gfs_0p25,2026-02-17T12:00:00Z,wind-power-v1,2026-01-31T18:00:00Z,warning,"[""Uncertainty intervals are not calibrated"", ""Unconfirmed: all source labels use fixed UTC+5 and mark the start of a ten-minute mean; reporting delay is zero and normalization remains unresolved."", ""Source-clock and target normalization semantics remain unconfirmed."", ""Weather availability uses archive-object metadata, not original NOAA publication proof."", ""Forecast target is normalized power; no conversion to MW/MWh is justified.""]"
1.0,2f701c66bacd40e13ac03b76,1,2026-02-17T18:00:00Z,turbine_2,2026-02-18T16:00:00Z,22,0.6307761582416919,normalized_power,gfs_0p25,2026-02-17T12:00:00Z,wind-power-v1,2026-01-31T18:00:00Z,warning,"[""Uncertainty intervals are not calibrated"", ""Unconfirmed: all source labels use fixed UTC+5 and mark the start of a ten-minute mean; reporting delay is zero and normalization remains unresolved."", ""Source-clock and target normalization semantics remain unconfirmed."", ""Weather availability uses archive-object metadata, not original NOAA publication proof."", ""Forecast target is normalized power; no conversion to MW/MWh is justified.""]"
1.0,2f701c66bacd40e13ac03b76,1,2026-02-17T18:00:00Z,turbine_2,2026-02-18T17:00:00Z,23,0.6537228202956042,normalized_power,gfs_0p25,2026-02-17T12:00:00Z,wind-power-v1,2026-01-31T18:00:00Z,warning,"[""Uncertainty intervals are not calibrated"", ""Unconfirmed: all source labels use fixed UTC+5 and mark the start of a ten-minute mean; reporting delay is zero and normalization remains unresolved."", ""Source-clock and target normalization semantics remain unconfirmed."", ""Weather availability uses archive-object metadata, not original NOAA publication proof."", ""Forecast target is normalized power; no conversion to MW/MWh is justified.""]"
1.0,2f701c66bacd40e13ac03b76,1,2026-02-17T18:00:00Z,turbine_2,2026-02-18T18:00:00Z,24,0.6406399930822421,normalized_power,gfs_0p25,2026-02-17T12:00:00Z,wind-power-v1,2026-01-31T18:00:00Z,warning,"[""Uncertainty intervals are not calibrated"", ""Unconfirmed: all source labels use fixed UTC+5 and mark the start of a ten-minute mean; reporting delay is zero and normalization remains unresolved."", ""Source-clock and target normalization semantics remain unconfirmed."", ""Weather availability uses archive-object metadata, not original NOAA publication proof."", ""Forecast target is normalized power; no conversion to MW/MWh is justified.""]"
1.0,185b96cf51dccd818c0bbf77,1,2026-02-18T18:00:00Z,turbine_2,2026-02-18T19:00:00Z,1,0.7946208558892457,normalized_power,gfs_0p25,2026-02-18T12:00:00Z,wind-power-v1,2026-01-31T18:00:00Z,warning,"[""Uncertainty intervals are not calibrated"", ""Unconfirmed: all source labels use fixed UTC+5 and mark the start of a ten-minute mean; reporting delay is zero and normalization remains unresolved."", ""Source-clock and target normalization semantics remain unconfirmed."", ""Weather availability uses archive-object metadata, not original NOAA publication proof."", ""Forecast target is normalized power; no conversion to MW/MWh is justified.""]"
1.0,185b96cf51dccd818c0bbf77,1,2026-02-18T18:00:00Z,turbine_2,2026-02-18T20:00:00Z,2,0.6045891966640395,normalized_power,gfs_0p25,2026-02-18T12:00:00Z,wind-power-v1,2026-01-31T18:00:00Z,warning,"[""Uncertainty intervals are not calibrated"", ""Unconfirmed: all source labels use fixed UTC+5 and mark the start of a ten-minute mean; reporting delay is zero and normalization remains unresolved."", ""Source-clock and target normalization semantics remain unconfirmed."", ""Weather availability uses archive-object metadata, not original NOAA publication proof."", ""Forecast target is normalized power; no conversion to MW/MWh is justified.""]"
1.0,185b96cf51dccd818c0bbf77,1,2026-02-18T18:00:00Z,turbine_2,2026-02-18T21:00:00Z,3,0.5777001918021886,normalized_power,gfs_0p25,2026-02-18T12:00:00Z,wind-power-v1,2026-01-31T18:00:00Z,warning,"[""Uncertainty intervals are not calibrated"", ""Unconfirmed: all source labels use fixed UTC+5 and mark the start of a ten-minute mean; reporting delay is zero and normalization remains unresolved."", ""Source-clock and target normalization semantics remain unconfirmed."", ""Weather availability uses archive-object metadata, not original NOAA publication proof."", ""Forecast target is normalized power; no conversion to MW/MWh is justified.""]"
1.0,185b96cf51dccd818c0bbf77,1,2026-02-18T18:00:00Z,turbine_2,2026-02-18T22:00:00Z,4,0.3444798645304481,normalized_power,gfs_0p25,2026-02-18T12:00:00Z,wind-power-v1,2026-01-31T18:00:00Z,warning,"[""Uncertainty intervals are not calibrated"", ""Unconfirmed: all source labels use fixed UTC+5 and mark the start of a ten-minute mean; reporting delay is zero and normalization remains unresolved."", ""Source-clock and target normalization semantics remain unconfirmed."", ""Weather availability uses archive-object metadata, not original NOAA publication proof."", ""Forecast target is normalized power; no conversion to MW/MWh is justified.""]"
1.0,185b96cf51dccd818c0bbf77,1,2026-02-18T18:00:00Z,turbine_2,2026-02-18T23:00:00Z,5,0.3758042689163621,normalized_power,gfs_0p25,2026-02-18T12:00:00Z,wind-power-v1,2026-01-31T18:00:00Z,warning,"[""Uncertainty intervals are not calibrated"", ""Unconfirmed: all source labels use fixed UTC+5 and mark the start of a ten-minute mean; reporting delay is zero and normalization remains unresolved."", ""Source-clock and target normalization semantics remain unconfirmed."", ""Weather availability uses archive-object metadata, not original NOAA publication proof."", ""Forecast target is normalized power; no conversion to MW/MWh is justified.""]"
1.0,185b96cf51dccd818c0bbf77,1,2026-02-18T18:00:00Z,turbine_2,2026-02-19T00:00:00Z,6,0.29058664971668663,normalized_power,gfs_0p25,2026-02-18T12:00:00Z,wind-power-v1,2026-01-31T18:00:00Z,warning,"[""Uncertainty intervals are not calibrated"", ""Unconfirmed: all source labels use fixed UTC+5 and mark the start of a ten-minute mean; reporting delay is zero and normalization remains unresolved."", ""Source-clock and target normalization semantics remain unconfirmed."", ""Weather availability uses archive-object metadata, not original NOAA publication proof."", ""Forecast target is normalized power; no conversion to MW/MWh is justified.""]"
1.0,185b96cf51dccd818c0bbf77,1,2026-02-18T18:00:00Z,turbine_2,2026-02-19T01:00:00Z,7,0.29058664971668663,normalized_power,gfs_0p25,2026-02-18T12:00:00Z,wind-power-v1,2026-01-31T18:00:00Z,warning,"[""Uncertainty intervals are not calibrated"", ""Unconfirmed: all source labels use fixed UTC+5 and mark the start of a ten-minute mean; reporting delay is zero and normalization remains unresolved."", ""Source-clock and target normalization semantics remain unconfirmed."", ""Weather availability uses archive-object metadata, not original NOAA publication proof."", ""Forecast target is normalized power; no conversion to MW/MWh is justified.""]"
1.0,185b96cf51dccd818c0bbf77,1,2026-02-18T18:00:00Z,turbine_2,2026-02-19T02:00:00Z,8,0.29725782837522335,normalized_power,gfs_0p25,2026-02-18T12:00:00Z,wind-power-v1,2026-01-31T18:00:00Z,warning,"[""Uncertainty intervals are not calibrated"", ""Unconfirmed: all source labels use fixed UTC+5 and mark the start of a ten-minute mean; reporting delay is zero and normalization remains unresolved."", ""Source-clock and target normalization semantics remain unconfirmed."", ""Weather availability uses archive-object metadata, not original NOAA publication proof."", ""Forecast target is normalized power; no conversion to MW/MWh is justified.""]"
1.0,185b96cf51dccd818c0bbf77,1,2026-02-18T18:00:00Z,turbine_2,2026-02-19T03:00:00Z,9,0.40418114997325594,normalized_power,gfs_0p25,2026-02-18T12:00:00Z,wind-power-v1,2026-01-31T18:00:00Z,warning,"[""Uncertainty intervals are not calibrated"", ""Unconfirmed: all source labels use fixed UTC+5 and mark the start of a ten-minute mean; reporting delay is zero and normalization remains unresolved."", ""Source-clock and target normalization semantics remain unconfirmed."", ""Weather availability uses archive-object metadata, not original NOAA publication proof."", ""Forecast target is normalized power; no conversion to MW/MWh is justified.""]"
1.0,185b96cf51dccd818c0bbf77,1,2026-02-18T18:00:00Z,turbine_2,2026-02-19T04:00:00Z,10,0.10311117900568395,normalized_power,gfs_0p25,2026-02-18T12:00:00Z,wind-power-v1,2026-01-31T18:00:00Z,warning,"[""Uncertainty intervals are not calibrated"", ""Unconfirmed: all source labels use fixed UTC+5 and mark the start of a ten-minute mean; reporting delay is zero and normalization remains unresolved."", ""Source-clock and target normalization semantics remain unconfirmed."", ""Weather availability uses archive-object metadata, not original NOAA publication proof."", ""Forecast target is normalized power; no conversion to MW/MWh is justified.""]"
1.0,185b96cf51dccd818c0bbf77,1,2026-02-18T18:00:00Z,turbine_2,2026-02-19T05:00:00Z,11,0.13545113593711663,normalized_power,gfs_0p25,2026-02-18T12:00:00Z,wind-power-v1,2026-01-31T18:00:00Z,warning,"[""Uncertainty intervals are not calibrated"", ""Unconfirmed: all source labels use fixed UTC+5 and mark the start of a ten-minute mean; reporting delay is zero and normalization remains unresolved."", ""Source-clock and target normalization semantics remain unconfirmed."", ""Weather availability uses archive-object metadata, not original NOAA publication proof."", ""Forecast target is normalized power; no conversion to MW/MWh is justified.""]"
1.0,185b96cf51dccd818c0bbf77,1,2026-02-18T18:00:00Z,turbine_2,2026-02-19T06:00:00Z,12,0.13280668144045343,normalized_power,gfs_0p25,2026-02-18T12:00:00Z,wind-power-v1,2026-01-31T18:00:00Z,warning,"[""Uncertainty intervals are not calibrated"", ""Unconfirmed: all source labels use fixed UTC+5 and mark the start of a ten-minute mean; reporting delay is zero and normalization remains unresolved."", ""Source-clock and target normalization semantics remain unconfirmed."", ""Weather availability uses archive-object metadata, not original NOAA publication proof."", ""Forecast target is normalized power; no conversion to MW/MWh is justified.""]"
1.0,185b96cf51dccd818c0bbf77,1,2026-02-18T18:00:00Z,turbine_2,2026-02-19T07:00:00Z,13,0.2167664249278486,normalized_power,gfs_0p25,2026-02-18T12:00:00Z,wind-power-v1,2026-01-31T18:00:00Z,warning,"[""Uncertainty intervals are not calibrated"", ""Unconfirmed: all source labels use fixed UTC+5 and mark the start of a ten-minute mean; reporting delay is zero and normalization remains unresolved."", ""Source-clock and target normalization semantics remain unconfirmed."", ""Weather availability uses archive-object metadata, not original NOAA publication proof."", ""Forecast target is normalized power; no conversion to MW/MWh is justified.""]"
1.0,185b96cf51dccd818c0bbf77,1,2026-02-18T18:00:00Z,turbine_2,2026-02-19T08:00:00Z,14,0.2009925471997589,normalized_power,gfs_0p25,2026-02-18T12:00:00Z,wind-power-v1,2026-01-31T18:00:00Z,warning,"[""Uncertainty intervals are not calibrated"", ""Unconfirmed: all source labels use fixed UTC+5 and mark the start of a ten-minute mean; reporting delay is zero and normalization remains unresolved."", ""Source-clock and target normalization semantics remain unconfirmed."", ""Weather availability uses archive-object metadata, not original NOAA publication proof."", ""Forecast target is normalized power; no conversion to MW/MWh is justified.""]"
1.0,185b96cf51dccd818c0bbf77,1,2026-02-18T18:00:00Z,turbine_2,2026-02-19T09:00:00Z,15,0.2009925471997589,normalized_power,gfs_0p25,2026-02-18T12:00:00Z,wind-power-v1,2026-01-31T18:00:00Z,warning,"[""Uncertainty intervals are not calibrated"", ""Unconfirmed: all source labels use fixed UTC+5 and mark the start of a ten-minute mean; reporting delay is zero and normalization remains unresolved."", ""Source-clock and target normalization semantics remain unconfirmed."", ""Weather availability uses archive-object metadata, not original NOAA publication proof."", ""Forecast target is normalized power; no conversion to MW/MWh is justified.""]"
1.0,185b96cf51dccd818c0bbf77,1,2026-02-18T18:00:00Z,turbine_2,2026-02-19T10:00:00Z,16,0.04113235578807719,normalized_power,gfs_0p25,2026-02-18T12:00:00Z,wind-power-v1,2026-01-31T18:00:00Z,warning,"[""Uncertainty intervals are not calibrated"", ""Unconfirmed: all source labels use fixed UTC+5 and mark the start of a ten-minute mean; reporting delay is zero and normalization remains unresolved."", ""Source-clock and target normalization semantics remain unconfirmed."", ""Weather availability uses archive-object metadata, not original NOAA publication proof."", ""Forecast target is normalized power; no conversion to MW/MWh is justified.""]"
1.0,185b96cf51dccd818c0bbf77,1,2026-02-18T18:00:00Z,turbine_2,2026-02-19T11:00:00Z,17,0.044564264186105845,normalized_power,gfs_0p25,2026-02-18T12:00:00Z,wind-power-v1,2026-01-31T18:00:00Z,warning,"[""Uncertainty intervals are not calibrated"", ""Unconfirmed: all source labels use fixed UTC+5 and mark the start of a ten-minute mean; reporting delay is zero and normalization remains unresolved."", ""Source-clock and target normalization semantics remain unconfirmed."", ""Weather availability uses archive-object metadata, not original NOAA publication proof."", ""Forecast target is normalized power; no conversion to MW/MWh is justified.""]"
1.0,185b96cf51dccd818c0bbf77,1,2026-02-18T18:00:00Z,turbine_2,2026-02-19T12:00:00Z,18,0.030920149984223943,normalized_power,gfs_0p25,2026-02-18T12:00:00Z,wind-power-v1,2026-01-31T18:00:00Z,warning,"[""Uncertainty intervals are not calibrated"", ""Unconfirmed: all source labels use fixed UTC+5 and mark the start of a ten-minute mean; reporting delay is zero and normalization remains unresolved."", ""Source-clock and target normalization semantics remain unconfirmed."", ""Weather availability uses archive-object metadata, not original NOAA publication proof."", ""Forecast target is normalized power; no conversion to MW/MWh is justified.""]"
1.0,185b96cf51dccd818c0bbf77,1,2026-02-18T18:00:00Z,turbine_2,2026-02-19T13:00:00Z,19,0.030102622031763036,normalized_power,gfs_0p25,2026-02-18T12:00:00Z,wind-power-v1,2026-01-31T18:00:00Z,warning,"[""Uncertainty intervals are not calibrated"", ""Unconfirmed: all source labels use fixed UTC+5 and mark the start of a ten-minute mean; reporting delay is zero and normalization remains unresolved."", ""Source-clock and target normalization semantics remain unconfirmed."", ""Weather availability uses archive-object metadata, not original NOAA publication proof."", ""Forecast target is normalized power; no conversion to MW/MWh is justified.""]"
1.0,185b96cf51dccd818c0bbf77,1,2026-02-18T18:00:00Z,turbine_2,2026-02-19T14:00:00Z,20,0.033267119698824,normalized_power,gfs_0p25,2026-02-18T12:00:00Z,wind-power-v1,2026-01-31T18:00:00Z,warning,"[""Uncertainty intervals are not calibrated"", ""Unconfirmed: all source labels use fixed UTC+5 and mark the start of a ten-minute mean; reporting delay is zero and normalization remains unresolved."", ""Source-clock and target normalization semantics remain unconfirmed."", ""Weather availability uses archive-object metadata, not original NOAA publication proof."", ""Forecast target is normalized power; no conversion to MW/MWh is justified.""]"
1.0,185b96cf51dccd818c0bbf77,1,2026-02-18T18:00:00Z,turbine_2,2026-02-19T15:00:00Z,21,0.030920149984223943,normalized_power,gfs_0p25,2026-02-18T12:00:00Z,wind-power-v1,2026-01-31T18:00:00Z,warning,"[""Uncertainty intervals are not calibrated"", ""Unconfirmed: all source labels use fixed UTC+5 and mark the start of a ten-minute mean; reporting delay is zero and normalization remains unresolved."", ""Source-clock and target normalization semantics remain unconfirmed."", ""Weather availability uses archive-object metadata, not original NOAA publication proof."", ""Forecast target is normalized power; no conversion to MW/MWh is justified.""]"
1.0,185b96cf51dccd818c0bbf77,1,2026-02-18T18:00:00Z,turbine_2,2026-02-19T16:00:00Z,22,0.06316660677846965,normalized_power,gfs_0p25,2026-02-18T12:00:00Z,wind-power-v1,2026-01-31T18:00:00Z,warning,"[""Uncertainty intervals are not calibrated"", ""Unconfirmed: all source labels use fixed UTC+5 and mark the start of a ten-minute mean; reporting delay is zero and normalization remains unresolved."", ""Source-clock and target normalization semantics remain unconfirmed."", ""Weather availability uses archive-object metadata, not original NOAA publication proof."", ""Forecast target is normalized power; no conversion to MW/MWh is justified.""]"
1.0,185b96cf51dccd818c0bbf77,1,2026-02-18T18:00:00Z,turbine_2,2026-02-19T17:00:00Z,23,0.0527729217621371,normalized_power,gfs_0p25,2026-02-18T12:00:00Z,wind-power-v1,2026-01-31T18:00:00Z,warning,"[""Uncertainty intervals are not calibrated"", ""Unconfirmed: all source labels use fixed UTC+5 and mark the start of a ten-minute mean; reporting delay is zero and normalization remains unresolved."", ""Source-clock and target normalization semantics remain unconfirmed."", ""Weather availability uses archive-object metadata, not original NOAA publication proof."", ""Forecast target is normalized power; no conversion to MW/MWh is justified.""]"
1.0,185b96cf51dccd818c0bbf77,1,2026-02-18T18:00:00Z,turbine_2,2026-02-19T18:00:00Z,24,0.2136705879585943,normalized_power,gfs_0p25,2026-02-18T12:00:00Z,wind-power-v1,2026-01-31T18:00:00Z,warning,"[""Uncertainty intervals are not calibrated"", ""Unconfirmed: all source labels use fixed UTC+5 and mark the start of a ten-minute mean; reporting delay is zero and normalization remains unresolved."", ""Source-clock and target normalization semantics remain unconfirmed."", ""Weather availability uses archive-object metadata, not original NOAA publication proof."", ""Forecast target is normalized power; no conversion to MW/MWh is justified.""]"
1.0,92a0d250fde030eeb07e00ea,1,2026-02-19T18:00:00Z,turbine_2,2026-02-19T19:00:00Z,1,0.06316660677846965,normalized_power,gfs_0p25,2026-02-19T12:00:00Z,wind-power-v1,2026-01-31T18:00:00Z,warning,"[""Uncertainty intervals are not calibrated"", ""Unconfirmed: all source labels use fixed UTC+5 and mark the start of a ten-minute mean; reporting delay is zero and normalization remains unresolved."", ""Source-clock and target normalization semantics remain unconfirmed."", ""Weather availability uses archive-object metadata, not original NOAA publication proof."", ""Forecast target is normalized power; no conversion to MW/MWh is justified.""]"
1.0,92a0d250fde030eeb07e00ea,1,2026-02-19T18:00:00Z,turbine_2,2026-02-19T20:00:00Z,2,0.030920149984223943,normalized_power,gfs_0p25,2026-02-19T12:00:00Z,wind-power-v1,2026-01-31T18:00:00Z,warning,"[""Uncertainty intervals are not calibrated"", ""Unconfirmed: all source labels use fixed UTC+5 and mark the start of a ten-minute mean; reporting delay is zero and normalization remains unresolved."", ""Source-clock and target normalization semantics remain unconfirmed."", ""Weather availability uses archive-object metadata, not original NOAA publication proof."", ""Forecast target is normalized power; no conversion to MW/MWh is justified.""]"
1.0,92a0d250fde030eeb07e00ea,1,2026-02-19T18:00:00Z,turbine_2,2026-02-19T21:00:00Z,3,0.033267119698824,normalized_power,gfs_0p25,2026-02-19T12:00:00Z,wind-power-v1,2026-01-31T18:00:00Z,warning,"[""Uncertainty intervals are not calibrated"", ""Unconfirmed: all source labels use fixed UTC+5 and mark the start of a ten-minute mean; reporting delay is zero and normalization remains unresolved."", ""Source-clock and target normalization semantics remain unconfirmed."", ""Weather availability uses archive-object metadata, not original NOAA publication proof."", ""Forecast target is normalized power; no conversion to MW/MWh is justified.""]"
1.0,92a0d250fde030eeb07e00ea,1,2026-02-19T18:00:00Z,turbine_2,2026-02-19T22:00:00Z,4,0.24021433646742057,normalized_power,gfs_0p25,2026-02-19T12:00:00Z,wind-power-v1,2026-01-31T18:00:00Z,warning,"[""Uncertainty intervals are not calibrated"", ""Unconfirmed: all source labels use fixed UTC+5 and mark the start of a ten-minute mean; reporting delay is zero and normalization remains unresolved."", ""Source-clock and target normalization semantics remain unconfirmed."", ""Weather availability uses archive-object metadata, not original NOAA publication proof."", ""Forecast target is normalized power; no conversion to MW/MWh is justified.""]"
1.0,92a0d250fde030eeb07e00ea,1,2026-02-19T18:00:00Z,turbine_2,2026-02-19T23:00:00Z,5,0.13280668144045343,normalized_power,gfs_0p25,2026-02-19T12:00:00Z,wind-power-v1,2026-01-31T18:00:00Z,warning,"[""Uncertainty intervals are not calibrated"", ""Unconfirmed: all source labels use fixed UTC+5 and mark the start of a ten-minute mean; reporting delay is zero and normalization remains unresolved."", ""Source-clock and target normalization semantics remain unconfirmed."", ""Weather availability uses archive-object metadata, not original NOAA publication proof."", ""Forecast target is normalized power; no conversion to MW/MWh is justified.""]"
1.0,92a0d250fde030eeb07e00ea,1,2026-02-19T18:00:00Z,turbine_2,2026-02-20T00:00:00Z,6,0.13280668144045343,normalized_power,gfs_0p25,2026-02-19T12:00:00Z,wind-power-v1,2026-01-31T18:00:00Z,warning,"[""Uncertainty intervals are not calibrated"", ""Unconfirmed: all source labels use fixed UTC+5 and mark the start of a ten-minute mean; reporting delay is zero and normalization remains unresolved."", ""Source-clock and target normalization semantics remain unconfirmed."", ""Weather availability uses archive-object metadata, not original NOAA publication proof."", ""Forecast target is normalized power; no conversion to MW/MWh is justified.""]"
1.0,92a0d250fde030eeb07e00ea,1,2026-02-19T18:00:00Z,turbine_2,2026-02-20T01:00:00Z,7,0.22748732272460528,normalized_power,gfs_0p25,2026-02-19T12:00:00Z,wind-power-v1,2026-01-31T18:00:00Z,warning,"[""Uncertainty intervals are not calibrated"", ""Unconfirmed: all source labels use fixed UTC+5 and mark the start of a ten-minute mean; reporting delay is zero and normalization remains unresolved."", ""Source-clock and target normalization semantics remain unconfirmed."", ""Weather availability uses archive-object metadata, not original NOAA publication proof."", ""Forecast target is normalized power; no conversion to MW/MWh is justified.""]"
1.0,92a0d250fde030eeb07e00ea,1,2026-02-19T18:00:00Z,turbine_2,2026-02-20T02:00:00Z,8,0.22748732272460528,normalized_power,gfs_0p25,2026-02-19T12:00:00Z,wind-power-v1,2026-01-31T18:00:00Z,warning,"[""Uncertainty intervals are not calibrated"", ""Unconfirmed: all source labels use fixed UTC+5 and mark the start of a ten-minute mean; reporting delay is zero and normalization remains unresolved."", ""Source-clock and target normalization semantics remain unconfirmed."", ""Weather availability uses archive-object metadata, not original NOAA publication proof."", ""Forecast target is normalized power; no conversion to MW/MWh is justified.""]"
1.0,92a0d250fde030eeb07e00ea,1,2026-02-19T18:00:00Z,turbine_2,2026-02-20T03:00:00Z,9,0.16857736175991472,normalized_power,gfs_0p25,2026-02-19T12:00:00Z,wind-power-v1,2026-01-31T18:00:00Z,warning,"[""Uncertainty intervals are not calibrated"", ""Unconfirmed: all source labels use fixed UTC+5 and mark the start of a ten-minute mean; reporting delay is zero and normalization remains unresolved."", ""Source-clock and target normalization semantics remain unconfirmed."", ""Weather availability uses archive-object metadata, not original NOAA publication proof."", ""Forecast target is normalized power; no conversion to MW/MWh is justified.""]"
1.0,92a0d250fde030eeb07e00ea,1,2026-02-19T18:00:00Z,turbine_2,2026-02-20T04:00:00Z,10,0.14753387336927443,normalized_power,gfs_0p25,2026-02-19T12:00:00Z,wind-power-v1,2026-01-31T18:00:00Z,warning,"[""Uncertainty intervals are not calibrated"", ""Unconfirmed: all source labels use fixed UTC+5 and mark the start of a ten-minute mean; reporting delay is zero and normalization remains unresolved."", ""Source-clock and target normalization semantics remain unconfirmed."", ""Weather availability uses archive-object metadata, not original NOAA publication proof."", ""Forecast target is normalized power; no conversion to MW/MWh is justified.""]"
1.0,92a0d250fde030eeb07e00ea,1,2026-02-19T18:00:00Z,turbine_2,2026-02-20T05:00:00Z,11,0.036216280620644345,normalized_power,gfs_0p25,2026-02-19T12:00:00Z,wind-power-v1,2026-01-31T18:00:00Z,warning,"[""Uncertainty intervals are not calibrated"", ""Unconfirmed: all source labels use fixed UTC+5 and mark the start of a ten-minute mean; reporting delay is zero and normalization remains unresolved."", ""Source-clock and target normalization semantics remain unconfirmed."", ""Weather availability uses archive-object metadata, not original NOAA publication proof."", ""Forecast target is normalized power; no conversion to MW/MWh is justified.""]"
1.0,92a0d250fde030eeb07e00ea,1,2026-02-19T18:00:00Z,turbine_2,2026-02-20T06:00:00Z,12,0.030102622031763036,normalized_power,gfs_0p25,2026-02-19T12:00:00Z,wind-power-v1,2026-01-31T18:00:00Z,warning,"[""Uncertainty intervals are not calibrated"", ""Unconfirmed: all source labels use fixed UTC+5 and mark the start of a ten-minute mean; reporting delay is zero and normalization remains unresolved."", ""Source-clock and target normalization semantics remain unconfirmed."", ""Weather availability uses archive-object metadata, not original NOAA publication proof."", ""Forecast target is normalized power; no conversion to MW/MWh is justified.""]"
1.0,92a0d250fde030eeb07e00ea,1,2026-02-19T18:00:00Z,turbine_2,2026-02-20T07:00:00Z,13,0.03267960093457904,normalized_power,gfs_0p25,2026-02-19T12:00:00Z,wind-power-v1,2026-01-31T18:00:00Z,warning,"[""Uncertainty intervals are not calibrated"", ""Unconfirmed: all source labels use fixed UTC+5 and mark the start of a ten-minute mean; reporting delay is zero and normalization remains unresolved."", ""Source-clock and target normalization semantics remain unconfirmed."", ""Weather availability uses archive-object metadata, not original NOAA publication proof."", ""Forecast target is normalized power; no conversion to MW/MWh is justified.""]"
1.0,92a0d250fde030eeb07e00ea,1,2026-02-19T18:00:00Z,turbine_2,2026-02-20T08:00:00Z,14,0.044564264186105845,normalized_power,gfs_0p25,2026-02-19T12:00:00Z,wind-power-v1,2026-01-31T18:00:00Z,warning,"[""Uncertainty intervals are not calibrated"", ""Unconfirmed: all source labels use fixed UTC+5 and mark the start of a ten-minute mean; reporting delay is zero and normalization remains unresolved."", ""Source-clock and target normalization semantics remain unconfirmed."", ""Weather availability uses archive-object metadata, not original NOAA publication proof."", ""Forecast target is normalized power; no conversion to MW/MWh is justified.""]"
1.0,92a0d250fde030eeb07e00ea,1,2026-02-19T18:00:00Z,turbine_2,2026-02-20T09:00:00Z,15,0.012577595542571974,normalized_power,gfs_0p25,2026-02-19T12:00:00Z,wind-power-v1,2026-01-31T18:00:00Z,warning,"[""Uncertainty intervals are not calibrated"", ""Unconfirmed: all source labels use fixed UTC+5 and mark the start of a ten-minute mean; reporting delay is zero and normalization remains unresolved."", ""Source-clock and target normalization semantics remain unconfirmed."", ""Weather availability uses archive-object metadata, not original NOAA publication proof."", ""Forecast target is normalized power; no conversion to MW/MWh is justified.""]"
1.0,92a0d250fde030eeb07e00ea,1,2026-02-19T18:00:00Z,turbine_2,2026-02-20T10:00:00Z,16,0.04029478716346569,normalized_power,gfs_0p25,2026-02-19T12:00:00Z,wind-power-v1,2026-01-31T18:00:00Z,warning,"[""Uncertainty intervals are not calibrated"", ""Unconfirmed: all source labels use fixed UTC+5 and mark the start of a ten-minute mean; reporting delay is zero and normalization remains unresolved."", ""Source-clock and target normalization semantics remain unconfirmed."", ""Weather availability uses archive-object metadata, not original NOAA publication proof."", ""Forecast target is normalized power; no conversion to MW/MWh is justified.""]"
1.0,92a0d250fde030eeb07e00ea,1,2026-02-19T18:00:00Z,turbine_2,2026-02-20T11:00:00Z,17,0.04098915514379798,normalized_power,gfs_0p25,2026-02-19T12:00:00Z,wind-power-v1,2026-01-31T18:00:00Z,warning,"[""Uncertainty intervals are not calibrated"", ""Unconfirmed: all source labels use fixed UTC+5 and mark the start of a ten-minute mean; reporting delay is zero and normalization remains unresolved."", ""Source-clock and target normalization semantics remain unconfirmed."", ""Weather availability uses archive-object metadata, not original NOAA publication proof."", ""Forecast target is normalized power; no conversion to MW/MWh is justified.""]"
1.0,92a0d250fde030eeb07e00ea,1,2026-02-19T18:00:00Z,turbine_2,2026-02-20T12:00:00Z,18,0.036861482991328035,normalized_power,gfs_0p25,2026-02-19T12:00:00Z,wind-power-v1,2026-01-31T18:00:00Z,warning,"[""Uncertainty intervals are not calibrated"", ""Unconfirmed: all source labels use fixed UTC+5 and mark the start of a ten-minute mean; reporting delay is zero and normalization remains unresolved."", ""Source-clock and target normalization semantics remain unconfirmed."", ""Weather availability uses archive-object metadata, not original NOAA publication proof."", ""Forecast target is normalized power; no conversion to MW/MWh is justified.""]"
1.0,92a0d250fde030eeb07e00ea,1,2026-02-19T18:00:00Z,turbine_2,2026-02-20T13:00:00Z,19,0.036861482991328035,normalized_power,gfs_0p25,2026-02-19T12:00:00Z,wind-power-v1,2026-01-31T18:00:00Z,warning,"[""Uncertainty intervals are not calibrated"", ""Unconfirmed: all source labels use fixed UTC+5 and mark the start of a ten-minute mean; reporting delay is zero and normalization remains unresolved."", ""Source-clock and target normalization semantics remain unconfirmed."", ""Weather availability uses archive-object metadata, not original NOAA publication proof."", ""Forecast target is normalized power; no conversion to MW/MWh is justified.""]"
1.0,92a0d250fde030eeb07e00ea,1,2026-02-19T18:00:00Z,turbine_2,2026-02-20T14:00:00Z,20,0.16857736175991472,normalized_power,gfs_0p25,2026-02-19T12:00:00Z,wind-power-v1,2026-01-31T18:00:00Z,warning,"[""Uncertainty intervals are not calibrated"", ""Unconfirmed: all source labels use fixed UTC+5 and mark the start of a ten-minute mean; reporting delay is zero and normalization remains unresolved."", ""Source-clock and target normalization semantics remain unconfirmed."", ""Weather availability uses archive-object metadata, not original NOAA publication proof."", ""Forecast target is normalized power; no conversion to MW/MWh is justified.""]"
1.0,92a0d250fde030eeb07e00ea,1,2026-02-19T18:00:00Z,turbine_2,2026-02-20T15:00:00Z,21,0.5510169514415189,normalized_power,gfs_0p25,2026-02-19T12:00:00Z,wind-power-v1,2026-01-31T18:00:00Z,warning,"[""Uncertainty intervals are not calibrated"", ""Unconfirmed: all source labels use fixed UTC+5 and mark the start of a ten-minute mean; reporting delay is zero and normalization remains unresolved."", ""Source-clock and target normalization semantics remain unconfirmed."", ""Weather availability uses archive-object metadata, not original NOAA publication proof."", ""Forecast target is normalized power; no conversion to MW/MWh is justified.""]"
1.0,92a0d250fde030eeb07e00ea,1,2026-02-19T18:00:00Z,turbine_2,2026-02-20T16:00:00Z,22,0.5773030261494578,normalized_power,gfs_0p25,2026-02-19T12:00:00Z,wind-power-v1,2026-01-31T18:00:00Z,warning,"[""Uncertainty intervals are not calibrated"", ""Unconfirmed: all source labels use fixed UTC+5 and mark the start of a ten-minute mean; reporting delay is zero and normalization remains unresolved."", ""Source-clock and target normalization semantics remain unconfirmed."", ""Weather availability uses archive-object metadata, not original NOAA publication proof."", ""Forecast target is normalized power; no conversion to MW/MWh is justified.""]"
1.0,92a0d250fde030eeb07e00ea,1,2026-02-19T18:00:00Z,turbine_2,2026-02-20T17:00:00Z,23,0.8019083495890613,normalized_power,gfs_0p25,2026-02-19T12:00:00Z,wind-power-v1,2026-01-31T18:00:00Z,warning,"[""Uncertainty intervals are not calibrated"", ""Unconfirmed: all source labels use fixed UTC+5 and mark the start of a ten-minute mean; reporting delay is zero and normalization remains unresolved."", ""Source-clock and target normalization semantics remain unconfirmed."", ""Weather availability uses archive-object metadata, not original NOAA publication proof."", ""Forecast target is normalized power; no conversion to MW/MWh is justified.""]"
1.0,92a0d250fde030eeb07e00ea,1,2026-02-19T18:00:00Z,turbine_2,2026-02-20T18:00:00Z,24,0.7734897244164525,normalized_power,gfs_0p25,2026-02-19T12:00:00Z,wind-power-v1,2026-01-31T18:00:00Z,warning,"[""Uncertainty intervals are not calibrated"", ""Unconfirmed: all source labels use fixed UTC+5 and mark the start of a ten-minute mean; reporting delay is zero and normalization remains unresolved."", ""Source-clock and target normalization semantics remain unconfirmed."", ""Weather availability uses archive-object metadata, not original NOAA publication proof."", ""Forecast target is normalized power; no conversion to MW/MWh is justified.""]"
1.0,e52929907087cbd10f0065f0,1,2026-02-20T18:00:00Z,turbine_2,2026-02-20T19:00:00Z,1,0.7280335176780649,normalized_power,gfs_0p25,2026-02-20T12:00:00Z,wind-power-v1,2026-01-31T18:00:00Z,warning,"[""Uncertainty intervals are not calibrated"", ""Unconfirmed: all source labels use fixed UTC+5 and mark the start of a ten-minute mean; reporting delay is zero and normalization remains unresolved."", ""Source-clock and target normalization semantics remain unconfirmed."", ""Weather availability uses archive-object metadata, not original NOAA publication proof."", ""Forecast target is normalized power; no conversion to MW/MWh is justified.""]"
1.0,e52929907087cbd10f0065f0,1,2026-02-20T18:00:00Z,turbine_2,2026-02-20T20:00:00Z,2,0.7658105451278561,normalized_power,gfs_0p25,2026-02-20T12:00:00Z,wind-power-v1,2026-01-31T18:00:00Z,warning,"[""Uncertainty intervals are not calibrated"", ""Unconfirmed: all source labels use fixed UTC+5 and mark the start of a ten-minute mean; reporting delay is zero and normalization remains unresolved."", ""Source-clock and target normalization semantics remain unconfirmed."", ""Weather availability uses archive-object metadata, not original NOAA publication proof."", ""Forecast target is normalized power; no conversion to MW/MWh is justified.""]"
1.0,e52929907087cbd10f0065f0,1,2026-02-20T18:00:00Z,turbine_2,2026-02-20T21:00:00Z,3,0.5827324958349863,normalized_power,gfs_0p25,2026-02-20T12:00:00Z,wind-power-v1,2026-01-31T18:00:00Z,warning,"[""Uncertainty intervals are not calibrated"", ""Unconfirmed: all source labels use fixed UTC+5 and mark the start of a ten-minute mean; reporting delay is zero and normalization remains unresolved."", ""Source-clock and target normalization semantics remain unconfirmed."", ""Weather availability uses archive-object metadata, not original NOAA publication proof."", ""Forecast target is normalized power; no conversion to MW/MWh is justified.""]"
1.0,e52929907087cbd10f0065f0,1,2026-02-20T18:00:00Z,turbine_2,2026-02-20T22:00:00Z,4,0.4900832834422602,normalized_power,gfs_0p25,2026-02-20T12:00:00Z,wind-power-v1,2026-01-31T18:00:00Z,warning,"[""Uncertainty intervals are not calibrated"", ""Unconfirmed: all source labels use fixed UTC+5 and mark the start of a ten-minute mean; reporting delay is zero and normalization remains unresolved."", ""Source-clock and target normalization semantics remain unconfirmed."", ""Weather availability uses archive-object metadata, not original NOAA publication proof."", ""Forecast target is normalized power; no conversion to MW/MWh is justified.""]"
1.0,e52929907087cbd10f0065f0,1,2026-02-20T18:00:00Z,turbine_2,2026-02-20T23:00:00Z,5,0.4809720035585045,normalized_power,gfs_0p25,2026-02-20T12:00:00Z,wind-power-v1,2026-01-31T18:00:00Z,warning,"[""Uncertainty intervals are not calibrated"", ""Unconfirmed: all source labels use fixed UTC+5 and mark the start of a ten-minute mean; reporting delay is zero and normalization remains unresolved."", ""Source-clock and target normalization semantics remain unconfirmed."", ""Weather availability uses archive-object metadata, not original NOAA publication proof."", ""Forecast target is normalized power; no conversion to MW/MWh is justified.""]"
1.0,e52929907087cbd10f0065f0,1,2026-02-20T18:00:00Z,turbine_2,2026-02-21T00:00:00Z,6,0.24397703574301294,normalized_power,gfs_0p25,2026-02-20T12:00:00Z,wind-power-v1,2026-01-31T18:00:00Z,warning,"[""Uncertainty intervals are not calibrated"", ""Unconfirmed: all source labels use fixed UTC+5 and mark the start of a ten-minute mean; reporting delay is zero and normalization remains unresolved."", ""Source-clock and target normalization semantics remain unconfirmed."", ""Weather availability uses archive-object metadata, not original NOAA publication proof."", ""Forecast target is normalized power; no conversion to MW/MWh is justified.""]"
1.0,e52929907087cbd10f0065f0,1,2026-02-20T18:00:00Z,turbine_2,2026-02-21T01:00:00Z,7,0.3689276303912849,normalized_power,gfs_0p25,2026-02-20T12:00:00Z,wind-power-v1,2026-01-31T18:00:00Z,warning,"[""Uncertainty intervals are not calibrated"", ""Unconfirmed: all source labels use fixed UTC+5 and mark the start of a ten-minute mean; reporting delay is zero and normalization remains unresolved."", ""Source-clock and target normalization semantics remain unconfirmed."", ""Weather availability uses archive-object metadata, not original NOAA publication proof."", ""Forecast target is normalized power; no conversion to MW/MWh is justified.""]"
1.0,e52929907087cbd10f0065f0,1,2026-02-20T18:00:00Z,turbine_2,2026-02-21T02:00:00Z,8,0.3527274611237418,normalized_power,gfs_0p25,2026-02-20T12:00:00Z,wind-power-v1,2026-01-31T18:00:00Z,warning,"[""Uncertainty intervals are not calibrated"", ""Unconfirmed: all source labels use fixed UTC+5 and mark the start of a ten-minute mean; reporting delay is zero and normalization remains unresolved."", ""Source-clock and target normalization semantics remain unconfirmed."", ""Weather availability uses archive-object metadata, not original NOAA publication proof."", ""Forecast target is normalized power; no conversion to MW/MWh is justified.""]"
1.0,e52929907087cbd10f0065f0,1,2026-02-20T18:00:00Z,turbine_2,2026-02-21T03:00:00Z,9,0.6096323768823477,normalized_power,gfs_0p25,2026-02-20T12:00:00Z,wind-power-v1,2026-01-31T18:00:00Z,warning,"[""Uncertainty intervals are not calibrated"", ""Unconfirmed: all source labels use fixed UTC+5 and mark the start of a ten-minute mean; reporting delay is zero and normalization remains unresolved."", ""Source-clock and target normalization semantics remain unconfirmed."", ""Weather availability uses archive-object metadata, not original NOAA publication proof."", ""Forecast target is normalized power; no conversion to MW/MWh is justified.""]"
1.0,e52929907087cbd10f0065f0,1,2026-02-20T18:00:00Z,turbine_2,2026-02-21T04:00:00Z,10,0.4399696954363896,normalized_power,gfs_0p25,2026-02-20T12:00:00Z,wind-power-v1,2026-01-31T18:00:00Z,warning,"[""Uncertainty intervals are not calibrated"", ""Unconfirmed: all source labels use fixed UTC+5 and mark the start of a ten-minute mean; reporting delay is zero and normalization remains unresolved."", ""Source-clock and target normalization semantics remain unconfirmed."", ""Weather availability uses archive-object metadata, not original NOAA publication proof."", ""Forecast target is normalized power; no conversion to MW/MWh is justified.""]"
1.0,e52929907087cbd10f0065f0,1,2026-02-20T18:00:00Z,turbine_2,2026-02-21T05:00:00Z,11,0.030102622031763036,normalized_power,gfs_0p25,2026-02-20T12:00:00Z,wind-power-v1,2026-01-31T18:00:00Z,warning,"[""Uncertainty intervals are not calibrated"", ""Unconfirmed: all source labels use fixed UTC+5 and mark the start of a ten-minute mean; reporting delay is zero and normalization remains unresolved."", ""Source-clock and target normalization semantics remain unconfirmed."", ""Weather availability uses archive-object metadata, not original NOAA publication proof."", ""Forecast target is normalized power; no conversion to MW/MWh is justified.""]"
1.0,e52929907087cbd10f0065f0,1,2026-02-20T18:00:00Z,turbine_2,2026-02-21T06:00:00Z,12,0.04861138401238085,normalized_power,gfs_0p25,2026-02-20T12:00:00Z,wind-power-v1,2026-01-31T18:00:00Z,warning,"[""Uncertainty intervals are not calibrated"", ""Unconfirmed: all source labels use fixed UTC+5 and mark the start of a ten-minute mean; reporting delay is zero and normalization remains unresolved."", ""Source-clock and target normalization semantics remain unconfirmed."", ""Weather availability uses archive-object metadata, not original NOAA publication proof."", ""Forecast target is normalized power; no conversion to MW/MWh is justified.""]"
1.0,e52929907087cbd10f0065f0,1,2026-02-20T18:00:00Z,turbine_2,2026-02-21T07:00:00Z,13,0.9668827293612107,normalized_power,gfs_0p25,2026-02-20T12:00:00Z,wind-power-v1,2026-01-31T18:00:00Z,warning,"[""Uncertainty intervals are not calibrated"", ""Unconfirmed: all source labels use fixed UTC+5 and mark the start of a ten-minute mean; reporting delay is zero and normalization remains unresolved."", ""Source-clock and target normalization semantics remain unconfirmed."", ""Weather availability uses archive-object metadata, not original NOAA publication proof."", ""Forecast target is normalized power; no conversion to MW/MWh is justified.""]"
1.0,e52929907087cbd10f0065f0,1,2026-02-20T18:00:00Z,turbine_2,2026-02-21T08:00:00Z,14,0.9668827293612107,normalized_power,gfs_0p25,2026-02-20T12:00:00Z,wind-power-v1,2026-01-31T18:00:00Z,warning,"[""Uncertainty intervals are not calibrated"", ""Unconfirmed: all source labels use fixed UTC+5 and mark the start of a ten-minute mean; reporting delay is zero and normalization remains unresolved."", ""Source-clock and target normalization semantics remain unconfirmed."", ""Weather availability uses archive-object metadata, not original NOAA publication proof."", ""Forecast target is normalized power; no conversion to MW/MWh is justified.""]"
1.0,e52929907087cbd10f0065f0,1,2026-02-20T18:00:00Z,turbine_2,2026-02-21T09:00:00Z,15,0.9568331129075246,normalized_power,gfs_0p25,2026-02-20T12:00:00Z,wind-power-v1,2026-01-31T18:00:00Z,warning,"[""Uncertainty intervals are not calibrated"", ""Unconfirmed: all source labels use fixed UTC+5 and mark the start of a ten-minute mean; reporting delay is zero and normalization remains unresolved."", ""Source-clock and target normalization semantics remain unconfirmed."", ""Weather availability uses archive-object metadata, not original NOAA publication proof."", ""Forecast target is normalized power; no conversion to MW/MWh is justified.""]"
1.0,e52929907087cbd10f0065f0,1,2026-02-20T18:00:00Z,turbine_2,2026-02-21T10:00:00Z,16,0.33547043365268103,normalized_power,gfs_0p25,2026-02-20T12:00:00Z,wind-power-v1,2026-01-31T18:00:00Z,warning,"[""Uncertainty intervals are not calibrated"", ""Unconfirmed: all source labels use fixed UTC+5 and mark the start of a ten-minute mean; reporting delay is zero and normalization remains unresolved."", ""Source-clock and target normalization semantics remain unconfirmed."", ""Weather availability uses archive-object metadata, not original NOAA publication proof."", ""Forecast target is normalized power; no conversion to MW/MWh is justified.""]"
1.0,e52929907087cbd10f0065f0,1,2026-02-20T18:00:00Z,turbine_2,2026-02-21T11:00:00Z,17,0.3297639843147454,normalized_power,gfs_0p25,2026-02-20T12:00:00Z,wind-power-v1,2026-01-31T18:00:00Z,warning,"[""Uncertainty intervals are not calibrated"", ""Unconfirmed: all source labels use fixed UTC+5 and mark the start of a ten-minute mean; reporting delay is zero and normalization remains unresolved."", ""Source-clock and target normalization semantics remain unconfirmed."", ""Weather availability uses archive-object metadata, not original NOAA publication proof."", ""Forecast target is normalized power; no conversion to MW/MWh is justified.""]"
1.0,e52929907087cbd10f0065f0,1,2026-02-20T18:00:00Z,turbine_2,2026-02-21T12:00:00Z,18,0.2581417672465194,normalized_power,gfs_0p25,2026-02-20T12:00:00Z,wind-power-v1,2026-01-31T18:00:00Z,warning,"[""Uncertainty intervals are not calibrated"", ""Unconfirmed: all source labels use fixed UTC+5 and mark the start of a ten-minute mean; reporting delay is zero and normalization remains unresolved."", ""Source-clock and target normalization semantics remain unconfirmed."", ""Weather availability uses archive-object metadata, not original NOAA publication proof."", ""Forecast target is normalized power; no conversion to MW/MWh is justified.""]"
1.0,e52929907087cbd10f0065f0,1,2026-02-20T18:00:00Z,turbine_2,2026-02-21T13:00:00Z,19,0.45750457444406434,normalized_power,gfs_0p25,2026-02-20T12:00:00Z,wind-power-v1,2026-01-31T18:00:00Z,warning,"[""Uncertainty intervals are not calibrated"", ""Unconfirmed: all source labels use fixed UTC+5 and mark the start of a ten-minute mean; reporting delay is zero and normalization remains unresolved."", ""Source-clock and target normalization semantics remain unconfirmed."", ""Weather availability uses archive-object metadata, not original NOAA publication proof."", ""Forecast target is normalized power; no conversion to MW/MWh is justified.""]"
1.0,e52929907087cbd10f0065f0,1,2026-02-20T18:00:00Z,turbine_2,2026-02-21T14:00:00Z,20,0.5965155751502924,normalized_power,gfs_0p25,2026-02-20T12:00:00Z,wind-power-v1,2026-01-31T18:00:00Z,warning,"[""Uncertainty intervals are not calibrated"", ""Unconfirmed: all source labels use fixed UTC+5 and mark the start of a ten-minute mean; reporting delay is zero and normalization remains unresolved."", ""Source-clock and target normalization semantics remain unconfirmed."", ""Weather availability uses archive-object metadata, not original NOAA publication proof."", ""Forecast target is normalized power; no conversion to MW/MWh is justified.""]"
1.0,e52929907087cbd10f0065f0,1,2026-02-20T18:00:00Z,turbine_2,2026-02-21T15:00:00Z,21,0.2880809235032494,normalized_power,gfs_0p25,2026-02-20T12:00:00Z,wind-power-v1,2026-01-31T18:00:00Z,warning,"[""Uncertainty intervals are not calibrated"", ""Unconfirmed: all source labels use fixed UTC+5 and mark the start of a ten-minute mean; reporting delay is zero and normalization remains unresolved."", ""Source-clock and target normalization semantics remain unconfirmed."", ""Weather availability uses archive-object metadata, not original NOAA publication proof."", ""Forecast target is normalized power; no conversion to MW/MWh is justified.""]"
1.0,e52929907087cbd10f0065f0,1,2026-02-20T18:00:00Z,turbine_2,2026-02-21T16:00:00Z,22,0.19669389559158418,normalized_power,gfs_0p25,2026-02-20T12:00:00Z,wind-power-v1,2026-01-31T18:00:00Z,warning,"[""Uncertainty intervals are not calibrated"", ""Unconfirmed: all source labels use fixed UTC+5 and mark the start of a ten-minute mean; reporting delay is zero and normalization remains unresolved."", ""Source-clock and target normalization semantics remain unconfirmed."", ""Weather availability uses archive-object metadata, not original NOAA publication proof."", ""Forecast target is normalized power; no conversion to MW/MWh is justified.""]"
1.0,e52929907087cbd10f0065f0,1,2026-02-20T18:00:00Z,turbine_2,2026-02-21T17:00:00Z,23,0.3001464147467722,normalized_power,gfs_0p25,2026-02-20T12:00:00Z,wind-power-v1,2026-01-31T18:00:00Z,warning,"[""Uncertainty intervals are not calibrated"", ""Unconfirmed: all source labels use fixed UTC+5 and mark the start of a ten-minute mean; reporting delay is zero and normalization remains unresolved."", ""Source-clock and target normalization semantics remain unconfirmed."", ""Weather availability uses archive-object metadata, not original NOAA publication proof."", ""Forecast target is normalized power; no conversion to MW/MWh is justified.""]"
1.0,e52929907087cbd10f0065f0,1,2026-02-20T18:00:00Z,turbine_2,2026-02-21T18:00:00Z,24,0.3329777426693079,normalized_power,gfs_0p25,2026-02-20T12:00:00Z,wind-power-v1,2026-01-31T18:00:00Z,warning,"[""Uncertainty intervals are not calibrated"", ""Unconfirmed: all source labels use fixed UTC+5 and mark the start of a ten-minute mean; reporting delay is zero and normalization remains unresolved."", ""Source-clock and target normalization semantics remain unconfirmed."", ""Weather availability uses archive-object metadata, not original NOAA publication proof."", ""Forecast target is normalized power; no conversion to MW/MWh is justified.""]"
1.0,0a766d20d82ccc39ab2c4a2f,1,2026-02-21T18:00:00Z,turbine_2,2026-02-21T19:00:00Z,1,0.3519619891399596,normalized_power,gfs_0p25,2026-02-21T12:00:00Z,wind-power-v1,2026-01-31T18:00:00Z,warning,"[""Uncertainty intervals are not calibrated"", ""Unconfirmed: all source labels use fixed UTC+5 and mark the start of a ten-minute mean; reporting delay is zero and normalization remains unresolved."", ""Source-clock and target normalization semantics remain unconfirmed."", ""Weather availability uses archive-object metadata, not original NOAA publication proof."", ""Forecast target is normalized power; no conversion to MW/MWh is justified.""]"
1.0,0a766d20d82ccc39ab2c4a2f,1,2026-02-21T18:00:00Z,turbine_2,2026-02-21T20:00:00Z,2,0.06704666859521065,normalized_power,gfs_0p25,2026-02-21T12:00:00Z,wind-power-v1,2026-01-31T18:00:00Z,warning,"[""Uncertainty intervals are not calibrated"", ""Unconfirmed: all source labels use fixed UTC+5 and mark the start of a ten-minute mean; reporting delay is zero and normalization remains unresolved."", ""Source-clock and target normalization semantics remain unconfirmed."", ""Weather availability uses archive-object metadata, not original NOAA publication proof."", ""Forecast target is normalized power; no conversion to MW/MWh is justified.""]"
1.0,0a766d20d82ccc39ab2c4a2f,1,2026-02-21T18:00:00Z,turbine_2,2026-02-21T21:00:00Z,3,0.1259141726983319,normalized_power,gfs_0p25,2026-02-21T12:00:00Z,wind-power-v1,2026-01-31T18:00:00Z,warning,"[""Uncertainty intervals are not calibrated"", ""Unconfirmed: all source labels use fixed UTC+5 and mark the start of a ten-minute mean; reporting delay is zero and normalization remains unresolved."", ""Source-clock and target normalization semantics remain unconfirmed."", ""Weather availability uses archive-object metadata, not original NOAA publication proof."", ""Forecast target is normalized power; no conversion to MW/MWh is justified.""]"
1.0,0a766d20d82ccc39ab2c4a2f,1,2026-02-21T18:00:00Z,turbine_2,2026-02-21T22:00:00Z,4,0.10747860501756407,normalized_power,gfs_0p25,2026-02-21T12:00:00Z,wind-power-v1,2026-01-31T18:00:00Z,warning,"[""Uncertainty intervals are not calibrated"", ""Unconfirmed: all source labels use fixed UTC+5 and mark the start of a ten-minute mean; reporting delay is zero and normalization remains unresolved."", ""Source-clock and target normalization semantics remain unconfirmed."", ""Weather availability uses archive-object metadata, not original NOAA publication proof."", ""Forecast target is normalized power; no conversion to MW/MWh is justified.""]"
1.0,0a766d20d82ccc39ab2c4a2f,1,2026-02-21T18:00:00Z,turbine_2,2026-02-21T23:00:00Z,5,0.09090046553605607,normalized_power,gfs_0p25,2026-02-21T12:00:00Z,wind-power-v1,2026-01-31T18:00:00Z,warning,"[""Uncertainty intervals are not calibrated"", ""Unconfirmed: all source labels use fixed UTC+5 and mark the start of a ten-minute mean; reporting delay is zero and normalization remains unresolved."", ""Source-clock and target normalization semantics remain unconfirmed."", ""Weather availability uses archive-object metadata, not original NOAA publication proof."", ""Forecast target is normalized power; no conversion to MW/MWh is justified.""]"
1.0,0a766d20d82ccc39ab2c4a2f,1,2026-02-21T18:00:00Z,turbine_2,2026-02-22T00:00:00Z,6,0.10747860501756407,normalized_power,gfs_0p25,2026-02-21T12:00:00Z,wind-power-v1,2026-01-31T18:00:00Z,warning,"[""Uncertainty intervals are not calibrated"", ""Unconfirmed: all source labels use fixed UTC+5 and mark the start of a ten-minute mean; reporting delay is zero and normalization remains unresolved."", ""Source-clock and target normalization semantics remain unconfirmed."", ""Weather availability uses archive-object metadata, not original NOAA publication proof."", ""Forecast target is normalized power; no conversion to MW/MWh is justified.""]"
1.0,0a766d20d82ccc39ab2c4a2f,1,2026-02-21T18:00:00Z,turbine_2,2026-02-22T01:00:00Z,7,0.08946183806435035,normalized_power,gfs_0p25,2026-02-21T12:00:00Z,wind-power-v1,2026-01-31T18:00:00Z,warning,"[""Uncertainty intervals are not calibrated"", ""Unconfirmed: all source labels use fixed UTC+5 and mark the start of a ten-minute mean; reporting delay is zero and normalization remains unresolved."", ""Source-clock and target normalization semantics remain unconfirmed."", ""Weather availability uses archive-object metadata, not original NOAA publication proof."", ""Forecast target is normalized power; no conversion to MW/MWh is justified.""]"
1.0,0a766d20d82ccc39ab2c4a2f,1,2026-02-21T18:00:00Z,turbine_2,2026-02-22T02:00:00Z,8,0.2742866611652075,normalized_power,gfs_0p25,2026-02-21T12:00:00Z,wind-power-v1,2026-01-31T18:00:00Z,warning,"[""Uncertainty intervals are not calibrated"", ""Unconfirmed: all source labels use fixed UTC+5 and mark the start of a ten-minute mean; reporting delay is zero and normalization remains unresolved."", ""Source-clock and target normalization semantics remain unconfirmed."", ""Weather availability uses archive-object metadata, not original NOAA publication proof."", ""Forecast target is normalized power; no conversion to MW/MWh is justified.""]"
1.0,0a766d20d82ccc39ab2c4a2f,1,2026-02-21T18:00:00Z,turbine_2,2026-02-22T03:00:00Z,9,0.4579281624809747,normalized_power,gfs_0p25,2026-02-21T12:00:00Z,wind-power-v1,2026-01-31T18:00:00Z,warning,"[""Uncertainty intervals are not calibrated"", ""Unconfirmed: all source labels use fixed UTC+5 and mark the start of a ten-minute mean; reporting delay is zero and normalization remains unresolved."", ""Source-clock and target normalization semantics remain unconfirmed."", ""Weather availability uses archive-object metadata, not original NOAA publication proof."", ""Forecast target is normalized power; no conversion to MW/MWh is justified.""]"
1.0,0a766d20d82ccc39ab2c4a2f,1,2026-02-21T18:00:00Z,turbine_2,2026-02-22T04:00:00Z,10,0.41731150800671074,normalized_power,gfs_0p25,2026-02-21T12:00:00Z,wind-power-v1,2026-01-31T18:00:00Z,warning,"[""Uncertainty intervals are not calibrated"", ""Unconfirmed: all source labels use fixed UTC+5 and mark the start of a ten-minute mean; reporting delay is zero and normalization remains unresolved."", ""Source-clock and target normalization semantics remain unconfirmed."", ""Weather availability uses archive-object metadata, not original NOAA publication proof."", ""Forecast target is normalized power; no conversion to MW/MWh is justified.""]"
1.0,0a766d20d82ccc39ab2c4a2f,1,2026-02-21T18:00:00Z,turbine_2,2026-02-22T05:00:00Z,11,0.6886469848719148,normalized_power,gfs_0p25,2026-02-21T12:00:00Z,wind-power-v1,2026-01-31T18:00:00Z,warning,"[""Uncertainty intervals are not calibrated"", ""Unconfirmed: all source labels use fixed UTC+5 and mark the start of a ten-minute mean; reporting delay is zero and normalization remains unresolved."", ""Source-clock and target normalization semantics remain unconfirmed."", ""Weather availability uses archive-object metadata, not original NOAA publication proof."", ""Forecast target is normalized power; no conversion to MW/MWh is justified.""]"
1.0,0a766d20d82ccc39ab2c4a2f,1,2026-02-21T18:00:00Z,turbine_2,2026-02-22T06:00:00Z,12,0.7204329742075004,normalized_power,gfs_0p25,2026-02-21T12:00:00Z,wind-power-v1,2026-01-31T18:00:00Z,warning,"[""Uncertainty intervals are not calibrated"", ""Unconfirmed: all source labels use fixed UTC+5 and mark the start of a ten-minute mean; reporting delay is zero and normalization remains unresolved."", ""Source-clock and target normalization semantics remain unconfirmed."", ""Weather availability uses archive-object metadata, not original NOAA publication proof."", ""Forecast target is normalized power; no conversion to MW/MWh is justified.""]"
1.0,0a766d20d82ccc39ab2c4a2f,1,2026-02-21T18:00:00Z,turbine_2,2026-02-22T07:00:00Z,13,0.7516903277814679,normalized_power,gfs_0p25,2026-02-21T12:00:00Z,wind-power-v1,2026-01-31T18:00:00Z,warning,"[""Uncertainty intervals are not calibrated"", ""Unconfirmed: all source labels use fixed UTC+5 and mark the start of a ten-minute mean; reporting delay is zero and normalization remains unresolved."", ""Source-clock and target normalization semantics remain unconfirmed."", ""Weather availability uses archive-object metadata, not original NOAA publication proof."", ""Forecast target is normalized power; no conversion to MW/MWh is justified.""]"
1.0,0a766d20d82ccc39ab2c4a2f,1,2026-02-21T18:00:00Z,turbine_2,2026-02-22T08:00:00Z,14,0.6312978895091259,normalized_power,gfs_0p25,2026-02-21T12:00:00Z,wind-power-v1,2026-01-31T18:00:00Z,warning,"[""Uncertainty intervals are not calibrated"", ""Unconfirmed: all source labels use fixed UTC+5 and mark the start of a ten-minute mean; reporting delay is zero and normalization remains unresolved."", ""Source-clock and target normalization semantics remain unconfirmed."", ""Weather availability uses archive-object metadata, not original NOAA publication proof."", ""Forecast target is normalized power; no conversion to MW/MWh is justified.""]"
1.0,0a766d20d82ccc39ab2c4a2f,1,2026-02-21T18:00:00Z,turbine_2,2026-02-22T09:00:00Z,15,0.6405251437962576,normalized_power,gfs_0p25,2026-02-21T12:00:00Z,wind-power-v1,2026-01-31T18:00:00Z,warning,"[""Uncertainty intervals are not calibrated"", ""Unconfirmed: all source labels use fixed UTC+5 and mark the start of a ten-minute mean; reporting delay is zero and normalization remains unresolved."", ""Source-clock and target normalization semantics remain unconfirmed."", ""Weather availability uses archive-object metadata, not original NOAA publication proof."", ""Forecast target is normalized power; no conversion to MW/MWh is justified.""]"
1.0,0a766d20d82ccc39ab2c4a2f,1,2026-02-21T18:00:00Z,turbine_2,2026-02-22T10:00:00Z,16,0.6242558675808839,normalized_power,gfs_0p25,2026-02-21T12:00:00Z,wind-power-v1,2026-01-31T18:00:00Z,warning,"[""Uncertainty intervals are not calibrated"", ""Unconfirmed: all source labels use fixed UTC+5 and mark the start of a ten-minute mean; reporting delay is zero and normalization remains unresolved."", ""Source-clock and target normalization semantics remain unconfirmed."", ""Weather availability uses archive-object metadata, not original NOAA publication proof."", ""Forecast target is normalized power; no conversion to MW/MWh is justified.""]"
1.0,0a766d20d82ccc39ab2c4a2f,1,2026-02-21T18:00:00Z,turbine_2,2026-02-22T11:00:00Z,17,0.5919113567029758,normalized_power,gfs_0p25,2026-02-21T12:00:00Z,wind-power-v1,2026-01-31T18:00:00Z,warning,"[""Uncertainty intervals are not calibrated"", ""Unconfirmed: all source labels use fixed UTC+5 and mark the start of a ten-minute mean; reporting delay is zero and normalization remains unresolved."", ""Source-clock and target normalization semantics remain unconfirmed."", ""Weather availability uses archive-object metadata, not original NOAA publication proof."", ""Forecast target is normalized power; no conversion to MW/MWh is justified.""]"
1.0,0a766d20d82ccc39ab2c4a2f,1,2026-02-21T18:00:00Z,turbine_2,2026-02-22T12:00:00Z,18,0.6292497103035675,normalized_power,gfs_0p25,2026-02-21T12:00:00Z,wind-power-v1,2026-01-31T18:00:00Z,warning,"[""Uncertainty intervals are not calibrated"", ""Unconfirmed: all source labels use fixed UTC+5 and mark the start of a ten-minute mean; reporting delay is zero and normalization remains unresolved."", ""Source-clock and target normalization semantics remain unconfirmed."", ""Weather availability uses archive-object metadata, not original NOAA publication proof."", ""Forecast target is normalized power; no conversion to MW/MWh is justified.""]"
1.0,0a766d20d82ccc39ab2c4a2f,1,2026-02-21T18:00:00Z,turbine_2,2026-02-22T13:00:00Z,19,0.6376864153948989,normalized_power,gfs_0p25,2026-02-21T12:00:00Z,wind-power-v1,2026-01-31T18:00:00Z,warning,"[""Uncertainty intervals are not calibrated"", ""Unconfirmed: all source labels use fixed UTC+5 and mark the start of a ten-minute mean; reporting delay is zero and normalization remains unresolved."", ""Source-clock and target normalization semantics remain unconfirmed."", ""Weather availability uses archive-object metadata, not original NOAA publication proof."", ""Forecast target is normalized power; no conversion to MW/MWh is justified.""]"
1.0,0a766d20d82ccc39ab2c4a2f,1,2026-02-21T18:00:00Z,turbine_2,2026-02-22T14:00:00Z,20,0.6203167929744389,normalized_power,gfs_0p25,2026-02-21T12:00:00Z,wind-power-v1,2026-01-31T18:00:00Z,warning,"[""Uncertainty intervals are not calibrated"", ""Unconfirmed: all source labels use fixed UTC+5 and mark the start of a ten-minute mean; reporting delay is zero and normalization remains unresolved."", ""Source-clock and target normalization semantics remain unconfirmed."", ""Weather availability uses archive-object metadata, not original NOAA publication proof."", ""Forecast target is normalized power; no conversion to MW/MWh is justified.""]"
1.0,0a766d20d82ccc39ab2c4a2f,1,2026-02-21T18:00:00Z,turbine_2,2026-02-22T15:00:00Z,21,0.2880809235032494,normalized_power,gfs_0p25,2026-02-21T12:00:00Z,wind-power-v1,2026-01-31T18:00:00Z,warning,"[""Uncertainty intervals are not calibrated"", ""Unconfirmed: all source labels use fixed UTC+5 and mark the start of a ten-minute mean; reporting delay is zero and normalization remains unresolved."", ""Source-clock and target normalization semantics remain unconfirmed."", ""Weather availability uses archive-object metadata, not original NOAA publication proof."", ""Forecast target is normalized power; no conversion to MW/MWh is justified.""]"
1.0,0a766d20d82ccc39ab2c4a2f,1,2026-02-21T18:00:00Z,turbine_2,2026-02-22T16:00:00Z,22,0.32302691137231315,normalized_power,gfs_0p25,2026-02-21T12:00:00Z,wind-power-v1,2026-01-31T18:00:00Z,warning,"[""Uncertainty intervals are not calibrated"", ""Unconfirmed: all source labels use fixed UTC+5 and mark the start of a ten-minute mean; reporting delay is zero and normalization remains unresolved."", ""Source-clock and target normalization semantics remain unconfirmed."", ""Weather availability uses archive-object metadata, not original NOAA publication proof."", ""Forecast target is normalized power; no conversion to MW/MWh is justified.""]"
1.0,0a766d20d82ccc39ab2c4a2f,1,2026-02-21T18:00:00Z,turbine_2,2026-02-22T17:00:00Z,23,0.4083306180959232,normalized_power,gfs_0p25,2026-02-21T12:00:00Z,wind-power-v1,2026-01-31T18:00:00Z,warning,"[""Uncertainty intervals are not calibrated"", ""Unconfirmed: all source labels use fixed UTC+5 and mark the start of a ten-minute mean; reporting delay is zero and normalization remains unresolved."", ""Source-clock and target normalization semantics remain unconfirmed."", ""Weather availability uses archive-object metadata, not original NOAA publication proof."", ""Forecast target is normalized power; no conversion to MW/MWh is justified.""]"
1.0,0a766d20d82ccc39ab2c4a2f,1,2026-02-21T18:00:00Z,turbine_2,2026-02-22T18:00:00Z,24,0.25960428674530545,normalized_power,gfs_0p25,2026-02-21T12:00:00Z,wind-power-v1,2026-01-31T18:00:00Z,warning,"[""Uncertainty intervals are not calibrated"", ""Unconfirmed: all source labels use fixed UTC+5 and mark the start of a ten-minute mean; reporting delay is zero and normalization remains unresolved."", ""Source-clock and target normalization semantics remain unconfirmed."", ""Weather availability uses archive-object metadata, not original NOAA publication proof."", ""Forecast target is normalized power; no conversion to MW/MWh is justified.""]"
1.0,6b9d0672915fd0b6d0e6b4e9,1,2026-02-22T18:00:00Z,turbine_2,2026-02-22T19:00:00Z,1,0.3363260612935293,normalized_power,gfs_0p25,2026-02-22T12:00:00Z,wind-power-v1,2026-01-31T18:00:00Z,warning,"[""Uncertainty intervals are not calibrated"", ""Unconfirmed: all source labels use fixed UTC+5 and mark the start of a ten-minute mean; reporting delay is zero and normalization remains unresolved."", ""Source-clock and target normalization semantics remain unconfirmed."", ""Weather availability uses archive-object metadata, not original NOAA publication proof."", ""Forecast target is normalized power; no conversion to MW/MWh is justified.""]"
1.0,6b9d0672915fd0b6d0e6b4e9,1,2026-02-22T18:00:00Z,turbine_2,2026-02-22T20:00:00Z,2,0.3272985598009864,normalized_power,gfs_0p25,2026-02-22T12:00:00Z,wind-power-v1,2026-01-31T18:00:00Z,warning,"[""Uncertainty intervals are not calibrated"", ""Unconfirmed: all source labels use fixed UTC+5 and mark the start of a ten-minute mean; reporting delay is zero and normalization remains unresolved."", ""Source-clock and target normalization semantics remain unconfirmed."", ""Weather availability uses archive-object metadata, not original NOAA publication proof."", ""Forecast target is normalized power; no conversion to MW/MWh is justified.""]"
1.0,6b9d0672915fd0b6d0e6b4e9,1,2026-02-22T18:00:00Z,turbine_2,2026-02-22T21:00:00Z,3,0.3569546653667787,normalized_power,gfs_0p25,2026-02-22T12:00:00Z,wind-power-v1,2026-01-31T18:00:00Z,warning,"[""Uncertainty intervals are not calibrated"", ""Unconfirmed: all source labels use fixed UTC+5 and mark the start of a ten-minute mean; reporting delay is zero and normalization remains unresolved."", ""Source-clock and target normalization semantics remain unconfirmed."", ""Weather availability uses archive-object metadata, not original NOAA publication proof."", ""Forecast target is normalized power; no conversion to MW/MWh is justified.""]"
1.0,6b9d0672915fd0b6d0e6b4e9,1,2026-02-22T18:00:00Z,turbine_2,2026-02-22T22:00:00Z,4,0.4247669690520187,normalized_power,gfs_0p25,2026-02-22T12:00:00Z,wind-power-v1,2026-01-31T18:00:00Z,warning,"[""Uncertainty intervals are not calibrated"", ""Unconfirmed: all source labels use fixed UTC+5 and mark the start of a ten-minute mean; reporting delay is zero and normalization remains unresolved."", ""Source-clock and target normalization semantics remain unconfirmed."", ""Weather availability uses archive-object metadata, not original NOAA publication proof."", ""Forecast target is normalized power; no conversion to MW/MWh is justified.""]"
1.0,6b9d0672915fd0b6d0e6b4e9,1,2026-02-22T18:00:00Z,turbine_2,2026-02-22T23:00:00Z,5,0.24641328842847307,normalized_power,gfs_0p25,2026-02-22T12:00:00Z,wind-power-v1,2026-01-31T18:00:00Z,warning,"[""Uncertainty intervals are not calibrated"", ""Unconfirmed: all source labels use fixed UTC+5 and mark the start of a ten-minute mean; reporting delay is zero and normalization remains unresolved."", ""Source-clock and target normalization semantics remain unconfirmed."", ""Weather availability uses archive-object metadata, not original NOAA publication proof."", ""Forecast target is normalized power; no conversion to MW/MWh is justified.""]"
1.0,6b9d0672915fd0b6d0e6b4e9,1,2026-02-22T18:00:00Z,turbine_2,2026-02-23T00:00:00Z,6,0.4020364436766481,normalized_power,gfs_0p25,2026-02-22T12:00:00Z,wind-power-v1,2026-01-31T18:00:00Z,warning,"[""Uncertainty intervals are not calibrated"", ""Unconfirmed: all source labels use fixed UTC+5 and mark the start of a ten-minute mean; reporting delay is zero and normalization remains unresolved."", ""Source-clock and target normalization semantics remain unconfirmed."", ""Weather availability uses archive-object metadata, not original NOAA publication proof."", ""Forecast target is normalized power; no conversion to MW/MWh is justified.""]"
1.0,6b9d0672915fd0b6d0e6b4e9,1,2026-02-22T18:00:00Z,turbine_2,2026-02-23T01:00:00Z,7,0.06704666859521065,normalized_power,gfs_0p25,2026-02-22T12:00:00Z,wind-power-v1,2026-01-31T18:00:00Z,warning,"[""Uncertainty intervals are not calibrated"", ""Unconfirmed: all source labels use fixed UTC+5 and mark the start of a ten-minute mean; reporting delay is zero and normalization remains unresolved."", ""Source-clock and target normalization semantics remain unconfirmed."", ""Weather availability uses archive-object metadata, not original NOAA publication proof."", ""Forecast target is normalized power; no conversion to MW/MWh is justified.""]"
1.0,6b9d0672915fd0b6d0e6b4e9,1,2026-02-22T18:00:00Z,turbine_2,2026-02-23T02:00:00Z,8,0.05285318811655024,normalized_power,gfs_0p25,2026-02-22T12:00:00Z,wind-power-v1,2026-01-31T18:00:00Z,warning,"[""Uncertainty intervals are not calibrated"", ""Unconfirmed: all source labels use fixed UTC+5 and mark the start of a ten-minute mean; reporting delay is zero and normalization remains unresolved."", ""Source-clock and target normalization semantics remain unconfirmed."", ""Weather availability uses archive-object metadata, not original NOAA publication proof."", ""Forecast target is normalized power; no conversion to MW/MWh is justified.""]"
1.0,6b9d0672915fd0b6d0e6b4e9,1,2026-02-22T18:00:00Z,turbine_2,2026-02-23T03:00:00Z,9,0.07413766041724591,normalized_power,gfs_0p25,2026-02-22T12:00:00Z,wind-power-v1,2026-01-31T18:00:00Z,warning,"[""Uncertainty intervals are not calibrated"", ""Unconfirmed: all source labels use fixed UTC+5 and mark the start of a ten-minute mean; reporting delay is zero and normalization remains unresolved."", ""Source-clock and target normalization semantics remain unconfirmed."", ""Weather availability uses archive-object metadata, not original NOAA publication proof."", ""Forecast target is normalized power; no conversion to MW/MWh is justified.""]"
1.0,6b9d0672915fd0b6d0e6b4e9,1,2026-02-22T18:00:00Z,turbine_2,2026-02-23T04:00:00Z,10,0.05787944264065466,normalized_power,gfs_0p25,2026-02-22T12:00:00Z,wind-power-v1,2026-01-31T18:00:00Z,warning,"[""Uncertainty intervals are not calibrated"", ""Unconfirmed: all source labels use fixed UTC+5 and mark the start of a ten-minute mean; reporting delay is zero and normalization remains unresolved."", ""Source-clock and target normalization semantics remain unconfirmed."", ""Weather availability uses archive-object metadata, not original NOAA publication proof."", ""Forecast target is normalized power; no conversion to MW/MWh is justified.""]"
1.0,6b9d0672915fd0b6d0e6b4e9,1,2026-02-22T18:00:00Z,turbine_2,2026-02-23T05:00:00Z,11,0.038576715049916305,normalized_power,gfs_0p25,2026-02-22T12:00:00Z,wind-power-v1,2026-01-31T18:00:00Z,warning,"[""Uncertainty intervals are not calibrated"", ""Unconfirmed: all source labels use fixed UTC+5 and mark the start of a ten-minute mean; reporting delay is zero and normalization remains unresolved."", ""Source-clock and target normalization semantics remain unconfirmed."", ""Weather availability uses archive-object metadata, not original NOAA publication proof."", ""Forecast target is normalized power; no conversion to MW/MWh is justified.""]"
1.0,6b9d0672915fd0b6d0e6b4e9,1,2026-02-22T18:00:00Z,turbine_2,2026-02-23T06:00:00Z,12,0.03309749941934513,normalized_power,gfs_0p25,2026-02-22T12:00:00Z,wind-power-v1,2026-01-31T18:00:00Z,warning,"[""Uncertainty intervals are not calibrated"", ""Unconfirmed: all source labels use fixed UTC+5 and mark the start of a ten-minute mean; reporting delay is zero and normalization remains unresolved."", ""Source-clock and target normalization semantics remain unconfirmed."", ""Weather availability uses archive-object metadata, not original NOAA publication proof."", ""Forecast target is normalized power; no conversion to MW/MWh is justified.""]"
1.0,6b9d0672915fd0b6d0e6b4e9,1,2026-02-22T18:00:00Z,turbine_2,2026-02-23T07:00:00Z,13,0.05801625312664107,normalized_power,gfs_0p25,2026-02-22T12:00:00Z,wind-power-v1,2026-01-31T18:00:00Z,warning,"[""Uncertainty intervals are not calibrated"", ""Unconfirmed: all source labels use fixed UTC+5 and mark the start of a ten-minute mean; reporting delay is zero and normalization remains unresolved."", ""Source-clock and target normalization semantics remain unconfirmed."", ""Weather availability uses archive-object metadata, not original NOAA publication proof."", ""Forecast target is normalized power; no conversion to MW/MWh is justified.""]"
1.0,6b9d0672915fd0b6d0e6b4e9,1,2026-02-22T18:00:00Z,turbine_2,2026-02-23T08:00:00Z,14,0.24021433646742057,normalized_power,gfs_0p25,2026-02-22T12:00:00Z,wind-power-v1,2026-01-31T18:00:00Z,warning,"[""Uncertainty intervals are not calibrated"", ""Unconfirmed: all source labels use fixed UTC+5 and mark the start of a ten-minute mean; reporting delay is zero and normalization remains unresolved."", ""Source-clock and target normalization semantics remain unconfirmed."", ""Weather availability uses archive-object metadata, not original NOAA publication proof."", ""Forecast target is normalized power; no conversion to MW/MWh is justified.""]"
1.0,6b9d0672915fd0b6d0e6b4e9,1,2026-02-22T18:00:00Z,turbine_2,2026-02-23T09:00:00Z,15,0.3382663971879584,normalized_power,gfs_0p25,2026-02-22T12:00:00Z,wind-power-v1,2026-01-31T18:00:00Z,warning,"[""Uncertainty intervals are not calibrated"", ""Unconfirmed: all source labels use fixed UTC+5 and mark the start of a ten-minute mean; reporting delay is zero and normalization remains unresolved."", ""Source-clock and target normalization semantics remain unconfirmed."", ""Weather availability uses archive-object metadata, not original NOAA publication proof."", ""Forecast target is normalized power; no conversion to MW/MWh is justified.""]"
1.0,6b9d0672915fd0b6d0e6b4e9,1,2026-02-22T18:00:00Z,turbine_2,2026-02-23T10:00:00Z,16,0.2609804956478781,normalized_power,gfs_0p25,2026-02-22T12:00:00Z,wind-power-v1,2026-01-31T18:00:00Z,warning,"[""Uncertainty intervals are not calibrated"", ""Unconfirmed: all source labels use fixed UTC+5 and mark the start of a ten-minute mean; reporting delay is zero and normalization remains unresolved."", ""Source-clock and target normalization semantics remain unconfirmed."", ""Weather availability uses archive-object metadata, not original NOAA publication proof."", ""Forecast target is normalized power; no conversion to MW/MWh is justified.""]"
1.0,6b9d0672915fd0b6d0e6b4e9,1,2026-02-22T18:00:00Z,turbine_2,2026-02-23T11:00:00Z,17,0.330079659526457,normalized_power,gfs_0p25,2026-02-22T12:00:00Z,wind-power-v1,2026-01-31T18:00:00Z,warning,"[""Uncertainty intervals are not calibrated"", ""Unconfirmed: all source labels use fixed UTC+5 and mark the start of a ten-minute mean; reporting delay is zero and normalization remains unresolved."", ""Source-clock and target normalization semantics remain unconfirmed."", ""Weather availability uses archive-object metadata, not original NOAA publication proof."", ""Forecast target is normalized power; no conversion to MW/MWh is justified.""]"
1.0,6b9d0672915fd0b6d0e6b4e9,1,2026-02-22T18:00:00Z,turbine_2,2026-02-23T12:00:00Z,18,0.5589258873487863,normalized_power,gfs_0p25,2026-02-22T12:00:00Z,wind-power-v1,2026-01-31T18:00:00Z,warning,"[""Uncertainty intervals are not calibrated"", ""Unconfirmed: all source labels use fixed UTC+5 and mark the start of a ten-minute mean; reporting delay is zero and normalization remains unresolved."", ""Source-clock and target normalization semantics remain unconfirmed."", ""Weather availability uses archive-object metadata, not original NOAA publication proof."", ""Forecast target is normalized power; no conversion to MW/MWh is justified.""]"
1.0,6b9d0672915fd0b6d0e6b4e9,1,2026-02-22T18:00:00Z,turbine_2,2026-02-23T13:00:00Z,19,0.5186938574536187,normalized_power,gfs_0p25,2026-02-22T12:00:00Z,wind-power-v1,2026-01-31T18:00:00Z,warning,"[""Uncertainty intervals are not calibrated"", ""Unconfirmed: all source labels use fixed UTC+5 and mark the start of a ten-minute mean; reporting delay is zero and normalization remains unresolved."", ""Source-clock and target normalization semantics remain unconfirmed."", ""Weather availability uses archive-object metadata, not original NOAA publication proof."", ""Forecast target is normalized power; no conversion to MW/MWh is justified.""]"
1.0,6b9d0672915fd0b6d0e6b4e9,1,2026-02-22T18:00:00Z,turbine_2,2026-02-23T14:00:00Z,20,0.4233452557045329,normalized_power,gfs_0p25,2026-02-22T12:00:00Z,wind-power-v1,2026-01-31T18:00:00Z,warning,"[""Uncertainty intervals are not calibrated"", ""Unconfirmed: all source labels use fixed UTC+5 and mark the start of a ten-minute mean; reporting delay is zero and normalization remains unresolved."", ""Source-clock and target normalization semantics remain unconfirmed."", ""Weather availability uses archive-object metadata, not original NOAA publication proof."", ""Forecast target is normalized power; no conversion to MW/MWh is justified.""]"
1.0,6b9d0672915fd0b6d0e6b4e9,1,2026-02-22T18:00:00Z,turbine_2,2026-02-23T15:00:00Z,21,0.4562110620118591,normalized_power,gfs_0p25,2026-02-22T12:00:00Z,wind-power-v1,2026-01-31T18:00:00Z,warning,"[""Uncertainty intervals are not calibrated"", ""Unconfirmed: all source labels use fixed UTC+5 and mark the start of a ten-minute mean; reporting delay is zero and normalization remains unresolved."", ""Source-clock and target normalization semantics remain unconfirmed."", ""Weather availability uses archive-object metadata, not original NOAA publication proof."", ""Forecast target is normalized power; no conversion to MW/MWh is justified.""]"
1.0,6b9d0672915fd0b6d0e6b4e9,1,2026-02-22T18:00:00Z,turbine_2,2026-02-23T16:00:00Z,22,0.40661875000901976,normalized_power,gfs_0p25,2026-02-22T12:00:00Z,wind-power-v1,2026-01-31T18:00:00Z,warning,"[""Uncertainty intervals are not calibrated"", ""Unconfirmed: all source labels use fixed UTC+5 and mark the start of a ten-minute mean; reporting delay is zero and normalization remains unresolved."", ""Source-clock and target normalization semantics remain unconfirmed."", ""Weather availability uses archive-object metadata, not original NOAA publication proof."", ""Forecast target is normalized power; no conversion to MW/MWh is justified.""]"
1.0,6b9d0672915fd0b6d0e6b4e9,1,2026-02-22T18:00:00Z,turbine_2,2026-02-23T17:00:00Z,23,0.25287299184141204,normalized_power,gfs_0p25,2026-02-22T12:00:00Z,wind-power-v1,2026-01-31T18:00:00Z,warning,"[""Uncertainty intervals are not calibrated"", ""Unconfirmed: all source labels use fixed UTC+5 and mark the start of a ten-minute mean; reporting delay is zero and normalization remains unresolved."", ""Source-clock and target normalization semantics remain unconfirmed."", ""Weather availability uses archive-object metadata, not original NOAA publication proof."", ""Forecast target is normalized power; no conversion to MW/MWh is justified.""]"
1.0,6b9d0672915fd0b6d0e6b4e9,1,2026-02-22T18:00:00Z,turbine_2,2026-02-23T18:00:00Z,24,0.6250543318272028,normalized_power,gfs_0p25,2026-02-22T12:00:00Z,wind-power-v1,2026-01-31T18:00:00Z,warning,"[""Uncertainty intervals are not calibrated"", ""Unconfirmed: all source labels use fixed UTC+5 and mark the start of a ten-minute mean; reporting delay is zero and normalization remains unresolved."", ""Source-clock and target normalization semantics remain unconfirmed."", ""Weather availability uses archive-object metadata, not original NOAA publication proof."", ""Forecast target is normalized power; no conversion to MW/MWh is justified.""]"
1.0,90279dcba785e533f588dc99,1,2026-02-23T18:00:00Z,turbine_2,2026-02-23T19:00:00Z,1,0.6224108308538212,normalized_power,gfs_0p25,2026-02-23T12:00:00Z,wind-power-v1,2026-01-31T18:00:00Z,warning,"[""Uncertainty intervals are not calibrated"", ""Unconfirmed: all source labels use fixed UTC+5 and mark the start of a ten-minute mean; reporting delay is zero and normalization remains unresolved."", ""Source-clock and target normalization semantics remain unconfirmed."", ""Weather availability uses archive-object metadata, not original NOAA publication proof."", ""Forecast target is normalized power; no conversion to MW/MWh is justified.""]"
1.0,90279dcba785e533f588dc99,1,2026-02-23T18:00:00Z,turbine_2,2026-02-23T20:00:00Z,2,0.6532178225269794,normalized_power,gfs_0p25,2026-02-23T12:00:00Z,wind-power-v1,2026-01-31T18:00:00Z,warning,"[""Uncertainty intervals are not calibrated"", ""Unconfirmed: all source labels use fixed UTC+5 and mark the start of a ten-minute mean; reporting delay is zero and normalization remains unresolved."", ""Source-clock and target normalization semantics remain unconfirmed."", ""Weather availability uses archive-object metadata, not original NOAA publication proof."", ""Forecast target is normalized power; no conversion to MW/MWh is justified.""]"
1.0,90279dcba785e533f588dc99,1,2026-02-23T18:00:00Z,turbine_2,2026-02-23T21:00:00Z,3,0.6935848694734817,normalized_power,gfs_0p25,2026-02-23T12:00:00Z,wind-power-v1,2026-01-31T18:00:00Z,warning,"[""Uncertainty intervals are not calibrated"", ""Unconfirmed: all source labels use fixed UTC+5 and mark the start of a ten-minute mean; reporting delay is zero and normalization remains unresolved."", ""Source-clock and target normalization semantics remain unconfirmed."", ""Weather availability uses archive-object metadata, not original NOAA publication proof."", ""Forecast target is normalized power; no conversion to MW/MWh is justified.""]"
1.0,90279dcba785e533f588dc99,1,2026-02-23T18:00:00Z,turbine_2,2026-02-23T22:00:00Z,4,0.7025126978409374,normalized_power,gfs_0p25,2026-02-23T12:00:00Z,wind-power-v1,2026-01-31T18:00:00Z,warning,"[""Uncertainty intervals are not calibrated"", ""Unconfirmed: all source labels use fixed UTC+5 and mark the start of a ten-minute mean; reporting delay is zero and normalization remains unresolved."", ""Source-clock and target normalization semantics remain unconfirmed."", ""Weather availability uses archive-object metadata, not original NOAA publication proof."", ""Forecast target is normalized power; no conversion to MW/MWh is justified.""]"
1.0,90279dcba785e533f588dc99,1,2026-02-23T18:00:00Z,turbine_2,2026-02-23T23:00:00Z,5,0.6143373097650201,normalized_power,gfs_0p25,2026-02-23T12:00:00Z,wind-power-v1,2026-01-31T18:00:00Z,warning,"[""Uncertainty intervals are not calibrated"", ""Unconfirmed: all source labels use fixed UTC+5 and mark the start of a ten-minute mean; reporting delay is zero and normalization remains unresolved."", ""Source-clock and target normalization semantics remain unconfirmed."", ""Weather availability uses archive-object metadata, not original NOAA publication proof."", ""Forecast target is normalized power; no conversion to MW/MWh is justified.""]"
1.0,90279dcba785e533f588dc99,1,2026-02-23T18:00:00Z,turbine_2,2026-02-24T00:00:00Z,6,0.6194159257675508,normalized_power,gfs_0p25,2026-02-23T12:00:00Z,wind-power-v1,2026-01-31T18:00:00Z,warning,"[""Uncertainty intervals are not calibrated"", ""Unconfirmed: all source labels use fixed UTC+5 and mark the start of a ten-minute mean; reporting delay is zero and normalization remains unresolved."", ""Source-clock and target normalization semantics remain unconfirmed."", ""Weather availability uses archive-object metadata, not original NOAA publication proof."", ""Forecast target is normalized power; no conversion to MW/MWh is justified.""]"
1.0,90279dcba785e533f588dc99,1,2026-02-23T18:00:00Z,turbine_2,2026-02-24T01:00:00Z,7,0.5327247105767648,normalized_power,gfs_0p25,2026-02-23T12:00:00Z,wind-power-v1,2026-01-31T18:00:00Z,warning,"[""Uncertainty intervals are not calibrated"", ""Unconfirmed: all source labels use fixed UTC+5 and mark the start of a ten-minute mean; reporting delay is zero and normalization remains unresolved."", ""Source-clock and target normalization semantics remain unconfirmed."", ""Weather availability uses archive-object metadata, not original NOAA publication proof."", ""Forecast target is normalized power; no conversion to MW/MWh is justified.""]"
1.0,90279dcba785e533f588dc99,1,2026-02-23T18:00:00Z,turbine_2,2026-02-24T02:00:00Z,8,0.5696270307250776,normalized_power,gfs_0p25,2026-02-23T12:00:00Z,wind-power-v1,2026-01-31T18:00:00Z,warning,"[""Uncertainty intervals are not calibrated"", ""Unconfirmed: all source labels use fixed UTC+5 and mark the start of a ten-minute mean; reporting delay is zero and normalization remains unresolved."", ""Source-clock and target normalization semantics remain unconfirmed."", ""Weather availability uses archive-object metadata, not original NOAA publication proof."", ""Forecast target is normalized power; no conversion to MW/MWh is justified.""]"
1.0,90279dcba785e533f588dc99,1,2026-02-23T18:00:00Z,turbine_2,2026-02-24T03:00:00Z,9,0.4842609638584406,normalized_power,gfs_0p25,2026-02-23T12:00:00Z,wind-power-v1,2026-01-31T18:00:00Z,warning,"[""Uncertainty intervals are not calibrated"", ""Unconfirmed: all source labels use fixed UTC+5 and mark the start of a ten-minute mean; reporting delay is zero and normalization remains unresolved."", ""Source-clock and target normalization semantics remain unconfirmed."", ""Weather availability uses archive-object metadata, not original NOAA publication proof."", ""Forecast target is normalized power; no conversion to MW/MWh is justified.""]"
1.0,90279dcba785e533f588dc99,1,2026-02-23T18:00:00Z,turbine_2,2026-02-24T04:00:00Z,10,0.32877385581666746,normalized_power,gfs_0p25,2026-02-23T12:00:00Z,wind-power-v1,2026-01-31T18:00:00Z,warning,"[""Uncertainty intervals are not calibrated"", ""Unconfirmed: all source labels use fixed UTC+5 and mark the start of a ten-minute mean; reporting delay is zero and normalization remains unresolved."", ""Source-clock and target normalization semantics remain unconfirmed."", ""Weather availability uses archive-object metadata, not original NOAA publication proof."", ""Forecast target is normalized power; no conversion to MW/MWh is justified.""]"
1.0,90279dcba785e533f588dc99,1,2026-02-23T18:00:00Z,turbine_2,2026-02-24T05:00:00Z,11,0.31650654341099144,normalized_power,gfs_0p25,2026-02-23T12:00:00Z,wind-power-v1,2026-01-31T18:00:00Z,warning,"[""Uncertainty intervals are not calibrated"", ""Unconfirmed: all source labels use fixed UTC+5 and mark the start of a ten-minute mean; reporting delay is zero and normalization remains unresolved."", ""Source-clock and target normalization semantics remain unconfirmed."", ""Weather availability uses archive-object metadata, not original NOAA publication proof."", ""Forecast target is normalized power; no conversion to MW/MWh is justified.""]"
1.0,90279dcba785e533f588dc99,1,2026-02-23T18:00:00Z,turbine_2,2026-02-24T06:00:00Z,12,0.33817573679955754,normalized_power,gfs_0p25,2026-02-23T12:00:00Z,wind-power-v1,2026-01-31T18:00:00Z,warning,"[""Uncertainty intervals are not calibrated"", ""Unconfirmed: all source labels use fixed UTC+5 and mark the start of a ten-minute mean; reporting delay is zero and normalization remains unresolved."", ""Source-clock and target normalization semantics remain unconfirmed."", ""Weather availability uses archive-object metadata, not original NOAA publication proof."", ""Forecast target is normalized power; no conversion to MW/MWh is justified.""]"
1.0,90279dcba785e533f588dc99,1,2026-02-23T18:00:00Z,turbine_2,2026-02-24T07:00:00Z,13,0.26163015269580275,normalized_power,gfs_0p25,2026-02-23T12:00:00Z,wind-power-v1,2026-01-31T18:00:00Z,warning,"[""Uncertainty intervals are not calibrated"", ""Unconfirmed: all source labels use fixed UTC+5 and mark the start of a ten-minute mean; reporting delay is zero and normalization remains unresolved."", ""Source-clock and target normalization semantics remain unconfirmed."", ""Weather availability uses archive-object metadata, not original NOAA publication proof."", ""Forecast target is normalized power; no conversion to MW/MWh is justified.""]"
1.0,90279dcba785e533f588dc99,1,2026-02-23T18:00:00Z,turbine_2,2026-02-24T08:00:00Z,14,0.20818480901057815,normalized_power,gfs_0p25,2026-02-23T12:00:00Z,wind-power-v1,2026-01-31T18:00:00Z,warning,"[""Uncertainty intervals are not calibrated"", ""Unconfirmed: all source labels use fixed UTC+5 and mark the start of a ten-minute mean; reporting delay is zero and normalization remains unresolved."", ""Source-clock and target normalization semantics remain unconfirmed."", ""Weather availability uses archive-object metadata, not original NOAA publication proof."", ""Forecast target is normalized power; no conversion to MW/MWh is justified.""]"
1.0,90279dcba785e533f588dc99,1,2026-02-23T18:00:00Z,turbine_2,2026-02-24T09:00:00Z,15,0.2963804097626423,normalized_power,gfs_0p25,2026-02-23T12:00:00Z,wind-power-v1,2026-01-31T18:00:00Z,warning,"[""Uncertainty intervals are not calibrated"", ""Unconfirmed: all source labels use fixed UTC+5 and mark the start of a ten-minute mean; reporting delay is zero and normalization remains unresolved."", ""Source-clock and target normalization semantics remain unconfirmed."", ""Weather availability uses archive-object metadata, not original NOAA publication proof."", ""Forecast target is normalized power; no conversion to MW/MWh is justified.""]"
1.0,90279dcba785e533f588dc99,1,2026-02-23T18:00:00Z,turbine_2,2026-02-24T10:00:00Z,16,0.4046263333056245,normalized_power,gfs_0p25,2026-02-23T12:00:00Z,wind-power-v1,2026-01-31T18:00:00Z,warning,"[""Uncertainty intervals are not calibrated"", ""Unconfirmed: all source labels use fixed UTC+5 and mark the start of a ten-minute mean; reporting delay is zero and normalization remains unresolved."", ""Source-clock and target normalization semantics remain unconfirmed."", ""Weather availability uses archive-object metadata, not original NOAA publication proof."", ""Forecast target is normalized power; no conversion to MW/MWh is justified.""]"
1.0,90279dcba785e533f588dc99,1,2026-02-23T18:00:00Z,turbine_2,2026-02-24T11:00:00Z,17,0.2837743622672149,normalized_power,gfs_0p25,2026-02-23T12:00:00Z,wind-power-v1,2026-01-31T18:00:00Z,warning,"[""Uncertainty intervals are not calibrated"", ""Unconfirmed: all source labels use fixed UTC+5 and mark the start of a ten-minute mean; reporting delay is zero and normalization remains unresolved."", ""Source-clock and target normalization semantics remain unconfirmed."", ""Weather availability uses archive-object metadata, not original NOAA publication proof."", ""Forecast target is normalized power; no conversion to MW/MWh is justified.""]"
1.0,90279dcba785e533f588dc99,1,2026-02-23T18:00:00Z,turbine_2,2026-02-24T12:00:00Z,18,0.3534282762403858,normalized_power,gfs_0p25,2026-02-23T12:00:00Z,wind-power-v1,2026-01-31T18:00:00Z,warning,"[""Uncertainty intervals are not calibrated"", ""Unconfirmed: all source labels use fixed UTC+5 and mark the start of a ten-minute mean; reporting delay is zero and normalization remains unresolved."", ""Source-clock and target normalization semantics remain unconfirmed."", ""Weather availability uses archive-object metadata, not original NOAA publication proof."", ""Forecast target is normalized power; no conversion to MW/MWh is justified.""]"
1.0,90279dcba785e533f588dc99,1,2026-02-23T18:00:00Z,turbine_2,2026-02-24T13:00:00Z,19,0.22216764590149782,normalized_power,gfs_0p25,2026-02-23T12:00:00Z,wind-power-v1,2026-01-31T18:00:00Z,warning,"[""Uncertainty intervals are not calibrated"", ""Unconfirmed: all source labels use fixed UTC+5 and mark the start of a ten-minute mean; reporting delay is zero and normalization remains unresolved."", ""Source-clock and target normalization semantics remain unconfirmed."", ""Weather availability uses archive-object metadata, not original NOAA publication proof."", ""Forecast target is normalized power; no conversion to MW/MWh is justified.""]"
1.0,90279dcba785e533f588dc99,1,2026-02-23T18:00:00Z,turbine_2,2026-02-24T14:00:00Z,20,0.21576443799374778,normalized_power,gfs_0p25,2026-02-23T12:00:00Z,wind-power-v1,2026-01-31T18:00:00Z,warning,"[""Uncertainty intervals are not calibrated"", ""Unconfirmed: all source labels use fixed UTC+5 and mark the start of a ten-minute mean; reporting delay is zero and normalization remains unresolved."", ""Source-clock and target normalization semantics remain unconfirmed."", ""Weather availability uses archive-object metadata, not original NOAA publication proof."", ""Forecast target is normalized power; no conversion to MW/MWh is justified.""]"
1.0,90279dcba785e533f588dc99,1,2026-02-23T18:00:00Z,turbine_2,2026-02-24T15:00:00Z,21,0.1633506201275615,normalized_power,gfs_0p25,2026-02-23T12:00:00Z,wind-power-v1,2026-01-31T18:00:00Z,warning,"[""Uncertainty intervals are not calibrated"", ""Unconfirmed: all source labels use fixed UTC+5 and mark the start of a ten-minute mean; reporting delay is zero and normalization remains unresolved."", ""Source-clock and target normalization semantics remain unconfirmed."", ""Weather availability uses archive-object metadata, not original NOAA publication proof."", ""Forecast target is normalized power; no conversion to MW/MWh is justified.""]"
1.0,90279dcba785e533f588dc99,1,2026-02-23T18:00:00Z,turbine_2,2026-02-24T16:00:00Z,22,0.10274706790831689,normalized_power,gfs_0p25,2026-02-23T12:00:00Z,wind-power-v1,2026-01-31T18:00:00Z,warning,"[""Uncertainty intervals are not calibrated"", ""Unconfirmed: all source labels use fixed UTC+5 and mark the start of a ten-minute mean; reporting delay is zero and normalization remains unresolved."", ""Source-clock and target normalization semantics remain unconfirmed."", ""Weather availability uses archive-object metadata, not original NOAA publication proof."", ""Forecast target is normalized power; no conversion to MW/MWh is justified.""]"
1.0,90279dcba785e533f588dc99,1,2026-02-23T18:00:00Z,turbine_2,2026-02-24T17:00:00Z,23,0.09133181510770469,normalized_power,gfs_0p25,2026-02-23T12:00:00Z,wind-power-v1,2026-01-31T18:00:00Z,warning,"[""Uncertainty intervals are not calibrated"", ""Unconfirmed: all source labels use fixed UTC+5 and mark the start of a ten-minute mean; reporting delay is zero and normalization remains unresolved."", ""Source-clock and target normalization semantics remain unconfirmed."", ""Weather availability uses archive-object metadata, not original NOAA publication proof."", ""Forecast target is normalized power; no conversion to MW/MWh is justified.""]"
1.0,90279dcba785e533f588dc99,1,2026-02-23T18:00:00Z,turbine_2,2026-02-24T18:00:00Z,24,0.054618599408665654,normalized_power,gfs_0p25,2026-02-23T12:00:00Z,wind-power-v1,2026-01-31T18:00:00Z,warning,"[""Uncertainty intervals are not calibrated"", ""Unconfirmed: all source labels use fixed UTC+5 and mark the start of a ten-minute mean; reporting delay is zero and normalization remains unresolved."", ""Source-clock and target normalization semantics remain unconfirmed."", ""Weather availability uses archive-object metadata, not original NOAA publication proof."", ""Forecast target is normalized power; no conversion to MW/MWh is justified.""]"
1.0,d25c6532b8f3420aa234bd80,1,2026-02-24T18:00:00Z,turbine_2,2026-02-24T19:00:00Z,1,0.07081129107839547,normalized_power,gfs_0p25,2026-02-24T12:00:00Z,wind-power-v1,2026-01-31T18:00:00Z,warning,"[""Uncertainty intervals are not calibrated"", ""Unconfirmed: all source labels use fixed UTC+5 and mark the start of a ten-minute mean; reporting delay is zero and normalization remains unresolved."", ""Source-clock and target normalization semantics remain unconfirmed."", ""Weather availability uses archive-object metadata, not original NOAA publication proof."", ""Forecast target is normalized power; no conversion to MW/MWh is justified.""]"
1.0,d25c6532b8f3420aa234bd80,1,2026-02-24T18:00:00Z,turbine_2,2026-02-24T20:00:00Z,2,0.07081129107839547,normalized_power,gfs_0p25,2026-02-24T12:00:00Z,wind-power-v1,2026-01-31T18:00:00Z,warning,"[""Uncertainty intervals are not calibrated"", ""Unconfirmed: all source labels use fixed UTC+5 and mark the start of a ten-minute mean; reporting delay is zero and normalization remains unresolved."", ""Source-clock and target normalization semantics remain unconfirmed."", ""Weather availability uses archive-object metadata, not original NOAA publication proof."", ""Forecast target is normalized power; no conversion to MW/MWh is justified.""]"
1.0,d25c6532b8f3420aa234bd80,1,2026-02-24T18:00:00Z,turbine_2,2026-02-24T21:00:00Z,3,0.0708501963511072,normalized_power,gfs_0p25,2026-02-24T12:00:00Z,wind-power-v1,2026-01-31T18:00:00Z,warning,"[""Uncertainty intervals are not calibrated"", ""Unconfirmed: all source labels use fixed UTC+5 and mark the start of a ten-minute mean; reporting delay is zero and normalization remains unresolved."", ""Source-clock and target normalization semantics remain unconfirmed."", ""Weather availability uses archive-object metadata, not original NOAA publication proof."", ""Forecast target is normalized power; no conversion to MW/MWh is justified.""]"
1.0,d25c6532b8f3420aa234bd80,1,2026-02-24T18:00:00Z,turbine_2,2026-02-24T22:00:00Z,4,0.0708501963511072,normalized_power,gfs_0p25,2026-02-24T12:00:00Z,wind-power-v1,2026-01-31T18:00:00Z,warning,"[""Uncertainty intervals are not calibrated"", ""Unconfirmed: all source labels use fixed UTC+5 and mark the start of a ten-minute mean; reporting delay is zero and normalization remains unresolved."", ""Source-clock and target normalization semantics remain unconfirmed."", ""Weather availability uses archive-object metadata, not original NOAA publication proof."", ""Forecast target is normalized power; no conversion to MW/MWh is justified.""]"
1.0,d25c6532b8f3420aa234bd80,1,2026-02-24T18:00:00Z,turbine_2,2026-02-24T23:00:00Z,5,0.0708501963511072,normalized_power,gfs_0p25,2026-02-24T12:00:00Z,wind-power-v1,2026-01-31T18:00:00Z,warning,"[""Uncertainty intervals are not calibrated"", ""Unconfirmed: all source labels use fixed UTC+5 and mark the start of a ten-minute mean; reporting delay is zero and normalization remains unresolved."", ""Source-clock and target normalization semantics remain unconfirmed."", ""Weather availability uses archive-object metadata, not original NOAA publication proof."", ""Forecast target is normalized power; no conversion to MW/MWh is justified.""]"
1.0,d25c6532b8f3420aa234bd80,1,2026-02-24T18:00:00Z,turbine_2,2026-02-25T00:00:00Z,6,0.07723950721920401,normalized_power,gfs_0p25,2026-02-24T12:00:00Z,wind-power-v1,2026-01-31T18:00:00Z,warning,"[""Uncertainty intervals are not calibrated"", ""Unconfirmed: all source labels use fixed UTC+5 and mark the start of a ten-minute mean; reporting delay is zero and normalization remains unresolved."", ""Source-clock and target normalization semantics remain unconfirmed."", ""Weather availability uses archive-object metadata, not original NOAA publication proof."", ""Forecast target is normalized power; no conversion to MW/MWh is justified.""]"
1.0,d25c6532b8f3420aa234bd80,1,2026-02-24T18:00:00Z,turbine_2,2026-02-25T01:00:00Z,7,0.06203874729205073,normalized_power,gfs_0p25,2026-02-24T12:00:00Z,wind-power-v1,2026-01-31T18:00:00Z,warning,"[""Uncertainty intervals are not calibrated"", ""Unconfirmed: all source labels use fixed UTC+5 and mark the start of a ten-minute mean; reporting delay is zero and normalization remains unresolved."", ""Source-clock and target normalization semantics remain unconfirmed."", ""Weather availability uses archive-object metadata, not original NOAA publication proof."", ""Forecast target is normalized power; no conversion to MW/MWh is justified.""]"
1.0,d25c6532b8f3420aa234bd80,1,2026-02-24T18:00:00Z,turbine_2,2026-02-25T02:00:00Z,8,0.10718996590962958,normalized_power,gfs_0p25,2026-02-24T12:00:00Z,wind-power-v1,2026-01-31T18:00:00Z,warning,"[""Uncertainty intervals are not calibrated"", ""Unconfirmed: all source labels use fixed UTC+5 and mark the start of a ten-minute mean; reporting delay is zero and normalization remains unresolved."", ""Source-clock and target normalization semantics remain unconfirmed."", ""Weather availability uses archive-object metadata, not original NOAA publication proof."", ""Forecast target is normalized power; no conversion to MW/MWh is justified.""]"
1.0,d25c6532b8f3420aa234bd80,1,2026-02-24T18:00:00Z,turbine_2,2026-02-25T03:00:00Z,9,0.1486282997014689,normalized_power,gfs_0p25,2026-02-24T12:00:00Z,wind-power-v1,2026-01-31T18:00:00Z,warning,"[""Uncertainty intervals are not calibrated"", ""Unconfirmed: all source labels use fixed UTC+5 and mark the start of a ten-minute mean; reporting delay is zero and normalization remains unresolved."", ""Source-clock and target normalization semantics remain unconfirmed."", ""Weather availability uses archive-object metadata, not original NOAA publication proof."", ""Forecast target is normalized power; no conversion to MW/MWh is justified.""]"
1.0,d25c6532b8f3420aa234bd80,1,2026-02-24T18:00:00Z,turbine_2,2026-02-25T04:00:00Z,10,0.11211131969696944,normalized_power,gfs_0p25,2026-02-24T12:00:00Z,wind-power-v1,2026-01-31T18:00:00Z,warning,"[""Uncertainty intervals are not calibrated"", ""Unconfirmed: all source labels use fixed UTC+5 and mark the start of a ten-minute mean; reporting delay is zero and normalization remains unresolved."", ""Source-clock and target normalization semantics remain unconfirmed."", ""Weather availability uses archive-object metadata, not original NOAA publication proof."", ""Forecast target is normalized power; no conversion to MW/MWh is justified.""]"
1.0,d25c6532b8f3420aa234bd80,1,2026-02-24T18:00:00Z,turbine_2,2026-02-25T05:00:00Z,11,0.1980046787082536,normalized_power,gfs_0p25,2026-02-24T12:00:00Z,wind-power-v1,2026-01-31T18:00:00Z,warning,"[""Uncertainty intervals are not calibrated"", ""Unconfirmed: all source labels use fixed UTC+5 and mark the start of a ten-minute mean; reporting delay is zero and normalization remains unresolved."", ""Source-clock and target normalization semantics remain unconfirmed."", ""Weather availability uses archive-object metadata, not original NOAA publication proof."", ""Forecast target is normalized power; no conversion to MW/MWh is justified.""]"
1.0,d25c6532b8f3420aa234bd80,1,2026-02-24T18:00:00Z,turbine_2,2026-02-25T06:00:00Z,12,0.1168671664003919,normalized_power,gfs_0p25,2026-02-24T12:00:00Z,wind-power-v1,2026-01-31T18:00:00Z,warning,"[""Uncertainty intervals are not calibrated"", ""Unconfirmed: all source labels use fixed UTC+5 and mark the start of a ten-minute mean; reporting delay is zero and normalization remains unresolved."", ""Source-clock and target normalization semantics remain unconfirmed."", ""Weather availability uses archive-object metadata, not original NOAA publication proof."", ""Forecast target is normalized power; no conversion to MW/MWh is justified.""]"
1.0,d25c6532b8f3420aa234bd80,1,2026-02-24T18:00:00Z,turbine_2,2026-02-25T07:00:00Z,13,0.16091001471034194,normalized_power,gfs_0p25,2026-02-24T12:00:00Z,wind-power-v1,2026-01-31T18:00:00Z,warning,"[""Uncertainty intervals are not calibrated"", ""Unconfirmed: all source labels use fixed UTC+5 and mark the start of a ten-minute mean; reporting delay is zero and normalization remains unresolved."", ""Source-clock and target normalization semantics remain unconfirmed."", ""Weather availability uses archive-object metadata, not original NOAA publication proof."", ""Forecast target is normalized power; no conversion to MW/MWh is justified.""]"
1.0,d25c6532b8f3420aa234bd80,1,2026-02-24T18:00:00Z,turbine_2,2026-02-25T08:00:00Z,14,0.0744312453955893,normalized_power,gfs_0p25,2026-02-24T12:00:00Z,wind-power-v1,2026-01-31T18:00:00Z,warning,"[""Uncertainty intervals are not calibrated"", ""Unconfirmed: all source labels use fixed UTC+5 and mark the start of a ten-minute mean; reporting delay is zero and normalization remains unresolved."", ""Source-clock and target normalization semantics remain unconfirmed."", ""Weather availability uses archive-object metadata, not original NOAA publication proof."", ""Forecast target is normalized power; no conversion to MW/MWh is justified.""]"
1.0,d25c6532b8f3420aa234bd80,1,2026-02-24T18:00:00Z,turbine_2,2026-02-25T09:00:00Z,15,0.13839745850562388,normalized_power,gfs_0p25,2026-02-24T12:00:00Z,wind-power-v1,2026-01-31T18:00:00Z,warning,"[""Uncertainty intervals are not calibrated"", ""Unconfirmed: all source labels use fixed UTC+5 and mark the start of a ten-minute mean; reporting delay is zero and normalization remains unresolved."", ""Source-clock and target normalization semantics remain unconfirmed."", ""Weather availability uses archive-object metadata, not original NOAA publication proof."", ""Forecast target is normalized power; no conversion to MW/MWh is justified.""]"
1.0,d25c6532b8f3420aa234bd80,1,2026-02-24T18:00:00Z,turbine_2,2026-02-25T10:00:00Z,16,0.21103009367726466,normalized_power,gfs_0p25,2026-02-24T12:00:00Z,wind-power-v1,2026-01-31T18:00:00Z,warning,"[""Uncertainty intervals are not calibrated"", ""Unconfirmed: all source labels use fixed UTC+5 and mark the start of a ten-minute mean; reporting delay is zero and normalization remains unresolved."", ""Source-clock and target normalization semantics remain unconfirmed."", ""Weather availability uses archive-object metadata, not original NOAA publication proof."", ""Forecast target is normalized power; no conversion to MW/MWh is justified.""]"
1.0,d25c6532b8f3420aa234bd80,1,2026-02-24T18:00:00Z,turbine_2,2026-02-25T11:00:00Z,17,0.21639938822360122,normalized_power,gfs_0p25,2026-02-24T12:00:00Z,wind-power-v1,2026-01-31T18:00:00Z,warning,"[""Uncertainty intervals are not calibrated"", ""Unconfirmed: all source labels use fixed UTC+5 and mark the start of a ten-minute mean; reporting delay is zero and normalization remains unresolved."", ""Source-clock and target normalization semantics remain unconfirmed."", ""Weather availability uses archive-object metadata, not original NOAA publication proof."", ""Forecast target is normalized power; no conversion to MW/MWh is justified.""]"
1.0,d25c6532b8f3420aa234bd80,1,2026-02-24T18:00:00Z,turbine_2,2026-02-25T12:00:00Z,18,0.17946437777132637,normalized_power,gfs_0p25,2026-02-24T12:00:00Z,wind-power-v1,2026-01-31T18:00:00Z,warning,"[""Uncertainty intervals are not calibrated"", ""Unconfirmed: all source labels use fixed UTC+5 and mark the start of a ten-minute mean; reporting delay is zero and normalization remains unresolved."", ""Source-clock and target normalization semantics remain unconfirmed."", ""Weather availability uses archive-object metadata, not original NOAA publication proof."", ""Forecast target is normalized power; no conversion to MW/MWh is justified.""]"
1.0,d25c6532b8f3420aa234bd80,1,2026-02-24T18:00:00Z,turbine_2,2026-02-25T13:00:00Z,19,0.29691098082639406,normalized_power,gfs_0p25,2026-02-24T12:00:00Z,wind-power-v1,2026-01-31T18:00:00Z,warning,"[""Uncertainty intervals are not calibrated"", ""Unconfirmed: all source labels use fixed UTC+5 and mark the start of a ten-minute mean; reporting delay is zero and normalization remains unresolved."", ""Source-clock and target normalization semantics remain unconfirmed."", ""Weather availability uses archive-object metadata, not original NOAA publication proof."", ""Forecast target is normalized power; no conversion to MW/MWh is justified.""]"
1.0,d25c6532b8f3420aa234bd80,1,2026-02-24T18:00:00Z,turbine_2,2026-02-25T14:00:00Z,20,0.30592356051993885,normalized_power,gfs_0p25,2026-02-24T12:00:00Z,wind-power-v1,2026-01-31T18:00:00Z,warning,"[""Uncertainty intervals are not calibrated"", ""Unconfirmed: all source labels use fixed UTC+5 and mark the start of a ten-minute mean; reporting delay is zero and normalization remains unresolved."", ""Source-clock and target normalization semantics remain unconfirmed."", ""Weather availability uses archive-object metadata, not original NOAA publication proof."", ""Forecast target is normalized power; no conversion to MW/MWh is justified.""]"
1.0,d25c6532b8f3420aa234bd80,1,2026-02-24T18:00:00Z,turbine_2,2026-02-25T15:00:00Z,21,0.3064967923297277,normalized_power,gfs_0p25,2026-02-24T12:00:00Z,wind-power-v1,2026-01-31T18:00:00Z,warning,"[""Uncertainty intervals are not calibrated"", ""Unconfirmed: all source labels use fixed UTC+5 and mark the start of a ten-minute mean; reporting delay is zero and normalization remains unresolved."", ""Source-clock and target normalization semantics remain unconfirmed."", ""Weather availability uses archive-object metadata, not original NOAA publication proof."", ""Forecast target is normalized power; no conversion to MW/MWh is justified.""]"
1.0,d25c6532b8f3420aa234bd80,1,2026-02-24T18:00:00Z,turbine_2,2026-02-25T16:00:00Z,22,0.3036309108045143,normalized_power,gfs_0p25,2026-02-24T12:00:00Z,wind-power-v1,2026-01-31T18:00:00Z,warning,"[""Uncertainty intervals are not calibrated"", ""Unconfirmed: all source labels use fixed UTC+5 and mark the start of a ten-minute mean; reporting delay is zero and normalization remains unresolved."", ""Source-clock and target normalization semantics remain unconfirmed."", ""Weather availability uses archive-object metadata, not original NOAA publication proof."", ""Forecast target is normalized power; no conversion to MW/MWh is justified.""]"
1.0,d25c6532b8f3420aa234bd80,1,2026-02-24T18:00:00Z,turbine_2,2026-02-25T17:00:00Z,23,0.46570246690046174,normalized_power,gfs_0p25,2026-02-24T12:00:00Z,wind-power-v1,2026-01-31T18:00:00Z,warning,"[""Uncertainty intervals are not calibrated"", ""Unconfirmed: all source labels use fixed UTC+5 and mark the start of a ten-minute mean; reporting delay is zero and normalization remains unresolved."", ""Source-clock and target normalization semantics remain unconfirmed."", ""Weather availability uses archive-object metadata, not original NOAA publication proof."", ""Forecast target is normalized power; no conversion to MW/MWh is justified.""]"
1.0,d25c6532b8f3420aa234bd80,1,2026-02-24T18:00:00Z,turbine_2,2026-02-25T18:00:00Z,24,0.6246052356639572,normalized_power,gfs_0p25,2026-02-24T12:00:00Z,wind-power-v1,2026-01-31T18:00:00Z,warning,"[""Uncertainty intervals are not calibrated"", ""Unconfirmed: all source labels use fixed UTC+5 and mark the start of a ten-minute mean; reporting delay is zero and normalization remains unresolved."", ""Source-clock and target normalization semantics remain unconfirmed."", ""Weather availability uses archive-object metadata, not original NOAA publication proof."", ""Forecast target is normalized power; no conversion to MW/MWh is justified.""]"
1.0,e00065e446754271332fbeb8,1,2026-02-25T18:00:00Z,turbine_2,2026-02-25T19:00:00Z,1,0.5758250345615625,normalized_power,gfs_0p25,2026-02-25T12:00:00Z,wind-power-v1,2026-01-31T18:00:00Z,warning,"[""Uncertainty intervals are not calibrated"", ""Unconfirmed: all source labels use fixed UTC+5 and mark the start of a ten-minute mean; reporting delay is zero and normalization remains unresolved."", ""Source-clock and target normalization semantics remain unconfirmed."", ""Weather availability uses archive-object metadata, not original NOAA publication proof."", ""Forecast target is normalized power; no conversion to MW/MWh is justified.""]"
1.0,e00065e446754271332fbeb8,1,2026-02-25T18:00:00Z,turbine_2,2026-02-25T20:00:00Z,2,0.7763669101752536,normalized_power,gfs_0p25,2026-02-25T12:00:00Z,wind-power-v1,2026-01-31T18:00:00Z,warning,"[""Uncertainty intervals are not calibrated"", ""Unconfirmed: all source labels use fixed UTC+5 and mark the start of a ten-minute mean; reporting delay is zero and normalization remains unresolved."", ""Source-clock and target normalization semantics remain unconfirmed."", ""Weather availability uses archive-object metadata, not original NOAA publication proof."", ""Forecast target is normalized power; no conversion to MW/MWh is justified.""]"
1.0,e00065e446754271332fbeb8,1,2026-02-25T18:00:00Z,turbine_2,2026-02-25T21:00:00Z,3,0.5800345296124498,normalized_power,gfs_0p25,2026-02-25T12:00:00Z,wind-power-v1,2026-01-31T18:00:00Z,warning,"[""Uncertainty intervals are not calibrated"", ""Unconfirmed: all source labels use fixed UTC+5 and mark the start of a ten-minute mean; reporting delay is zero and normalization remains unresolved."", ""Source-clock and target normalization semantics remain unconfirmed."", ""Weather availability uses archive-object metadata, not original NOAA publication proof."", ""Forecast target is normalized power; no conversion to MW/MWh is justified.""]"
1.0,e00065e446754271332fbeb8,1,2026-02-25T18:00:00Z,turbine_2,2026-02-25T22:00:00Z,4,0.6615830903427681,normalized_power,gfs_0p25,2026-02-25T12:00:00Z,wind-power-v1,2026-01-31T18:00:00Z,warning,"[""Uncertainty intervals are not calibrated"", ""Unconfirmed: all source labels use fixed UTC+5 and mark the start of a ten-minute mean; reporting delay is zero and normalization remains unresolved."", ""Source-clock and target normalization semantics remain unconfirmed."", ""Weather availability uses archive-object metadata, not original NOAA publication proof."", ""Forecast target is normalized power; no conversion to MW/MWh is justified.""]"
1.0,e00065e446754271332fbeb8,1,2026-02-25T18:00:00Z,turbine_2,2026-02-25T23:00:00Z,5,0.6612944359067688,normalized_power,gfs_0p25,2026-02-25T12:00:00Z,wind-power-v1,2026-01-31T18:00:00Z,warning,"[""Uncertainty intervals are not calibrated"", ""Unconfirmed: all source labels use fixed UTC+5 and mark the start of a ten-minute mean; reporting delay is zero and normalization remains unresolved."", ""Source-clock and target normalization semantics remain unconfirmed."", ""Weather availability uses archive-object metadata, not original NOAA publication proof."", ""Forecast target is normalized power; no conversion to MW/MWh is justified.""]"
1.0,e00065e446754271332fbeb8,1,2026-02-25T18:00:00Z,turbine_2,2026-02-26T00:00:00Z,6,0.4424628574885569,normalized_power,gfs_0p25,2026-02-25T12:00:00Z,wind-power-v1,2026-01-31T18:00:00Z,warning,"[""Uncertainty intervals are not calibrated"", ""Unconfirmed: all source labels use fixed UTC+5 and mark the start of a ten-minute mean; reporting delay is zero and normalization remains unresolved."", ""Source-clock and target normalization semantics remain unconfirmed."", ""Weather availability uses archive-object metadata, not original NOAA publication proof."", ""Forecast target is normalized power; no conversion to MW/MWh is justified.""]"
1.0,e00065e446754271332fbeb8,1,2026-02-25T18:00:00Z,turbine_2,2026-02-26T01:00:00Z,7,0.5147745441255381,normalized_power,gfs_0p25,2026-02-25T12:00:00Z,wind-power-v1,2026-01-31T18:00:00Z,warning,"[""Uncertainty intervals are not calibrated"", ""Unconfirmed: all source labels use fixed UTC+5 and mark the start of a ten-minute mean; reporting delay is zero and normalization remains unresolved."", ""Source-clock and target normalization semantics remain unconfirmed."", ""Weather availability uses archive-object metadata, not original NOAA publication proof."", ""Forecast target is normalized power; no conversion to MW/MWh is justified.""]"
1.0,e00065e446754271332fbeb8,1,2026-02-25T18:00:00Z,turbine_2,2026-02-26T02:00:00Z,8,0.21282979669433835,normalized_power,gfs_0p25,2026-02-25T12:00:00Z,wind-power-v1,2026-01-31T18:00:00Z,warning,"[""Uncertainty intervals are not calibrated"", ""Unconfirmed: all source labels use fixed UTC+5 and mark the start of a ten-minute mean; reporting delay is zero and normalization remains unresolved."", ""Source-clock and target normalization semantics remain unconfirmed."", ""Weather availability uses archive-object metadata, not original NOAA publication proof."", ""Forecast target is normalized power; no conversion to MW/MWh is justified.""]"
1.0,e00065e446754271332fbeb8,1,2026-02-25T18:00:00Z,turbine_2,2026-02-26T03:00:00Z,9,0.34196185276778707,normalized_power,gfs_0p25,2026-02-25T12:00:00Z,wind-power-v1,2026-01-31T18:00:00Z,warning,"[""Uncertainty intervals are not calibrated"", ""Unconfirmed: all source labels use fixed UTC+5 and mark the start of a ten-minute mean; reporting delay is zero and normalization remains unresolved."", ""Source-clock and target normalization semantics remain unconfirmed."", ""Weather availability uses archive-object metadata, not original NOAA publication proof."", ""Forecast target is normalized power; no conversion to MW/MWh is justified.""]"
1.0,e00065e446754271332fbeb8,1,2026-02-25T18:00:00Z,turbine_2,2026-02-26T04:00:00Z,10,0.21007621536178311,normalized_power,gfs_0p25,2026-02-25T12:00:00Z,wind-power-v1,2026-01-31T18:00:00Z,warning,"[""Uncertainty intervals are not calibrated"", ""Unconfirmed: all source labels use fixed UTC+5 and mark the start of a ten-minute mean; reporting delay is zero and normalization remains unresolved."", ""Source-clock and target normalization semantics remain unconfirmed."", ""Weather availability uses archive-object metadata, not original NOAA publication proof."", ""Forecast target is normalized power; no conversion to MW/MWh is justified.""]"
1.0,e00065e446754271332fbeb8,1,2026-02-25T18:00:00Z,turbine_2,2026-02-26T05:00:00Z,11,0.05037366507986436,normalized_power,gfs_0p25,2026-02-25T12:00:00Z,wind-power-v1,2026-01-31T18:00:00Z,warning,"[""Uncertainty intervals are not calibrated"", ""Unconfirmed: all source labels use fixed UTC+5 and mark the start of a ten-minute mean; reporting delay is zero and normalization remains unresolved."", ""Source-clock and target normalization semantics remain unconfirmed."", ""Weather availability uses archive-object metadata, not original NOAA publication proof."", ""Forecast target is normalized power; no conversion to MW/MWh is justified.""]"
1.0,e00065e446754271332fbeb8,1,2026-02-25T18:00:00Z,turbine_2,2026-02-26T06:00:00Z,12,0.27085285460088815,normalized_power,gfs_0p25,2026-02-25T12:00:00Z,wind-power-v1,2026-01-31T18:00:00Z,warning,"[""Uncertainty intervals are not calibrated"", ""Unconfirmed: all source labels use fixed UTC+5 and mark the start of a ten-minute mean; reporting delay is zero and normalization remains unresolved."", ""Source-clock and target normalization semantics remain unconfirmed."", ""Weather availability uses archive-object metadata, not original NOAA publication proof."", ""Forecast target is normalized power; no conversion to MW/MWh is justified.""]"
1.0,e00065e446754271332fbeb8,1,2026-02-25T18:00:00Z,turbine_2,2026-02-26T07:00:00Z,13,0.27789937420281835,normalized_power,gfs_0p25,2026-02-25T12:00:00Z,wind-power-v1,2026-01-31T18:00:00Z,warning,"[""Uncertainty intervals are not calibrated"", ""Unconfirmed: all source labels use fixed UTC+5 and mark the start of a ten-minute mean; reporting delay is zero and normalization remains unresolved."", ""Source-clock and target normalization semantics remain unconfirmed."", ""Weather availability uses archive-object metadata, not original NOAA publication proof."", ""Forecast target is normalized power; no conversion to MW/MWh is justified.""]"
1.0,e00065e446754271332fbeb8,1,2026-02-25T18:00:00Z,turbine_2,2026-02-26T08:00:00Z,14,0.6174273927270882,normalized_power,gfs_0p25,2026-02-25T12:00:00Z,wind-power-v1,2026-01-31T18:00:00Z,warning,"[""Uncertainty intervals are not calibrated"", ""Unconfirmed: all source labels use fixed UTC+5 and mark the start of a ten-minute mean; reporting delay is zero and normalization remains unresolved."", ""Source-clock and target normalization semantics remain unconfirmed."", ""Weather availability uses archive-object metadata, not original NOAA publication proof."", ""Forecast target is normalized power; no conversion to MW/MWh is justified.""]"
1.0,e00065e446754271332fbeb8,1,2026-02-25T18:00:00Z,turbine_2,2026-02-26T09:00:00Z,15,0.2605585019838528,normalized_power,gfs_0p25,2026-02-25T12:00:00Z,wind-power-v1,2026-01-31T18:00:00Z,warning,"[""Uncertainty intervals are not calibrated"", ""Unconfirmed: all source labels use fixed UTC+5 and mark the start of a ten-minute mean; reporting delay is zero and normalization remains unresolved."", ""Source-clock and target normalization semantics remain unconfirmed."", ""Weather availability uses archive-object metadata, not original NOAA publication proof."", ""Forecast target is normalized power; no conversion to MW/MWh is justified.""]"
1.0,e00065e446754271332fbeb8,1,2026-02-25T18:00:00Z,turbine_2,2026-02-26T10:00:00Z,16,0.3409968011813245,normalized_power,gfs_0p25,2026-02-25T12:00:00Z,wind-power-v1,2026-01-31T18:00:00Z,warning,"[""Uncertainty intervals are not calibrated"", ""Unconfirmed: all source labels use fixed UTC+5 and mark the start of a ten-minute mean; reporting delay is zero and normalization remains unresolved."", ""Source-clock and target normalization semantics remain unconfirmed."", ""Weather availability uses archive-object metadata, not original NOAA publication proof."", ""Forecast target is normalized power; no conversion to MW/MWh is justified.""]"
1.0,e00065e446754271332fbeb8,1,2026-02-25T18:00:00Z,turbine_2,2026-02-26T11:00:00Z,17,0.3174371988213283,normalized_power,gfs_0p25,2026-02-25T12:00:00Z,wind-power-v1,2026-01-31T18:00:00Z,warning,"[""Uncertainty intervals are not calibrated"", ""Unconfirmed: all source labels use fixed UTC+5 and mark the start of a ten-minute mean; reporting delay is zero and normalization remains unresolved."", ""Source-clock and target normalization semantics remain unconfirmed."", ""Weather availability uses archive-object metadata, not original NOAA publication proof."", ""Forecast target is normalized power; no conversion to MW/MWh is justified.""]"
1.0,e00065e446754271332fbeb8,1,2026-02-25T18:00:00Z,turbine_2,2026-02-26T12:00:00Z,18,0.3299433659967052,normalized_power,gfs_0p25,2026-02-25T12:00:00Z,wind-power-v1,2026-01-31T18:00:00Z,warning,"[""Uncertainty intervals are not calibrated"", ""Unconfirmed: all source labels use fixed UTC+5 and mark the start of a ten-minute mean; reporting delay is zero and normalization remains unresolved."", ""Source-clock and target normalization semantics remain unconfirmed."", ""Weather availability uses archive-object metadata, not original NOAA publication proof."", ""Forecast target is normalized power; no conversion to MW/MWh is justified.""]"
1.0,e00065e446754271332fbeb8,1,2026-02-25T18:00:00Z,turbine_2,2026-02-26T13:00:00Z,19,0.39501824941994185,normalized_power,gfs_0p25,2026-02-25T12:00:00Z,wind-power-v1,2026-01-31T18:00:00Z,warning,"[""Uncertainty intervals are not calibrated"", ""Unconfirmed: all source labels use fixed UTC+5 and mark the start of a ten-minute mean; reporting delay is zero and normalization remains unresolved."", ""Source-clock and target normalization semantics remain unconfirmed."", ""Weather availability uses archive-object metadata, not original NOAA publication proof."", ""Forecast target is normalized power; no conversion to MW/MWh is justified.""]"
1.0,e00065e446754271332fbeb8,1,2026-02-25T18:00:00Z,turbine_2,2026-02-26T14:00:00Z,20,0.3115890816562266,normalized_power,gfs_0p25,2026-02-25T12:00:00Z,wind-power-v1,2026-01-31T18:00:00Z,warning,"[""Uncertainty intervals are not calibrated"", ""Unconfirmed: all source labels use fixed UTC+5 and mark the start of a ten-minute mean; reporting delay is zero and normalization remains unresolved."", ""Source-clock and target normalization semantics remain unconfirmed."", ""Weather availability uses archive-object metadata, not original NOAA publication proof."", ""Forecast target is normalized power; no conversion to MW/MWh is justified.""]"
1.0,e00065e446754271332fbeb8,1,2026-02-25T18:00:00Z,turbine_2,2026-02-26T15:00:00Z,21,0.26354752870254744,normalized_power,gfs_0p25,2026-02-25T12:00:00Z,wind-power-v1,2026-01-31T18:00:00Z,warning,"[""Uncertainty intervals are not calibrated"", ""Unconfirmed: all source labels use fixed UTC+5 and mark the start of a ten-minute mean; reporting delay is zero and normalization remains unresolved."", ""Source-clock and target normalization semantics remain unconfirmed."", ""Weather availability uses archive-object metadata, not original NOAA publication proof."", ""Forecast target is normalized power; no conversion to MW/MWh is justified.""]"
1.0,e00065e446754271332fbeb8,1,2026-02-25T18:00:00Z,turbine_2,2026-02-26T16:00:00Z,22,0.6868264276647214,normalized_power,gfs_0p25,2026-02-25T12:00:00Z,wind-power-v1,2026-01-31T18:00:00Z,warning,"[""Uncertainty intervals are not calibrated"", ""Unconfirmed: all source labels use fixed UTC+5 and mark the start of a ten-minute mean; reporting delay is zero and normalization remains unresolved."", ""Source-clock and target normalization semantics remain unconfirmed."", ""Weather availability uses archive-object metadata, not original NOAA publication proof."", ""Forecast target is normalized power; no conversion to MW/MWh is justified.""]"
1.0,e00065e446754271332fbeb8,1,2026-02-25T18:00:00Z,turbine_2,2026-02-26T17:00:00Z,23,0.5491589830608344,normalized_power,gfs_0p25,2026-02-25T12:00:00Z,wind-power-v1,2026-01-31T18:00:00Z,warning,"[""Uncertainty intervals are not calibrated"", ""Unconfirmed: all source labels use fixed UTC+5 and mark the start of a ten-minute mean; reporting delay is zero and normalization remains unresolved."", ""Source-clock and target normalization semantics remain unconfirmed."", ""Weather availability uses archive-object metadata, not original NOAA publication proof."", ""Forecast target is normalized power; no conversion to MW/MWh is justified.""]"
1.0,e00065e446754271332fbeb8,1,2026-02-25T18:00:00Z,turbine_2,2026-02-26T18:00:00Z,24,0.68654499013306,normalized_power,gfs_0p25,2026-02-25T12:00:00Z,wind-power-v1,2026-01-31T18:00:00Z,warning,"[""Uncertainty intervals are not calibrated"", ""Unconfirmed: all source labels use fixed UTC+5 and mark the start of a ten-minute mean; reporting delay is zero and normalization remains unresolved."", ""Source-clock and target normalization semantics remain unconfirmed."", ""Weather availability uses archive-object metadata, not original NOAA publication proof."", ""Forecast target is normalized power; no conversion to MW/MWh is justified.""]"
1.0,e13728d3538b82a523989f63,1,2026-02-26T18:00:00Z,turbine_2,2026-02-26T19:00:00Z,1,0.6055962725667037,normalized_power,gfs_0p25,2026-02-26T12:00:00Z,wind-power-v1,2026-01-31T18:00:00Z,warning,"[""Uncertainty intervals are not calibrated"", ""Unconfirmed: all source labels use fixed UTC+5 and mark the start of a ten-minute mean; reporting delay is zero and normalization remains unresolved."", ""Source-clock and target normalization semantics remain unconfirmed."", ""Weather availability uses archive-object metadata, not original NOAA publication proof."", ""Forecast target is normalized power; no conversion to MW/MWh is justified.""]"
1.0,e13728d3538b82a523989f63,1,2026-02-26T18:00:00Z,turbine_2,2026-02-26T20:00:00Z,2,0.4507818531151341,normalized_power,gfs_0p25,2026-02-26T12:00:00Z,wind-power-v1,2026-01-31T18:00:00Z,warning,"[""Uncertainty intervals are not calibrated"", ""Unconfirmed: all source labels use fixed UTC+5 and mark the start of a ten-minute mean; reporting delay is zero and normalization remains unresolved."", ""Source-clock and target normalization semantics remain unconfirmed."", ""Weather availability uses archive-object metadata, not original NOAA publication proof."", ""Forecast target is normalized power; no conversion to MW/MWh is justified.""]"
1.0,e13728d3538b82a523989f63,1,2026-02-26T18:00:00Z,turbine_2,2026-02-26T21:00:00Z,3,0.33283140379307996,normalized_power,gfs_0p25,2026-02-26T12:00:00Z,wind-power-v1,2026-01-31T18:00:00Z,warning,"[""Uncertainty intervals are not calibrated"", ""Unconfirmed: all source labels use fixed UTC+5 and mark the start of a ten-minute mean; reporting delay is zero and normalization remains unresolved."", ""Source-clock and target normalization semantics remain unconfirmed."", ""Weather availability uses archive-object metadata, not original NOAA publication proof."", ""Forecast target is normalized power; no conversion to MW/MWh is justified.""]"
1.0,e13728d3538b82a523989f63,1,2026-02-26T18:00:00Z,turbine_2,2026-02-26T22:00:00Z,4,0.34547207899693005,normalized_power,gfs_0p25,2026-02-26T12:00:00Z,wind-power-v1,2026-01-31T18:00:00Z,warning,"[""Uncertainty intervals are not calibrated"", ""Unconfirmed: all source labels use fixed UTC+5 and mark the start of a ten-minute mean; reporting delay is zero and normalization remains unresolved."", ""Source-clock and target normalization semantics remain unconfirmed."", ""Weather availability uses archive-object metadata, not original NOAA publication proof."", ""Forecast target is normalized power; no conversion to MW/MWh is justified.""]"
1.0,e13728d3538b82a523989f63,1,2026-02-26T18:00:00Z,turbine_2,2026-02-26T23:00:00Z,5,0.34422024729506506,normalized_power,gfs_0p25,2026-02-26T12:00:00Z,wind-power-v1,2026-01-31T18:00:00Z,warning,"[""Uncertainty intervals are not calibrated"", ""Unconfirmed: all source labels use fixed UTC+5 and mark the start of a ten-minute mean; reporting delay is zero and normalization remains unresolved."", ""Source-clock and target normalization semantics remain unconfirmed."", ""Weather availability uses archive-object metadata, not original NOAA publication proof."", ""Forecast target is normalized power; no conversion to MW/MWh is justified.""]"
1.0,e13728d3538b82a523989f63,1,2026-02-26T18:00:00Z,turbine_2,2026-02-27T00:00:00Z,6,0.2094905880524334,normalized_power,gfs_0p25,2026-02-26T12:00:00Z,wind-power-v1,2026-01-31T18:00:00Z,warning,"[""Uncertainty intervals are not calibrated"", ""Unconfirmed: all source labels use fixed UTC+5 and mark the start of a ten-minute mean; reporting delay is zero and normalization remains unresolved."", ""Source-clock and target normalization semantics remain unconfirmed."", ""Weather availability uses archive-object metadata, not original NOAA publication proof."", ""Forecast target is normalized power; no conversion to MW/MWh is justified.""]"
1.0,e13728d3538b82a523989f63,1,2026-02-26T18:00:00Z,turbine_2,2026-02-27T01:00:00Z,7,0.17687937001961268,normalized_power,gfs_0p25,2026-02-26T12:00:00Z,wind-power-v1,2026-01-31T18:00:00Z,warning,"[""Uncertainty intervals are not calibrated"", ""Unconfirmed: all source labels use fixed UTC+5 and mark the start of a ten-minute mean; reporting delay is zero and normalization remains unresolved."", ""Source-clock and target normalization semantics remain unconfirmed."", ""Weather availability uses archive-object metadata, not original NOAA publication proof."", ""Forecast target is normalized power; no conversion to MW/MWh is justified.""]"
1.0,e13728d3538b82a523989f63,1,2026-02-26T18:00:00Z,turbine_2,2026-02-27T02:00:00Z,8,0.1765478242188506,normalized_power,gfs_0p25,2026-02-26T12:00:00Z,wind-power-v1,2026-01-31T18:00:00Z,warning,"[""Uncertainty intervals are not calibrated"", ""Unconfirmed: all source labels use fixed UTC+5 and mark the start of a ten-minute mean; reporting delay is zero and normalization remains unresolved."", ""Source-clock and target normalization semantics remain unconfirmed."", ""Weather availability uses archive-object metadata, not original NOAA publication proof."", ""Forecast target is normalized power; no conversion to MW/MWh is justified.""]"
1.0,e13728d3538b82a523989f63,1,2026-02-26T18:00:00Z,turbine_2,2026-02-27T03:00:00Z,9,0.130627245778217,normalized_power,gfs_0p25,2026-02-26T12:00:00Z,wind-power-v1,2026-01-31T18:00:00Z,warning,"[""Uncertainty intervals are not calibrated"", ""Unconfirmed: all source labels use fixed UTC+5 and mark the start of a ten-minute mean; reporting delay is zero and normalization remains unresolved."", ""Source-clock and target normalization semantics remain unconfirmed."", ""Weather availability uses archive-object metadata, not original NOAA publication proof."", ""Forecast target is normalized power; no conversion to MW/MWh is justified.""]"
1.0,e13728d3538b82a523989f63,1,2026-02-26T18:00:00Z,turbine_2,2026-02-27T04:00:00Z,10,0.13275213693961496,normalized_power,gfs_0p25,2026-02-26T12:00:00Z,wind-power-v1,2026-01-31T18:00:00Z,warning,"[""Uncertainty intervals are not calibrated"", ""Unconfirmed: all source labels use fixed UTC+5 and mark the start of a ten-minute mean; reporting delay is zero and normalization remains unresolved."", ""Source-clock and target normalization semantics remain unconfirmed."", ""Weather availability uses archive-object metadata, not original NOAA publication proof."", ""Forecast target is normalized power; no conversion to MW/MWh is justified.""]"
1.0,e13728d3538b82a523989f63,1,2026-02-26T18:00:00Z,turbine_2,2026-02-27T05:00:00Z,11,0.2742514167146173,normalized_power,gfs_0p25,2026-02-26T12:00:00Z,wind-power-v1,2026-01-31T18:00:00Z,warning,"[""Uncertainty intervals are not calibrated"", ""Unconfirmed: all source labels use fixed UTC+5 and mark the start of a ten-minute mean; reporting delay is zero and normalization remains unresolved."", ""Source-clock and target normalization semantics remain unconfirmed."", ""Weather availability uses archive-object metadata, not original NOAA publication proof."", ""Forecast target is normalized power; no conversion to MW/MWh is justified.""]"
1.0,e13728d3538b82a523989f63,1,2026-02-26T18:00:00Z,turbine_2,2026-02-27T06:00:00Z,12,0.2929895606604558,normalized_power,gfs_0p25,2026-02-26T12:00:00Z,wind-power-v1,2026-01-31T18:00:00Z,warning,"[""Uncertainty intervals are not calibrated"", ""Unconfirmed: all source labels use fixed UTC+5 and mark the start of a ten-minute mean; reporting delay is zero and normalization remains unresolved."", ""Source-clock and target normalization semantics remain unconfirmed."", ""Weather availability uses archive-object metadata, not original NOAA publication proof."", ""Forecast target is normalized power; no conversion to MW/MWh is justified.""]"
1.0,e13728d3538b82a523989f63,1,2026-02-26T18:00:00Z,turbine_2,2026-02-27T07:00:00Z,13,0.4538031531580102,normalized_power,gfs_0p25,2026-02-26T12:00:00Z,wind-power-v1,2026-01-31T18:00:00Z,warning,"[""Uncertainty intervals are not calibrated"", ""Unconfirmed: all source labels use fixed UTC+5 and mark the start of a ten-minute mean; reporting delay is zero and normalization remains unresolved."", ""Source-clock and target normalization semantics remain unconfirmed."", ""Weather availability uses archive-object metadata, not original NOAA publication proof."", ""Forecast target is normalized power; no conversion to MW/MWh is justified.""]"
1.0,e13728d3538b82a523989f63,1,2026-02-26T18:00:00Z,turbine_2,2026-02-27T08:00:00Z,14,0.45202793850349987,normalized_power,gfs_0p25,2026-02-26T12:00:00Z,wind-power-v1,2026-01-31T18:00:00Z,warning,"[""Uncertainty intervals are not calibrated"", ""Unconfirmed: all source labels use fixed UTC+5 and mark the start of a ten-minute mean; reporting delay is zero and normalization remains unresolved."", ""Source-clock and target normalization semantics remain unconfirmed."", ""Weather availability uses archive-object metadata, not original NOAA publication proof."", ""Forecast target is normalized power; no conversion to MW/MWh is justified.""]"
1.0,e13728d3538b82a523989f63,1,2026-02-26T18:00:00Z,turbine_2,2026-02-27T09:00:00Z,15,0.4422793598329877,normalized_power,gfs_0p25,2026-02-26T12:00:00Z,wind-power-v1,2026-01-31T18:00:00Z,warning,"[""Uncertainty intervals are not calibrated"", ""Unconfirmed: all source labels use fixed UTC+5 and mark the start of a ten-minute mean; reporting delay is zero and normalization remains unresolved."", ""Source-clock and target normalization semantics remain unconfirmed."", ""Weather availability uses archive-object metadata, not original NOAA publication proof."", ""Forecast target is normalized power; no conversion to MW/MWh is justified.""]"
1.0,e13728d3538b82a523989f63,1,2026-02-26T18:00:00Z,turbine_2,2026-02-27T10:00:00Z,16,0.6514667559414482,normalized_power,gfs_0p25,2026-02-26T12:00:00Z,wind-power-v1,2026-01-31T18:00:00Z,warning,"[""Uncertainty intervals are not calibrated"", ""Unconfirmed: all source labels use fixed UTC+5 and mark the start of a ten-minute mean; reporting delay is zero and normalization remains unresolved."", ""Source-clock and target normalization semantics remain unconfirmed."", ""Weather availability uses archive-object metadata, not original NOAA publication proof."", ""Forecast target is normalized power; no conversion to MW/MWh is justified.""]"
1.0,e13728d3538b82a523989f63,1,2026-02-26T18:00:00Z,turbine_2,2026-02-27T11:00:00Z,17,0.6948248493336097,normalized_power,gfs_0p25,2026-02-26T12:00:00Z,wind-power-v1,2026-01-31T18:00:00Z,warning,"[""Uncertainty intervals are not calibrated"", ""Unconfirmed: all source labels use fixed UTC+5 and mark the start of a ten-minute mean; reporting delay is zero and normalization remains unresolved."", ""Source-clock and target normalization semantics remain unconfirmed."", ""Weather availability uses archive-object metadata, not original NOAA publication proof."", ""Forecast target is normalized power; no conversion to MW/MWh is justified.""]"
1.0,e13728d3538b82a523989f63,1,2026-02-26T18:00:00Z,turbine_2,2026-02-27T12:00:00Z,18,0.7616571472329583,normalized_power,gfs_0p25,2026-02-26T12:00:00Z,wind-power-v1,2026-01-31T18:00:00Z,warning,"[""Uncertainty intervals are not calibrated"", ""Unconfirmed: all source labels use fixed UTC+5 and mark the start of a ten-minute mean; reporting delay is zero and normalization remains unresolved."", ""Source-clock and target normalization semantics remain unconfirmed."", ""Weather availability uses archive-object metadata, not original NOAA publication proof."", ""Forecast target is normalized power; no conversion to MW/MWh is justified.""]"
1.0,e13728d3538b82a523989f63,1,2026-02-26T18:00:00Z,turbine_2,2026-02-27T13:00:00Z,19,0.7246439359220395,normalized_power,gfs_0p25,2026-02-26T12:00:00Z,wind-power-v1,2026-01-31T18:00:00Z,warning,"[""Uncertainty intervals are not calibrated"", ""Unconfirmed: all source labels use fixed UTC+5 and mark the start of a ten-minute mean; reporting delay is zero and normalization remains unresolved."", ""Source-clock and target normalization semantics remain unconfirmed."", ""Weather availability uses archive-object metadata, not original NOAA publication proof."", ""Forecast target is normalized power; no conversion to MW/MWh is justified.""]"
1.0,e13728d3538b82a523989f63,1,2026-02-26T18:00:00Z,turbine_2,2026-02-27T14:00:00Z,20,0.7064099955979493,normalized_power,gfs_0p25,2026-02-26T12:00:00Z,wind-power-v1,2026-01-31T18:00:00Z,warning,"[""Uncertainty intervals are not calibrated"", ""Unconfirmed: all source labels use fixed UTC+5 and mark the start of a ten-minute mean; reporting delay is zero and normalization remains unresolved."", ""Source-clock and target normalization semantics remain unconfirmed."", ""Weather availability uses archive-object metadata, not original NOAA publication proof."", ""Forecast target is normalized power; no conversion to MW/MWh is justified.""]"
1.0,e13728d3538b82a523989f63,1,2026-02-26T18:00:00Z,turbine_2,2026-02-27T15:00:00Z,21,0.7601604602994011,normalized_power,gfs_0p25,2026-02-26T12:00:00Z,wind-power-v1,2026-01-31T18:00:00Z,warning,"[""Uncertainty intervals are not calibrated"", ""Unconfirmed: all source labels use fixed UTC+5 and mark the start of a ten-minute mean; reporting delay is zero and normalization remains unresolved."", ""Source-clock and target normalization semantics remain unconfirmed."", ""Weather availability uses archive-object metadata, not original NOAA publication proof."", ""Forecast target is normalized power; no conversion to MW/MWh is justified.""]"
1.0,e13728d3538b82a523989f63,1,2026-02-26T18:00:00Z,turbine_2,2026-02-27T16:00:00Z,22,0.7618090189530297,normalized_power,gfs_0p25,2026-02-26T12:00:00Z,wind-power-v1,2026-01-31T18:00:00Z,warning,"[""Uncertainty intervals are not calibrated"", ""Unconfirmed: all source labels use fixed UTC+5 and mark the start of a ten-minute mean; reporting delay is zero and normalization remains unresolved."", ""Source-clock and target normalization semantics remain unconfirmed."", ""Weather availability uses archive-object metadata, not original NOAA publication proof."", ""Forecast target is normalized power; no conversion to MW/MWh is justified.""]"
1.0,e13728d3538b82a523989f63,1,2026-02-26T18:00:00Z,turbine_2,2026-02-27T17:00:00Z,23,0.8095792115185686,normalized_power,gfs_0p25,2026-02-26T12:00:00Z,wind-power-v1,2026-01-31T18:00:00Z,warning,"[""Uncertainty intervals are not calibrated"", ""Unconfirmed: all source labels use fixed UTC+5 and mark the start of a ten-minute mean; reporting delay is zero and normalization remains unresolved."", ""Source-clock and target normalization semantics remain unconfirmed."", ""Weather availability uses archive-object metadata, not original NOAA publication proof."", ""Forecast target is normalized power; no conversion to MW/MWh is justified.""]"
1.0,e13728d3538b82a523989f63,1,2026-02-26T18:00:00Z,turbine_2,2026-02-27T18:00:00Z,24,0.7565745882876965,normalized_power,gfs_0p25,2026-02-26T12:00:00Z,wind-power-v1,2026-01-31T18:00:00Z,warning,"[""Uncertainty intervals are not calibrated"", ""Unconfirmed: all source labels use fixed UTC+5 and mark the start of a ten-minute mean; reporting delay is zero and normalization remains unresolved."", ""Source-clock and target normalization semantics remain unconfirmed."", ""Weather availability uses archive-object metadata, not original NOAA publication proof."", ""Forecast target is normalized power; no conversion to MW/MWh is justified.""]"
1.0,e5217a5508f5b81c1d54f970,1,2026-02-27T18:00:00Z,turbine_2,2026-02-27T19:00:00Z,1,0.7577245719693971,normalized_power,gfs_0p25,2026-02-27T12:00:00Z,wind-power-v1,2026-01-31T18:00:00Z,warning,"[""Uncertainty intervals are not calibrated"", ""Unconfirmed: all source labels use fixed UTC+5 and mark the start of a ten-minute mean; reporting delay is zero and normalization remains unresolved."", ""Source-clock and target normalization semantics remain unconfirmed."", ""Weather availability uses archive-object metadata, not original NOAA publication proof."", ""Forecast target is normalized power; no conversion to MW/MWh is justified.""]"
1.0,e5217a5508f5b81c1d54f970,1,2026-02-27T18:00:00Z,turbine_2,2026-02-27T20:00:00Z,2,0.7734833128142165,normalized_power,gfs_0p25,2026-02-27T12:00:00Z,wind-power-v1,2026-01-31T18:00:00Z,warning,"[""Uncertainty intervals are not calibrated"", ""Unconfirmed: all source labels use fixed UTC+5 and mark the start of a ten-minute mean; reporting delay is zero and normalization remains unresolved."", ""Source-clock and target normalization semantics remain unconfirmed."", ""Weather availability uses archive-object metadata, not original NOAA publication proof."", ""Forecast target is normalized power; no conversion to MW/MWh is justified.""]"
1.0,e5217a5508f5b81c1d54f970,1,2026-02-27T18:00:00Z,turbine_2,2026-02-27T21:00:00Z,3,0.7685377646260503,normalized_power,gfs_0p25,2026-02-27T12:00:00Z,wind-power-v1,2026-01-31T18:00:00Z,warning,"[""Uncertainty intervals are not calibrated"", ""Unconfirmed: all source labels use fixed UTC+5 and mark the start of a ten-minute mean; reporting delay is zero and normalization remains unresolved."", ""Source-clock and target normalization semantics remain unconfirmed."", ""Weather availability uses archive-object metadata, not original NOAA publication proof."", ""Forecast target is normalized power; no conversion to MW/MWh is justified.""]"
1.0,e5217a5508f5b81c1d54f970,1,2026-02-27T18:00:00Z,turbine_2,2026-02-27T22:00:00Z,4,0.5781310656699257,normalized_power,gfs_0p25,2026-02-27T12:00:00Z,wind-power-v1,2026-01-31T18:00:00Z,warning,"[""Uncertainty intervals are not calibrated"", ""Unconfirmed: all source labels use fixed UTC+5 and mark the start of a ten-minute mean; reporting delay is zero and normalization remains unresolved."", ""Source-clock and target normalization semantics remain unconfirmed."", ""Weather availability uses archive-object metadata, not original NOAA publication proof."", ""Forecast target is normalized power; no conversion to MW/MWh is justified.""]"
1.0,e5217a5508f5b81c1d54f970,1,2026-02-27T18:00:00Z,turbine_2,2026-02-27T23:00:00Z,5,0.2679495249715644,normalized_power,gfs_0p25,2026-02-27T12:00:00Z,wind-power-v1,2026-01-31T18:00:00Z,warning,"[""Uncertainty intervals are not calibrated"", ""Unconfirmed: all source labels use fixed UTC+5 and mark the start of a ten-minute mean; reporting delay is zero and normalization remains unresolved."", ""Source-clock and target normalization semantics remain unconfirmed."", ""Weather availability uses archive-object metadata, not original NOAA publication proof."", ""Forecast target is normalized power; no conversion to MW/MWh is justified.""]"
1.0,e5217a5508f5b81c1d54f970,1,2026-02-27T18:00:00Z,turbine_2,2026-02-28T00:00:00Z,6,0.5674801462492287,normalized_power,gfs_0p25,2026-02-27T12:00:00Z,wind-power-v1,2026-01-31T18:00:00Z,warning,"[""Uncertainty intervals are not calibrated"", ""Unconfirmed: all source labels use fixed UTC+5 and mark the start of a ten-minute mean; reporting delay is zero and normalization remains unresolved."", ""Source-clock and target normalization semantics remain unconfirmed."", ""Weather availability uses archive-object metadata, not original NOAA publication proof."", ""Forecast target is normalized power; no conversion to MW/MWh is justified.""]"
1.0,e5217a5508f5b81c1d54f970,1,2026-02-27T18:00:00Z,turbine_2,2026-02-28T01:00:00Z,7,0.6403444398208026,normalized_power,gfs_0p25,2026-02-27T12:00:00Z,wind-power-v1,2026-01-31T18:00:00Z,warning,"[""Uncertainty intervals are not calibrated"", ""Unconfirmed: all source labels use fixed UTC+5 and mark the start of a ten-minute mean; reporting delay is zero and normalization remains unresolved."", ""Source-clock and target normalization semantics remain unconfirmed."", ""Weather availability uses archive-object metadata, not original NOAA publication proof."", ""Forecast target is normalized power; no conversion to MW/MWh is justified.""]"
1.0,e5217a5508f5b81c1d54f970,1,2026-02-27T18:00:00Z,turbine_2,2026-02-28T02:00:00Z,8,0.5624012636362067,normalized_power,gfs_0p25,2026-02-27T12:00:00Z,wind-power-v1,2026-01-31T18:00:00Z,warning,"[""Uncertainty intervals are not calibrated"", ""Unconfirmed: all source labels use fixed UTC+5 and mark the start of a ten-minute mean; reporting delay is zero and normalization remains unresolved."", ""Source-clock and target normalization semantics remain unconfirmed."", ""Weather availability uses archive-object metadata, not original NOAA publication proof."", ""Forecast target is normalized power; no conversion to MW/MWh is justified.""]"
1.0,e5217a5508f5b81c1d54f970,1,2026-02-27T18:00:00Z,turbine_2,2026-02-28T03:00:00Z,9,0.562467187324387,normalized_power,gfs_0p25,2026-02-27T12:00:00Z,wind-power-v1,2026-01-31T18:00:00Z,warning,"[""Uncertainty intervals are not calibrated"", ""Unconfirmed: all source labels use fixed UTC+5 and mark the start of a ten-minute mean; reporting delay is zero and normalization remains unresolved."", ""Source-clock and target normalization semantics remain unconfirmed."", ""Weather availability uses archive-object metadata, not original NOAA publication proof."", ""Forecast target is normalized power; no conversion to MW/MWh is justified.""]"
1.0,e5217a5508f5b81c1d54f970,1,2026-02-27T18:00:00Z,turbine_2,2026-02-28T04:00:00Z,10,0.5238709774314295,normalized_power,gfs_0p25,2026-02-27T12:00:00Z,wind-power-v1,2026-01-31T18:00:00Z,warning,"[""Uncertainty intervals are not calibrated"", ""Unconfirmed: all source labels use fixed UTC+5 and mark the start of a ten-minute mean; reporting delay is zero and normalization remains unresolved."", ""Source-clock and target normalization semantics remain unconfirmed."", ""Weather availability uses archive-object metadata, not original NOAA publication proof."", ""Forecast target is normalized power; no conversion to MW/MWh is justified.""]"
1.0,e5217a5508f5b81c1d54f970,1,2026-02-27T18:00:00Z,turbine_2,2026-02-28T05:00:00Z,11,0.6403444398208026,normalized_power,gfs_0p25,2026-02-27T12:00:00Z,wind-power-v1,2026-01-31T18:00:00Z,warning,"[""Uncertainty intervals are not calibrated"", ""Unconfirmed: all source labels use fixed UTC+5 and mark the start of a ten-minute mean; reporting delay is zero and normalization remains unresolved."", ""Source-clock and target normalization semantics remain unconfirmed."", ""Weather availability uses archive-object metadata, not original NOAA publication proof."", ""Forecast target is normalized power; no conversion to MW/MWh is justified.""]"
1.0,e5217a5508f5b81c1d54f970,1,2026-02-27T18:00:00Z,turbine_2,2026-02-28T06:00:00Z,12,0.7566674590595046,normalized_power,gfs_0p25,2026-02-27T12:00:00Z,wind-power-v1,2026-01-31T18:00:00Z,warning,"[""Uncertainty intervals are not calibrated"", ""Unconfirmed: all source labels use fixed UTC+5 and mark the start of a ten-minute mean; reporting delay is zero and normalization remains unresolved."", ""Source-clock and target normalization semantics remain unconfirmed."", ""Weather availability uses archive-object metadata, not original NOAA publication proof."", ""Forecast target is normalized power; no conversion to MW/MWh is justified.""]"
1.0,e5217a5508f5b81c1d54f970,1,2026-02-27T18:00:00Z,turbine_2,2026-02-28T07:00:00Z,13,0.8330819323770453,normalized_power,gfs_0p25,2026-02-27T12:00:00Z,wind-power-v1,2026-01-31T18:00:00Z,warning,"[""Uncertainty intervals are not calibrated"", ""Unconfirmed: all source labels use fixed UTC+5 and mark the start of a ten-minute mean; reporting delay is zero and normalization remains unresolved."", ""Source-clock and target normalization semantics remain unconfirmed."", ""Weather availability uses archive-object metadata, not original NOAA publication proof."", ""Forecast target is normalized power; no conversion to MW/MWh is justified.""]"
1.0,e5217a5508f5b81c1d54f970,1,2026-02-27T18:00:00Z,turbine_2,2026-02-28T08:00:00Z,14,0.804866688337929,normalized_power,gfs_0p25,2026-02-27T12:00:00Z,wind-power-v1,2026-01-31T18:00:00Z,warning,"[""Uncertainty intervals are not calibrated"", ""Unconfirmed: all source labels use fixed UTC+5 and mark the start of a ten-minute mean; reporting delay is zero and normalization remains unresolved."", ""Source-clock and target normalization semantics remain unconfirmed."", ""Weather availability uses archive-object metadata, not original NOAA publication proof."", ""Forecast target is normalized power; no conversion to MW/MWh is justified.""]"
1.0,e5217a5508f5b81c1d54f970,1,2026-02-27T18:00:00Z,turbine_2,2026-02-28T09:00:00Z,15,0.78768419881114,normalized_power,gfs_0p25,2026-02-27T12:00:00Z,wind-power-v1,2026-01-31T18:00:00Z,warning,"[""Uncertainty intervals are not calibrated"", ""Unconfirmed: all source labels use fixed UTC+5 and mark the start of a ten-minute mean; reporting delay is zero and normalization remains unresolved."", ""Source-clock and target normalization semantics remain unconfirmed."", ""Weather availability uses archive-object metadata, not original NOAA publication proof."", ""Forecast target is normalized power; no conversion to MW/MWh is justified.""]"
1.0,e5217a5508f5b81c1d54f970,1,2026-02-27T18:00:00Z,turbine_2,2026-02-28T10:00:00Z,16,0.8251510589982745,normalized_power,gfs_0p25,2026-02-27T12:00:00Z,wind-power-v1,2026-01-31T18:00:00Z,warning,"[""Uncertainty intervals are not calibrated"", ""Unconfirmed: all source labels use fixed UTC+5 and mark the start of a ten-minute mean; reporting delay is zero and normalization remains unresolved."", ""Source-clock and target normalization semantics remain unconfirmed."", ""Weather availability uses archive-object metadata, not original NOAA publication proof."", ""Forecast target is normalized power; no conversion to MW/MWh is justified.""]"
1.0,e5217a5508f5b81c1d54f970,1,2026-02-27T18:00:00Z,turbine_2,2026-02-28T11:00:00Z,17,0.7989739312508868,normalized_power,gfs_0p25,2026-02-27T12:00:00Z,wind-power-v1,2026-01-31T18:00:00Z,warning,"[""Uncertainty intervals are not calibrated"", ""Unconfirmed: all source labels use fixed UTC+5 and mark the start of a ten-minute mean; reporting delay is zero and normalization remains unresolved."", ""Source-clock and target normalization semantics remain unconfirmed."", ""Weather availability uses archive-object metadata, not original NOAA publication proof."", ""Forecast target is normalized power; no conversion to MW/MWh is justified.""]"
1.0,e5217a5508f5b81c1d54f970,1,2026-02-27T18:00:00Z,turbine_2,2026-02-28T12:00:00Z,18,0.6773375274490034,normalized_power,gfs_0p25,2026-02-27T12:00:00Z,wind-power-v1,2026-01-31T18:00:00Z,warning,"[""Uncertainty intervals are not calibrated"", ""Unconfirmed: all source labels use fixed UTC+5 and mark the start of a ten-minute mean; reporting delay is zero and normalization remains unresolved."", ""Source-clock and target normalization semantics remain unconfirmed."", ""Weather availability uses archive-object metadata, not original NOAA publication proof."", ""Forecast target is normalized power; no conversion to MW/MWh is justified.""]"
1.0,e5217a5508f5b81c1d54f970,1,2026-02-27T18:00:00Z,turbine_2,2026-02-28T13:00:00Z,19,0.15313160072249055,normalized_power,gfs_0p25,2026-02-27T12:00:00Z,wind-power-v1,2026-01-31T18:00:00Z,warning,"[""Uncertainty intervals are not calibrated"", ""Unconfirmed: all source labels use fixed UTC+5 and mark the start of a ten-minute mean; reporting delay is zero and normalization remains unresolved."", ""Source-clock and target normalization semantics remain unconfirmed."", ""Weather availability uses archive-object metadata, not original NOAA publication proof."", ""Forecast target is normalized power; no conversion to MW/MWh is justified.""]"
1.0,e5217a5508f5b81c1d54f970,1,2026-02-27T18:00:00Z,turbine_2,2026-02-28T14:00:00Z,20,0.1396963469826394,normalized_power,gfs_0p25,2026-02-27T12:00:00Z,wind-power-v1,2026-01-31T18:00:00Z,warning,"[""Uncertainty intervals are not calibrated"", ""Unconfirmed: all source labels use fixed UTC+5 and mark the start of a ten-minute mean; reporting delay is zero and normalization remains unresolved."", ""Source-clock and target normalization semantics remain unconfirmed."", ""Weather availability uses archive-object metadata, not original NOAA publication proof."", ""Forecast target is normalized power; no conversion to MW/MWh is justified.""]"
1.0,e5217a5508f5b81c1d54f970,1,2026-02-27T18:00:00Z,turbine_2,2026-02-28T15:00:00Z,21,0.22838022181204826,normalized_power,gfs_0p25,2026-02-27T12:00:00Z,wind-power-v1,2026-01-31T18:00:00Z,warning,"[""Uncertainty intervals are not calibrated"", ""Unconfirmed: all source labels use fixed UTC+5 and mark the start of a ten-minute mean; reporting delay is zero and normalization remains unresolved."", ""Source-clock and target normalization semantics remain unconfirmed."", ""Weather availability uses archive-object metadata, not original NOAA publication proof."", ""Forecast target is normalized power; no conversion to MW/MWh is justified.""]"
1.0,e5217a5508f5b81c1d54f970,1,2026-02-27T18:00:00Z,turbine_2,2026-02-28T16:00:00Z,22,0.278242952796428,normalized_power,gfs_0p25,2026-02-27T12:00:00Z,wind-power-v1,2026-01-31T18:00:00Z,warning,"[""Uncertainty intervals are not calibrated"", ""Unconfirmed: all source labels use fixed UTC+5 and mark the start of a ten-minute mean; reporting delay is zero and normalization remains unresolved."", ""Source-clock and target normalization semantics remain unconfirmed."", ""Weather availability uses archive-object metadata, not original NOAA publication proof."", ""Forecast target is normalized power; no conversion to MW/MWh is justified.""]"
1.0,e5217a5508f5b81c1d54f970,1,2026-02-27T18:00:00Z,turbine_2,2026-02-28T17:00:00Z,23,0.2701420329046186,normalized_power,gfs_0p25,2026-02-27T12:00:00Z,wind-power-v1,2026-01-31T18:00:00Z,warning,"[""Uncertainty intervals are not calibrated"", ""Unconfirmed: all source labels use fixed UTC+5 and mark the start of a ten-minute mean; reporting delay is zero and normalization remains unresolved."", ""Source-clock and target normalization semantics remain unconfirmed."", ""Weather availability uses archive-object metadata, not original NOAA publication proof."", ""Forecast target is normalized power; no conversion to MW/MWh is justified.""]"
1.0,e5217a5508f5b81c1d54f970,1,2026-02-27T18:00:00Z,turbine_2,2026-02-28T18:00:00Z,24,0.4103649009875026,normalized_power,gfs_0p25,2026-02-27T12:00:00Z,wind-power-v1,2026-01-31T18:00:00Z,warning,"[""Uncertainty intervals are not calibrated"", ""Unconfirmed: all source labels use fixed UTC+5 and mark the start of a ten-minute mean; reporting delay is zero and normalization remains unresolved."", ""Source-clock and target normalization semantics remain unconfirmed."", ""Weather availability uses archive-object metadata, not original NOAA publication proof."", ""Forecast target is normalized power; no conversion to MW/MWh is justified.""]"
1.0,b75b00eb815ceb8886dbb2af,1,2026-02-28T18:00:00Z,turbine_2,2026-02-28T19:00:00Z,1,0.07256148505261871,normalized_power,gfs_0p25,2026-02-28T12:00:00Z,wind-power-v1,2026-01-31T18:00:00Z,warning,"[""Uncertainty intervals are not calibrated"", ""Unconfirmed: all source labels use fixed UTC+5 and mark the start of a ten-minute mean; reporting delay is zero and normalization remains unresolved."", ""Source-clock and target normalization semantics remain unconfirmed."", ""Weather availability uses archive-object metadata, not original NOAA publication proof."", ""Forecast target is normalized power; no conversion to MW/MWh is justified.""]"
